database_id,display_name,identity_name,name_source,employment_status,internal_player_key,owner_club_save_index,owner_club_database_id,owner_club,active_club_save_index,active_club_database_id,active_club,is_on_loan,weekly_wage_internal,contract_start_year,contract_end_date,contract_end_date_status,contract_end_day_raw,contract_end_year_raw,loan_weekly_wage_internal,loan_end_date,record_subtype,contract_count,data_quality_flags,score,confidence
12774,"Vasilis Tsiartas","Vasilis Tsiartas",KNOWN_DISPLAY_NAME,FreeAgent,,,,"",,,"",False,,,,NotApplicable,,,,,,0,"FREE_AGENT|IDENTITY_NOT_RESOLVED",70,MEDIUM
500471,"","Antônio da Silva",IDENTITY_FRAGMENT,Contracted,4571,184,918,"1.FSV Mainz 05",184,918,"1.FSV Mainz 05",False,7500,2003,2005-06-30,Defined,180,2005,,,2,1,"DISPLAY_NAME_UNRESOLVED",89,MEDIUM
311343,"","Volmir Francisco",IDENTITY_FRAGMENT,Contracted,2353,848,301304,"A Chapecoense F",848,301304,"A Chapecoense F",False,250,2001,2008-01-31,Defined,30,2008,,,1,1,"DISPLAY_NAME_UNRESOLVED",89,MEDIUM
8833423,"","Alencar",IDENTITY_FRAGMENT,OnLoan,7307,1049,310898,"Uberaba SC",62,333,"A Portuguesa D",True,229,2003,2006-01-31,Defined,30,2006,229,2004-12-31,2,2,"DISPLAY_NAME_UNRESOLVED",97,HIGH
310949,"","Amersur Araújo",IDENTITY_FRAGMENT,Contracted,2172,62,333,"A Portuguesa D",62,333,"A Portuguesa D",False,75,2001,2006-01-31,Defined,30,2006,,,2,1,"DISPLAY_NAME_UNRESOLVED",89,MEDIUM
6900141,"","Calmon Felix",IDENTITY_FRAGMENT,Contracted,6495,62,333,"A Portuguesa D",62,333,"A Portuguesa D",False,268,2001,2006-01-31,Defined,30,2006,,,2,1,"DISPLAY_NAME_UNRESOLVED",89,MEDIUM
6900668,"","Carlinhos Neves",IDENTITY_FRAGMENT,Contracted,6576,62,333,"A Portuguesa D",62,333,"A Portuguesa D",False,187,2001,2007-01-31,Defined,30,2007,,,1,1,"DISPLAY_NAME_UNRESOLVED",89,MEDIUM
8832899,"Celso Luís","Celso Luís",KNOWN_DISPLAY_NAME,FormationContract,7237,62,333,"A Portuguesa D",62,333,"A Portuguesa D",False,30,2004,,NotDefined,1,1900,,,2,1,"SENTINEL_END_DATE",89,MEDIUM
3301255,"","Chrysostomo Fonseca",IDENTITY_FRAGMENT,Contracted,5693,62,333,"A Portuguesa D",62,333,"A Portuguesa D",False,434,2001,2006-01-31,Defined,30,2006,,,1,1,"DISPLAY_NAME_UNRESOLVED",89,MEDIUM
303355,"","Costa Lopes",IDENTITY_FRAGMENT,Contracted,923,62,333,"A Portuguesa D",62,333,"A Portuguesa D",False,212,2001,2006-01-31,Defined,30,2006,,,1,1,"DISPLAY_NAME_UNRESOLVED",89,MEDIUM
308404,"","Daniel Luiz",IDENTITY_FRAGMENT,Contracted,1928,62,333,"A Portuguesa D",62,333,"A Portuguesa D",False,75,2003,2006-01-31,Defined,30,2006,,,2,1,"DISPLAY_NAME_UNRESOLVED",89,MEDIUM
316632,"","de Lucena",IDENTITY_FRAGMENT,Contracted,3400,62,333,"A Portuguesa D",62,333,"A Portuguesa D",False,284,2002,2005-07-15,Defined,195,2005,,,2,1,"DISPLAY_NAME_UNRESOLVED",89,MEDIUM
316675,"","Dias Pereira",IDENTITY_FRAGMENT,Contracted,3421,62,333,"A Portuguesa D",62,333,"A Portuguesa D",False,75,2001,2006-01-31,Defined,30,2006,,,2,1,"DISPLAY_NAME_UNRESOLVED",89,MEDIUM
320567,"","Ferreira Pedro",IDENTITY_FRAGMENT,OnLoan,4330,48,319,"SC Corinthians Paulista",62,333,"A Portuguesa D",True,31,2001,2004-12-31,Defined,365,2004,31,2004-12-31,2,2,"DISPLAY_NAME_UNRESOLVED",97,HIGH
8833424,"","Ferreira Xavier",IDENTITY_FRAGMENT,Contracted,7308,62,333,"A Portuguesa D",62,333,"A Portuguesa D",False,206,2004,2006-01-31,Defined,30,2006,,,2,1,"DISPLAY_NAME_UNRESOLVED",89,MEDIUM
310948,"","Florisvaldo",IDENTITY_FRAGMENT,Contracted,2171,62,333,"A Portuguesa D",62,333,"A Portuguesa D",False,203,2001,2006-01-31,Defined,30,2006,,,2,1,"DISPLAY_NAME_UNRESOLVED",89,MEDIUM
316661,"","Fontone",IDENTITY_FRAGMENT,Contracted,3410,62,333,"A Portuguesa D",62,333,"A Portuguesa D",False,163,2002,2005-07-11,Defined,191,2005,,,2,1,"DISPLAY_NAME_UNRESOLVED",89,MEDIUM
310958,"","Gama Rodrigues",IDENTITY_FRAGMENT,Contracted,2176,62,333,"A Portuguesa D",62,333,"A Portuguesa D",False,250,2001,2006-01-31,Defined,30,2006,,,2,1,"DISPLAY_NAME_UNRESOLVED",89,MEDIUM
316669,"","Gilberto",IDENTITY_FRAGMENT,Contracted,3415,62,333,"A Portuguesa D",62,333,"A Portuguesa D",False,75,2001,2005-01-31,Defined,30,2005,,,2,1,"DISPLAY_NAME_UNRESOLVED",89,MEDIUM
3300956,"","Gléguer",IDENTITY_FRAGMENT,Contracted,5546,62,333,"A Portuguesa D",62,333,"A Portuguesa D",False,1350,2003,2004-12-31,Defined,365,2004,,,2,1,"DISPLAY_NAME_UNRESOLVED",89,MEDIUM
8825571,"","Itaparica",IDENTITY_FRAGMENT,OnLoan,6773,50,321,"Cruzeiro EC",62,333,"A Portuguesa D",True,92,2001,2006-01-31,Defined,30,2006,92,2004-12-31,1,2,"DISPLAY_NAME_UNRESOLVED",97,HIGH
316729,"","Ivandro Aparecido",IDENTITY_FRAGMENT,Contracted,3471,62,333,"A Portuguesa D",62,333,"A Portuguesa D",False,231,2001,2006-01-31,Defined,30,2006,,,1,1,"DISPLAY_NAME_UNRESOLVED",89,MEDIUM
316671,"","Jackson José",IDENTITY_FRAGMENT,Contracted,3417,62,333,"A Portuguesa D",62,333,"A Portuguesa D",False,75,2001,2005-01-31,Defined,30,2005,,,2,1,"DISPLAY_NAME_UNRESOLVED",89,MEDIUM
316672,"","Jorge Antônio",IDENTITY_FRAGMENT,Contracted,3418,62,333,"A Portuguesa D",62,333,"A Portuguesa D",False,75,2001,2006-01-31,Defined,30,2006,,,2,1,"DISPLAY_NAME_UNRESOLVED",89,MEDIUM
316673,"","Kesley",IDENTITY_FRAGMENT,Contracted,3419,62,333,"A Portuguesa D",62,333,"A Portuguesa D",False,332,2001,2006-01-31,Defined,30,2006,,,2,1,"DISPLAY_NAME_UNRESOLVED",89,MEDIUM
304847,"","Kleyr",IDENTITY_FRAGMENT,Contracted,1271,62,333,"A Portuguesa D",62,333,"A Portuguesa D",False,345,2001,2006-01-31,Defined,30,2006,,,2,1,"DISPLAY_NAME_UNRESOLVED",89,MEDIUM
319648,"","Lucas Souza",IDENTITY_FRAGMENT,OnLoan,4108,574,107218,"Juventus (SP)",62,333,"A Portuguesa D",True,237,2001,2006-01-31,Defined,30,2006,237,2004-12-31,2,2,"DISPLAY_NAME_UNRESOLVED",97,HIGH
316134,"","Luciano Santos",IDENTITY_FRAGMENT,Contracted,3117,62,333,"A Portuguesa D",62,333,"A Portuguesa D",False,646,2004,2004-12-31,Defined,365,2004,,,2,1,"DISPLAY_NAME_UNRESOLVED",89,MEDIUM
316674,"","Luís César",IDENTITY_FRAGMENT,Contracted,3420,62,333,"A Portuguesa D",62,333,"A Portuguesa D",False,219,2001,2006-01-31,Defined,30,2006,,,2,1,"DISPLAY_NAME_UNRESOLVED",89,MEDIUM
304448,"","Luiz Carlos Ferreira",IDENTITY_FRAGMENT,Contracted,1144,62,333,"A Portuguesa D",62,333,"A Portuguesa D",False,737,2001,2008-01-31,Defined,30,2008,,,1,1,"DISPLAY_NAME_UNRESOLVED",89,MEDIUM
316666,"","Mirando",IDENTITY_FRAGMENT,Contracted,3413,62,333,"A Portuguesa D",62,333,"A Portuguesa D",False,156,2001,2007-01-31,Defined,30,2007,,,2,1,"DISPLAY_NAME_UNRESOLVED",89,MEDIUM
320155,"","Monteiro Bolognez",IDENTITY_FRAGMENT,Contracted,4230,62,333,"A Portuguesa D",62,333,"A Portuguesa D",False,75,2002,2005-09-01,Defined,243,2005,,,2,1,"DISPLAY_NAME_UNRESOLVED",89,MEDIUM
302209,"","Oleúde José",IDENTITY_FRAGMENT,Contracted,784,62,333,"A Portuguesa D",62,333,"A Portuguesa D",False,596,2004,2004-12-31,Defined,365,2004,,,2,1,"DISPLAY_NAME_UNRESOLVED",89,MEDIUM
6900139,"","Paulo Fabrício",IDENTITY_FRAGMENT,Contracted,6494,62,333,"A Portuguesa D",62,333,"A Portuguesa D",False,1342,2001,2006-01-31,Defined,30,2006,,,2,1,"DISPLAY_NAME_UNRESOLVED",89,MEDIUM
316677,"","Piter",IDENTITY_FRAGMENT,Contracted,3422,62,333,"A Portuguesa D",62,333,"A Portuguesa D",False,75,2001,2005-01-31,Defined,30,2005,,,2,1,"DISPLAY_NAME_UNRESOLVED",89,MEDIUM
316662,"","Rafael Fernando",IDENTITY_FRAGMENT,Contracted,3411,62,333,"A Portuguesa D",62,333,"A Portuguesa D",False,75,2001,2006-01-31,Defined,30,2006,,,2,1,"DISPLAY_NAME_UNRESOLVED",89,MEDIUM
301652,"","Reginaldo Rivelino",IDENTITY_FRAGMENT,Contracted,721,62,333,"A Portuguesa D",62,333,"A Portuguesa D",False,731,2004,2006-01-31,Defined,30,2006,,,2,1,"DISPLAY_NAME_UNRESOLVED",89,MEDIUM
308976,"","Róbson Paulo",IDENTITY_FRAGMENT,Contracted,1974,62,333,"A Portuguesa D",62,333,"A Portuguesa D",False,509,2001,2006-01-31,Defined,30,2006,,,2,1,"DISPLAY_NAME_UNRESOLVED",89,MEDIUM
316633,"","Rodrigo Costa",IDENTITY_FRAGMENT,Contracted,3401,62,333,"A Portuguesa D",62,333,"A Portuguesa D",False,261,2001,2006-01-31,Defined,30,2006,,,2,1,"DISPLAY_NAME_UNRESOLVED",89,MEDIUM
316631,"","Rosa Vieira",IDENTITY_FRAGMENT,Contracted,3399,62,333,"A Portuguesa D",62,333,"A Portuguesa D",False,167,2001,2006-01-31,Defined,30,2006,,,2,1,"DISPLAY_NAME_UNRESOLVED",89,MEDIUM
303188,"","Santana de Oliveira",IDENTITY_FRAGMENT,Contracted,894,62,333,"A Portuguesa D",62,333,"A Portuguesa D",False,763,2004,2004-12-31,Defined,365,2004,,,2,1,"DISPLAY_NAME_UNRESOLVED",89,MEDIUM
310947,"","Soares Rosa",IDENTITY_FRAGMENT,Contracted,2170,62,333,"A Portuguesa D",62,333,"A Portuguesa D",False,256,2003,2005-02-02,Defined,32,2005,,,2,1,"DISPLAY_NAME_UNRESOLVED",89,MEDIUM
304560,"","Tarciso Rogério",IDENTITY_FRAGMENT,Contracted,1199,62,333,"A Portuguesa D",62,333,"A Portuguesa D",False,264,2004,2005-12-31,Defined,364,2005,,,2,1,"DISPLAY_NAME_UNRESOLVED",89,MEDIUM
2001635,"","Valtemir",IDENTITY_FRAGMENT,Contracted,5013,62,333,"A Portuguesa D",62,333,"A Portuguesa D",False,330,2001,2006-01-31,Defined,30,2006,,,2,1,"DISPLAY_NAME_UNRESOLVED",89,MEDIUM
306958,"","Antunes Freitas",IDENTITY_FRAGMENT,Contracted,1744,804,301222,"A Portuguesa Londrinense",804,301222,"A Portuguesa Londrinense",False,250,2001,2009-01-31,Defined,30,2009,,,1,1,"DISPLAY_NAME_UNRESOLVED",96,HIGH
8829991,"","Koslowski",IDENTITY_FRAGMENT,Contracted,6967,804,301222,"A Portuguesa Londrinense",804,301222,"A Portuguesa Londrinense",False,188,2001,2006-01-31,Defined,30,2006,,,2,1,"DISPLAY_NAME_UNRESOLVED",89,MEDIUM
306401,"","Adinamar",IDENTITY_FRAGMENT,Contracted,1585,745,301110,"A Rio Negro C (AM)",745,301110,"A Rio Negro C (AM)",False,363,2001,2008-01-31,Defined,30,2008,,,1,1,"DISPLAY_NAME_UNRESOLVED",89,MEDIUM
306409,"","Augusto Célio",IDENTITY_FRAGMENT,Contracted,1589,745,301110,"A Rio Negro C (AM)",745,301110,"A Rio Negro C (AM)",False,75,2001,2006-01-31,Defined,30,2006,,,2,1,"DISPLAY_NAME_UNRESOLVED",89,MEDIUM
306408,"","Dias Martins",IDENTITY_FRAGMENT,Contracted,1588,745,301110,"A Rio Negro C (AM)",745,301110,"A Rio Negro C (AM)",False,75,2001,2006-01-31,Defined,30,2006,,,2,1,"DISPLAY_NAME_UNRESOLVED",89,MEDIUM
306404,"","Gean",IDENTITY_FRAGMENT,Contracted,1587,745,301110,"A Rio Negro C (AM)",745,301110,"A Rio Negro C (AM)",False,75,2001,2005-01-31,Defined,30,2005,,,2,1,"DISPLAY_NAME_UNRESOLVED",89,MEDIUM
306411,"","Guedes Almeida",IDENTITY_FRAGMENT,Contracted,1591,745,301110,"A Rio Negro C (AM)",745,301110,"A Rio Negro C (AM)",False,75,2001,2006-01-31,Defined,30,2006,,,1,1,"DISPLAY_NAME_UNRESOLVED",89,MEDIUM
306402,"","Odivaldo",IDENTITY_FRAGMENT,Contracted,1586,745,301110,"A Rio Negro C (AM)",745,301110,"A Rio Negro C (AM)",False,100,2001,2007-01-31,Defined,30,2007,,,2,1,"DISPLAY_NAME_UNRESOLVED",89,MEDIUM
306665,"","Bonet",IDENTITY_FRAGMENT,Contracted,1664,845,301299,"A Rio Negro C (RR)",845,301299,"A Rio Negro C (RR)",False,250,2001,2007-01-31,Defined,30,2007,,,2,1,"DISPLAY_NAME_UNRESOLVED",89,MEDIUM
318249,"","Azevedo Cruz",IDENTITY_FRAGMENT,Contracted,3891,953,309145,"A Roraima C",953,309145,"A Roraima C",False,75,2001,2005-01-31,Defined,30,2005,,,2,1,"DISPLAY_NAME_UNRESOLVED",89,MEDIUM
318258,"","Bonates",IDENTITY_FRAGMENT,Contracted,3896,953,309145,"A Roraima C",953,309145,"A Roraima C",False,250,2001,2009-01-31,Defined,30,2009,,,2,1,"DISPLAY_NAME_UNRESOLVED",89,MEDIUM
318254,"","Carlos Pereira",IDENTITY_FRAGMENT,Contracted,3894,953,309145,"A Roraima C",953,309145,"A Roraima C",False,338,2001,2006-01-31,Defined,30,2006,,,2,1,"DISPLAY_NAME_UNRESOLVED",89,MEDIUM
320949,"","de Jesús Mateus",IDENTITY_FRAGMENT,Contracted,4389,953,309145,"A Roraima C",953,309145,"A Roraima C",False,91,2001,2006-01-31,Defined,30,2006,,,2,1,"DISPLAY_NAME_UNRESOLVED",89,MEDIUM
320950,"","Maicon João",IDENTITY_FRAGMENT,Contracted,4390,953,309145,"A Roraima C",953,309145,"A Roraima C",False,75,2001,2006-01-31,Defined,30,2006,,,1,1,"DISPLAY_NAME_UNRESOLVED",89,MEDIUM
320948,"","Pereira Moura",IDENTITY_FRAGMENT,Contracted,4388,953,309145,"A Roraima C",953,309145,"A Roraima C",False,75,2001,2006-01-31,Defined,30,2006,,,2,1,"DISPLAY_NAME_UNRESOLVED",89,MEDIUM
318257,"","Quadros de Lima",IDENTITY_FRAGMENT,Contracted,3895,953,309145,"A Roraima C",953,309145,"A Roraima C",False,201,2001,2006-01-31,Defined,30,2006,,,1,1,"DISPLAY_NAME_UNRESOLVED",89,MEDIUM
318252,"","Salvato Júnior",IDENTITY_FRAGMENT,Contracted,3892,953,309145,"A Roraima C",953,309145,"A Roraima C",False,75,2001,2006-01-31,Defined,30,2006,,,2,1,"DISPLAY_NAME_UNRESOLVED",89,MEDIUM
318253,"","Vittor",IDENTITY_FRAGMENT,Contracted,3893,953,309145,"A Roraima C",953,309145,"A Roraima C",False,317,2001,2006-01-31,Defined,30,2006,,,2,1,"DISPLAY_NAME_UNRESOLVED",89,MEDIUM
305125,"","Alberto Henrique",IDENTITY_FRAGMENT,Contracted,1318,764,301146,"AA Anapolina",764,301146,"AA Anapolina",False,386,2001,2006-01-31,Defined,30,2006,,,2,1,"DISPLAY_NAME_UNRESOLVED",89,MEDIUM
8833435,"","Alencar de Freitas",IDENTITY_FRAGMENT,Contracted,7319,764,301146,"AA Anapolina",764,301146,"AA Anapolina",False,187,2001,2006-01-31,Defined,30,2006,,,1,1,"DISPLAY_NAME_UNRESOLVED",89,MEDIUM
8833433,"","André Cabeça",IDENTITY_FRAGMENT,Contracted,7317,764,301146,"AA Anapolina",764,301146,"AA Anapolina",False,185,2001,2005-01-31,Defined,30,2005,,,2,1,"DISPLAY_NAME_UNRESOLVED",89,MEDIUM
305115,"","André Ramos",IDENTITY_FRAGMENT,Contracted,1310,764,301146,"AA Anapolina",764,301146,"AA Anapolina",False,75,2001,2006-01-31,Defined,30,2006,,,2,1,"DISPLAY_NAME_UNRESOLVED",89,MEDIUM
6900023,"","Barbosa Machado",IDENTITY_FRAGMENT,Contracted,6420,764,301146,"AA Anapolina",764,301146,"AA Anapolina",False,897,2003,2006-01-31,Defined,30,2006,,,2,1,"DISPLAY_NAME_UNRESOLVED",89,MEDIUM
8833426,"","Carlão",IDENTITY_FRAGMENT,Contracted,7310,764,301146,"AA Anapolina",764,301146,"AA Anapolina",False,226,2001,2006-01-31,Defined,30,2006,,,2,1,"DISPLAY_NAME_UNRESOLVED",89,MEDIUM
3301053,"","Castro de Araújo",IDENTITY_FRAGMENT,Contracted,5589,764,301146,"AA Anapolina",764,301146,"AA Anapolina",False,440,2003,2006-01-31,Defined,30,2006,,,2,1,"DISPLAY_NAME_UNRESOLVED",89,MEDIUM
304237,"","Cruzeiro Ladaga",IDENTITY_FRAGMENT,Contracted,1077,764,301146,"AA Anapolina",764,301146,"AA Anapolina",False,115,2004,2006-01-31,Defined,30,2006,,,1,1,"DISPLAY_NAME_UNRESOLVED",89,MEDIUM
305133,"","da Costa Filho",IDENTITY_FRAGMENT,Contracted,1324,764,301146,"AA Anapolina",764,301146,"AA Anapolina",False,220,2001,2006-01-31,Defined,30,2006,,,1,1,"DISPLAY_NAME_UNRESOLVED",89,MEDIUM
305088,"","da Rocha Sena",IDENTITY_FRAGMENT,Contracted,1301,764,301146,"AA Anapolina",764,301146,"AA Anapolina",False,419,2001,2006-01-31,Defined,30,2006,,,2,1,"DISPLAY_NAME_UNRESOLVED",89,MEDIUM
3300839,"","Domingos Antônio",IDENTITY_FRAGMENT,Contracted,5495,764,301146,"AA Anapolina",764,301146,"AA Anapolina",False,223,2003,2006-01-31,Defined,30,2006,,,2,1,"DISPLAY_NAME_UNRESOLVED",89,MEDIUM
3301511,"","dos Santos Seves",IDENTITY_FRAGMENT,Contracted,5788,764,301146,"AA Anapolina",764,301146,"AA Anapolina",False,136,2002,2006-01-31,Defined,30,2006,,,1,1,"DISPLAY_NAME_UNRESOLVED",89,MEDIUM
3300800,"","Ednílson",IDENTITY_FRAGMENT,Contracted,5483,764,301146,"AA Anapolina",764,301146,"AA Anapolina",False,171,2001,2005-01-31,Defined,30,2005,,,2,1,"DISPLAY_NAME_UNRESOLVED",89,MEDIUM
306784,"","Elísio André",IDENTITY_FRAGMENT,Contracted,1704,764,301146,"AA Anapolina",764,301146,"AA Anapolina",False,82,2004,2006-01-31,Defined,30,2006,,,2,1,"DISPLAY_NAME_UNRESOLVED",89,MEDIUM
8833434,"","Emanuel",IDENTITY_FRAGMENT,Contracted,7318,764,301146,"AA Anapolina",764,301146,"AA Anapolina",False,139,2001,2006-01-31,Defined,30,2006,,,2,1,"DISPLAY_NAME_UNRESOLVED",89,MEDIUM
305127,"","Ezequiel",IDENTITY_FRAGMENT,Contracted,1320,764,301146,"AA Anapolina",764,301146,"AA Anapolina",False,126,2001,2006-01-31,Defined,30,2006,,,2,1,"DISPLAY_NAME_UNRESOLVED",89,MEDIUM
305122,"","Gilsinei Tomás",IDENTITY_FRAGMENT,Contracted,1315,764,301146,"AA Anapolina",764,301146,"AA Anapolina",False,75,2001,2006-01-31,Defined,30,2006,,,2,1,"DISPLAY_NAME_UNRESOLVED",89,MEDIUM
3300304,"","Giuliano",IDENTITY_FRAGMENT,Contracted,5319,764,301146,"AA Anapolina",764,301146,"AA Anapolina",False,461,2004,2004-12-31,Defined,365,2004,,,2,1,"DISPLAY_NAME_UNRESOLVED",89,MEDIUM
316617,"","Hílton Mauro",IDENTITY_FRAGMENT,Contracted,3387,764,301146,"AA Anapolina",764,301146,"AA Anapolina",False,441,2004,2006-01-31,Defined,30,2006,,,2,1,"DISPLAY_NAME_UNRESOLVED",89,MEDIUM
8833427,"","Jaison",IDENTITY_FRAGMENT,Contracted,7311,764,301146,"AA Anapolina",764,301146,"AA Anapolina",False,389,2001,2006-01-31,Defined,30,2006,,,2,1,"DISPLAY_NAME_UNRESOLVED",89,MEDIUM
8833428,"","Jonathan Jaime",IDENTITY_FRAGMENT,Contracted,7312,764,301146,"AA Anapolina",764,301146,"AA Anapolina",False,110,2001,2005-01-31,Defined,30,2005,,,2,1,"DISPLAY_NAME_UNRESOLVED",89,MEDIUM
305167,"","José Marcial",IDENTITY_FRAGMENT,Contracted,1345,764,301146,"AA Anapolina",764,301146,"AA Anapolina",False,108,2002,2006-01-31,Defined,30,2006,,,2,1,"DISPLAY_NAME_UNRESOLVED",89,MEDIUM
305119,"","Leonardo Eugênio",IDENTITY_FRAGMENT,Contracted,1314,764,301146,"AA Anapolina",764,301146,"AA Anapolina",False,296,2001,2006-01-31,Defined,30,2006,,,2,1,"DISPLAY_NAME_UNRESOLVED",89,MEDIUM
8833431,"","Marcelo Capixaba",IDENTITY_FRAGMENT,Contracted,7315,764,301146,"AA Anapolina",764,301146,"AA Anapolina",False,170,2001,2006-01-31,Defined,30,2006,,,2,1,"DISPLAY_NAME_UNRESOLVED",89,MEDIUM
305129,"","Marcondes da Silva",IDENTITY_FRAGMENT,Contracted,1321,764,301146,"AA Anapolina",764,301146,"AA Anapolina",False,75,2001,2006-01-31,Defined,30,2006,,,2,1,"DISPLAY_NAME_UNRESOLVED",89,MEDIUM
306146,"","Maurício Gustavo",IDENTITY_FRAGMENT,Contracted,1518,764,301146,"AA Anapolina",764,301146,"AA Anapolina",False,104,2001,2005-01-31,Defined,30,2005,,,2,1,"DISPLAY_NAME_UNRESOLVED",89,MEDIUM
306393,"","Oliveira de Queiroz",IDENTITY_FRAGMENT,Contracted,1580,764,301146,"AA Anapolina",764,301146,"AA Anapolina",False,168,2001,2006-01-07,Defined,6,2006,,,2,1,"DISPLAY_NAME_UNRESOLVED",89,MEDIUM
305118,"","Pedro Ednaldo",IDENTITY_FRAGMENT,Contracted,1313,764,301146,"AA Anapolina",764,301146,"AA Anapolina",False,130,2001,2006-01-31,Defined,30,2006,,,2,1,"DISPLAY_NAME_UNRESOLVED",89,MEDIUM
305113,"","Pereira Mazzola",IDENTITY_FRAGMENT,Contracted,1309,764,301146,"AA Anapolina",764,301146,"AA Anapolina",False,186,2001,2006-01-31,Defined,30,2006,,,2,1,"DISPLAY_NAME_UNRESOLVED",89,MEDIUM
316578,"","Ramires Alberto",IDENTITY_FRAGMENT,Contracted,3354,764,301146,"AA Anapolina",764,301146,"AA Anapolina",False,154,2003,2006-01-31,Defined,30,2006,,,2,1,"DISPLAY_NAME_UNRESOLVED",89,MEDIUM
317574,"","Roberto Fernandes",IDENTITY_FRAGMENT,Contracted,3743,764,301146,"AA Anapolina",764,301146,"AA Anapolina",False,540,2001,2009-01-31,Defined,30,2009,,,1,1,"DISPLAY_NAME_UNRESOLVED",89,MEDIUM
305123,"","Róbson Leonardo",IDENTITY_FRAGMENT,Contracted,1316,764,301146,"AA Anapolina",764,301146,"AA Anapolina",False,241,2001,2006-01-31,Defined,30,2006,,,2,1,"DISPLAY_NAME_UNRESOLVED",89,MEDIUM
8833425,"","Rodrigues Batista",IDENTITY_FRAGMENT,Contracted,7309,764,301146,"AA Anapolina",764,301146,"AA Anapolina",False,211,2001,2006-01-31,Defined,30,2006,,,2,1,"DISPLAY_NAME_UNRESOLVED",89,MEDIUM
305160,"","Toledo",IDENTITY_FRAGMENT,Contracted,1340,764,301146,"AA Anapolina",764,301146,"AA Anapolina",False,185,2003,2006-01-31,Defined,30,2006,,,2,1,"DISPLAY_NAME_UNRESOLVED",89,MEDIUM
321229,"","Tute",IDENTITY_FRAGMENT,Contracted,4465,764,301146,"AA Anapolina",764,301146,"AA Anapolina",False,175,2001,2006-01-31,Defined,30,2006,,,2,1,"DISPLAY_NAME_UNRESOLVED",89,MEDIUM
317125,"","Divino Frazão",IDENTITY_FRAGMENT,Contracted,3606,784,301182,"AA Caldense",784,301182,"AA Caldense",False,76,2001,2006-01-31,Defined,30,2006,,,2,1,"DISPLAY_NAME_UNRESOLVED",89,MEDIUM
317132,"","Phelipe",IDENTITY_FRAGMENT,Contracted,3612,784,301182,"AA Caldense",784,301182,"AA Caldense",False,75,2001,2006-01-31,Defined,30,2006,,,2,1,"DISPLAY_NAME_UNRESOLVED",89,MEDIUM
307388,"","Santos do Amor Divino",IDENTITY_FRAGMENT,Contracted,1845,784,301182,"AA Caldense",784,301182,"AA Caldense",False,139,2002,2006-01-31,Defined,30,2006,,,2,1,"DISPLAY_NAME_UNRESOLVED",89,MEDIUM
304968,"","Silveira Ramos",IDENTITY_FRAGMENT,Contracted,1287,784,301182,"AA Caldense",784,301182,"AA Caldense",False,75,2001,2006-01-31,Defined,30,2006,,,2,1,"DISPLAY_NAME_UNRESOLVED",89,MEDIUM
304978,"","Tamarnes Geraldo",IDENTITY_FRAGMENT,Contracted,1289,784,301182,"AA Caldense",784,301182,"AA Caldense",False,250,2001,2006-01-31,Defined,30,2006,,,2,1,"DISPLAY_NAME_UNRESOLVED",89,MEDIUM
315204,"","Larcher Júnior",IDENTITY_FRAGMENT,Contracted,2679,865,301340,"AA Francana",865,301340,"AA Francana",False,331,2001,2006-01-31,Defined,30,2006,,,2,1,"DISPLAY_NAME_UNRESOLVED",89,MEDIUM
318215,"","Adriano Antônio",IDENTITY_FRAGMENT,Contracted,3886,536,104979,"AA Internacional",536,104979,"AA Internacional",False,75,2001,2006-01-31,Defined,30,2006,,,2,1,"DISPLAY_NAME_UNRESOLVED",89,MEDIUM
318213,"","Almeida Santos",IDENTITY_FRAGMENT,Contracted,3884,536,104979,"AA Internacional",536,104979,"AA Internacional",False,249,2001,2005-01-31,Defined,30,2005,,,2,1,"DISPLAY_NAME_UNRESOLVED",89,MEDIUM
7100118,"","Carlos Válber",IDENTITY_FRAGMENT,Contracted,6593,536,104979,"AA Internacional",536,104979,"AA Internacional",False,372,2003,2005-01-31,Defined,30,2005,,,2,1,"DISPLAY_NAME_UNRESOLVED",89,MEDIUM
318205,"","Cláudio André",IDENTITY_FRAGMENT,Contracted,3877,536,104979,"AA Internacional",536,104979,"AA Internacional",False,232,2001,2006-01-31,Defined,30,2006,,,2,1,"DISPLAY_NAME_UNRESOLVED",89,MEDIUM
304268,"","Cléderson",IDENTITY_FRAGMENT,Contracted,1090,536,104979,"AA Internacional",536,104979,"AA Internacional",False,146,2001,2006-01-31,Defined,30,2006,,,2,1,"DISPLAY_NAME_UNRESOLVED",89,MEDIUM
5230023,"","Ferreira de Souza Filho",IDENTITY_FRAGMENT,Contracted,6207,536,104979,"AA Internacional",536,104979,"AA Internacional",False,164,2003,2006-01-31,Defined,30,2006,,,2,1,"DISPLAY_NAME_UNRESOLVED",89,MEDIUM
318210,"","Gonçalves Jesuino",IDENTITY_FRAGMENT,Contracted,3881,536,104979,"AA Internacional",536,104979,"AA Internacional",False,75,2001,2005-01-31,Defined,30,2005,,,2,1,"DISPLAY_NAME_UNRESOLVED",89,MEDIUM
318204,"","Lopes Alcântara",IDENTITY_FRAGMENT,Contracted,3876,536,104979,"AA Internacional",536,104979,"AA Internacional",False,288,2001,2006-01-31,Defined,30,2006,,,2,1,"DISPLAY_NAME_UNRESOLVED",89,MEDIUM
304267,"","Negreiro de Souza",IDENTITY_FRAGMENT,Contracted,1089,536,104979,"AA Internacional",536,104979,"AA Internacional",False,256,2001,2006-01-31,Defined,30,2006,,,2,1,"DISPLAY_NAME_UNRESOLVED",89,MEDIUM
318206,"","Negreiro Souza",IDENTITY_FRAGMENT,Contracted,3878,536,104979,"AA Internacional",536,104979,"AA Internacional",False,75,2001,2006-01-31,Defined,30,2006,,,2,1,"DISPLAY_NAME_UNRESOLVED",89,MEDIUM
6900576,"","Rogério",IDENTITY_FRAGMENT,Contracted,6560,536,104979,"AA Internacional",536,104979,"AA Internacional",False,318,2003,2006-01-31,Defined,30,2006,,,1,1,"DISPLAY_NAME_UNRESOLVED",89,MEDIUM
318212,"","Soares Brandão",IDENTITY_FRAGMENT,Contracted,3883,536,104979,"AA Internacional",536,104979,"AA Internacional",False,75,2001,2005-01-31,Defined,30,2005,,,2,1,"DISPLAY_NAME_UNRESOLVED",89,MEDIUM
318208,"","Waldison",IDENTITY_FRAGMENT,Contracted,3880,536,104979,"AA Internacional",536,104979,"AA Internacional",False,212,2001,2005-01-31,Defined,30,2005,,,2,1,"DISPLAY_NAME_UNRESOLVED",89,MEDIUM
312271,"","Mozair",IDENTITY_FRAGMENT,Contracted,2543,1163,313267,"AA Luziânia",1163,313267,"AA Luziânia",False,250,2001,2009-01-31,Defined,30,2009,,,2,1,"DISPLAY_NAME_UNRESOLVED",89,MEDIUM
316706,"","Alvimar Eustáquio",IDENTITY_FRAGMENT,Contracted,3450,61,332,"AA Ponte Preta",61,332,"AA Ponte Preta",False,588,2001,2008-01-31,Defined,30,2008,,,1,1,"DISPLAY_NAME_UNRESOLVED",89,MEDIUM
316687,"","Andrade Lopes",IDENTITY_FRAGMENT,Contracted,3432,61,332,"AA Ponte Preta",61,332,"AA Ponte Preta",False,75,2001,2006-01-31,Defined,30,2006,,,2,1,"DISPLAY_NAME_UNRESOLVED",89,MEDIUM
315585,"","Andrade Rissutt",IDENTITY_FRAGMENT,Contracted,2862,61,332,"AA Ponte Preta",61,332,"AA Ponte Preta",False,174,2001,2006-01-31,Defined,30,2006,,,2,1,"DISPLAY_NAME_UNRESOLVED",89,MEDIUM
320999,"","André Gustavo",IDENTITY_FRAGMENT,Contracted,4397,61,332,"AA Ponte Preta",61,332,"AA Ponte Preta",False,545,2004,2004-12-31,Defined,365,2004,,,2,1,"DISPLAY_NAME_UNRESOLVED",89,MEDIUM
307311,"","André Luiz",IDENTITY_FRAGMENT,Contracted,1834,61,332,"AA Ponte Preta",61,332,"AA Ponte Preta",False,282,2004,2006-01-31,Defined,30,2006,,,2,1,"DISPLAY_NAME_UNRESOLVED",89,MEDIUM
3300167,"","André Santos",IDENTITY_FRAGMENT,Contracted,5263,61,332,"AA Ponte Preta",61,332,"AA Ponte Preta",False,542,2001,2006-01-31,Defined,30,2006,,,1,1,"DISPLAY_NAME_UNRESOLVED",89,MEDIUM
319214,"","Anselmo Tadeu",IDENTITY_FRAGMENT,OnLoan,3981,58,329,"SE Palmeiras",61,332,"AA Ponte Preta",True,324,2001,2005-03-28,Defined,86,2005,324,2004-12-31,2,2,"DISPLAY_NAME_UNRESOLVED",97,HIGH
8832795,"","Barbosa da França",IDENTITY_FRAGMENT,Contracted,7140,61,332,"AA Ponte Preta",61,332,"AA Ponte Preta",False,383,2001,2005-01-31,Defined,30,2005,,,2,1,"DISPLAY_NAME_UNRESOLVED",89,MEDIUM
316685,"","Barbosa de França",IDENTITY_FRAGMENT,Contracted,3430,61,332,"AA Ponte Preta",61,332,"AA Ponte Preta",False,75,2001,2006-01-31,Defined,30,2006,,,2,1,"DISPLAY_NAME_UNRESOLVED",89,MEDIUM
316693,"","Buccioli Júnior",IDENTITY_FRAGMENT,Contracted,3438,61,332,"AA Ponte Preta",61,332,"AA Ponte Preta",False,75,2001,2006-01-31,Defined,30,2006,,,2,1,"DISPLAY_NAME_UNRESOLVED",89,MEDIUM
316681,"","Corrêa Campos",IDENTITY_FRAGMENT,Contracted,3426,61,332,"AA Ponte Preta",61,332,"AA Ponte Preta",False,75,2001,2006-01-31,Defined,30,2006,,,2,1,"DISPLAY_NAME_UNRESOLVED",89,MEDIUM
316692,"","da Silva Martins",IDENTITY_FRAGMENT,Contracted,3437,61,332,"AA Ponte Preta",61,332,"AA Ponte Preta",False,33,2001,2005-01-31,Defined,30,2005,,,2,1,"DISPLAY_NAME_UNRESOLVED",89,MEDIUM
316697,"","de Campos Gomes",IDENTITY_FRAGMENT,Contracted,3442,61,332,"AA Ponte Preta",61,332,"AA Ponte Preta",False,75,2001,2006-01-31,Defined,30,2006,,,2,1,"DISPLAY_NAME_UNRESOLVED",89,MEDIUM
3300990,"","de Paula Queiroz",IDENTITY_FRAGMENT,OnLoan,5562,629,121262,"SE Gama",61,332,"AA Ponte Preta",True,781,2001,2006-05-09,Defined,128,2006,781,2004-12-31,2,2,"DISPLAY_NAME_UNRESOLVED",97,HIGH
301978,"","de Souza Ozias",IDENTITY_FRAGMENT,Contracted,757,61,332,"AA Ponte Preta",61,332,"AA Ponte Preta",False,385,2004,2004-12-31,Defined,365,2004,,,2,1,"DISPLAY_NAME_UNRESOLVED",89,MEDIUM
316690,"","dos Santos Vicentini",IDENTITY_FRAGMENT,Contracted,3435,61,332,"AA Ponte Preta",61,332,"AA Ponte Preta",False,261,2001,2006-01-31,Defined,30,2006,,,2,1,"DISPLAY_NAME_UNRESOLVED",89,MEDIUM
311706,"","Eduardo Augusto",IDENTITY_FRAGMENT,Contracted,2419,61,332,"AA Ponte Preta",61,332,"AA Ponte Preta",False,75,2001,2006-01-31,Defined,30,2006,,,2,1,"DISPLAY_NAME_UNRESOLVED",89,MEDIUM
316689,"","Feres Moreira",IDENTITY_FRAGMENT,Contracted,3434,61,332,"AA Ponte Preta",61,332,"AA Ponte Preta",False,198,2001,2006-01-31,Defined,30,2006,,,2,1,"DISPLAY_NAME_UNRESOLVED",89,MEDIUM
3300173,"","Ferrari",IDENTITY_FRAGMENT,Contracted,5269,61,332,"AA Ponte Preta",61,332,"AA Ponte Preta",False,451,2001,2006-01-31,Defined,30,2006,,,2,1,"DISPLAY_NAME_UNRESOLVED",89,MEDIUM
3301008,"","Flávio Luís",IDENTITY_FRAGMENT,OnLoan,5572,58,329,"SE Palmeiras",61,332,"AA Ponte Preta",True,370,2002,2006-06-30,Defined,180,2006,370,2004-12-31,1,2,"DISPLAY_NAME_UNRESOLVED",97,HIGH
3301003,"","Franchin Schiavolin",IDENTITY_FRAGMENT,Contracted,5569,61,332,"AA Ponte Preta",61,332,"AA Ponte Preta",False,467,2001,2006-01-31,Defined,30,2006,,,2,1,"DISPLAY_NAME_UNRESOLVED",89,MEDIUM
8827472,"","Godói Pereira",IDENTITY_FRAGMENT,Contracted,6889,61,332,"AA Ponte Preta",61,332,"AA Ponte Preta",False,352,2001,2005-01-31,Defined,30,2005,,,2,1,"DISPLAY_NAME_UNRESOLVED",89,MEDIUM
311207,"","Godoy Barroso",IDENTITY_FRAGMENT,Contracted,2307,61,332,"AA Ponte Preta",61,332,"AA Ponte Preta",False,493,2004,2004-12-28,Defined,362,2004,,,1,1,"DISPLAY_NAME_UNRESOLVED",89,MEDIUM
8825414,"","Gumieiro",IDENTITY_FRAGMENT,Contracted,6757,61,332,"AA Ponte Preta",61,332,"AA Ponte Preta",False,99,2001,2006-01-31,Defined,30,2006,,,1,1,"DISPLAY_NAME_UNRESOLVED",89,MEDIUM
316634,"","Isaías Gabriel",IDENTITY_FRAGMENT,Contracted,3402,61,332,"AA Ponte Preta",61,332,"AA Ponte Preta",False,293,2001,2006-01-31,Defined,30,2006,,,2,1,"DISPLAY_NAME_UNRESOLVED",89,MEDIUM
303682,"","João Dermival",IDENTITY_FRAGMENT,Contracted,962,61,332,"AA Ponte Preta",61,332,"AA Ponte Preta",False,588,2001,2007-01-31,Defined,30,2007,,,1,1,"DISPLAY_NAME_UNRESOLVED",89,MEDIUM
303769,"","Júnior Vieira",IDENTITY_FRAGMENT,Contracted,970,61,332,"AA Ponte Preta",61,332,"AA Ponte Preta",False,75,2001,2006-01-31,Defined,30,2006,,,2,1,"DISPLAY_NAME_UNRESOLVED",89,MEDIUM
308328,"","Labatte",IDENTITY_FRAGMENT,Contracted,1907,61,332,"AA Ponte Preta",61,332,"AA Ponte Preta",False,294,2001,2009-01-31,Defined,30,2009,,,1,1,"DISPLAY_NAME_UNRESOLVED",89,MEDIUM
310961,"","Lauro Júnior",IDENTITY_FRAGMENT,Contracted,2179,61,332,"AA Ponte Preta",61,332,"AA Ponte Preta",False,297,2001,2006-01-31,Defined,30,2006,,,2,1,"DISPLAY_NAME_UNRESOLVED",89,MEDIUM
303771,"","Luís Carlos",IDENTITY_FRAGMENT,Contracted,971,61,332,"AA Ponte Preta",61,332,"AA Ponte Preta",False,237,2001,2006-01-31,Defined,30,2006,,,2,1,"DISPLAY_NAME_UNRESOLVED",89,MEDIUM
6900137,"","Márcio Wendel",IDENTITY_FRAGMENT,OnLoan,6492,875,301359,"União A Barbarense FC",61,332,"AA Ponte Preta",True,462,2003,2005-01-31,Defined,30,2005,462,2004-12-31,2,2,"DISPLAY_NAME_UNRESOLVED",97,HIGH
8832793,"","Mário Lúcio",IDENTITY_FRAGMENT,Contracted,7138,61,332,"AA Ponte Preta",61,332,"AA Ponte Preta",False,158,2004,2006-01-31,Defined,30,2006,,,2,1,"DISPLAY_NAME_UNRESOLVED",89,MEDIUM
3300177,"","Marques Pereira",IDENTITY_FRAGMENT,Contracted,5273,61,332,"AA Ponte Preta",61,332,"AA Ponte Preta",False,502,2001,2006-01-31,Defined,30,2006,,,2,1,"DISPLAY_NAME_UNRESOLVED",89,MEDIUM
5240080,"","Maurílio",IDENTITY_FRAGMENT,Contracted,6209,61,332,"AA Ponte Preta",61,332,"AA Ponte Preta",False,354,2003,2006-01-31,Defined,30,2006,,,1,1,"DISPLAY_NAME_UNRESOLVED",89,MEDIUM
316511,"","Medeiros de Almeida",IDENTITY_FRAGMENT,OnLoan,3306,66,337,"São Paulo FC",61,332,"AA Ponte Preta",True,561,2001,2006-01-31,Defined,30,2006,561,2004-12-31,2,2,"DISPLAY_NAME_UNRESOLVED",97,HIGH
3301204,"","Mendes Rodrigues",IDENTITY_FRAGMENT,Contracted,5661,61,332,"AA Ponte Preta",61,332,"AA Ponte Preta",False,570,2004,2004-12-31,Defined,365,2004,,,2,1,"DISPLAY_NAME_UNRESOLVED",89,MEDIUM
316705,"","Moreno",IDENTITY_FRAGMENT,Contracted,3449,61,332,"AA Ponte Preta",61,332,"AA Ponte Preta",False,588,2001,2008-01-31,Defined,30,2008,,,1,1,"DISPLAY_NAME_UNRESOLVED",89,MEDIUM
303220,"","Nenê Santana",IDENTITY_FRAGMENT,Contracted,906,61,332,"AA Ponte Preta",61,332,"AA Ponte Preta",False,1822,2001,2007-01-31,Defined,30,2007,,,1,1,"DISPLAY_NAME_UNRESOLVED",89,MEDIUM
309128,"","Noídio Guilherme",IDENTITY_FRAGMENT,OnLoan,1990,59,330,"Paraná C",61,332,"AA Ponte Preta",True,633,2001,2006-01-31,Defined,30,2006,633,2004-12-31,2,2,"DISPLAY_NAME_UNRESOLVED",97,HIGH
316696,"","Rafael Santos",IDENTITY_FRAGMENT,Contracted,3441,61,332,"AA Ponte Preta",61,332,"AA Ponte Preta",False,145,2001,2005-01-31,Defined,30,2005,,,2,1,"DISPLAY_NAME_UNRESOLVED",89,MEDIUM
8825413,"","Ricardo Renato",IDENTITY_FRAGMENT,Contracted,6756,61,332,"AA Ponte Preta",61,332,"AA Ponte Preta",False,278,2001,2005-01-31,Defined,30,2005,,,2,1,"DISPLAY_NAME_UNRESOLVED",89,MEDIUM
8832796,"","Robert",IDENTITY_FRAGMENT,Contracted,7141,61,332,"AA Ponte Preta",61,332,"AA Ponte Preta",False,275,2004,2005-01-31,Defined,30,2005,,,2,1,"DISPLAY_NAME_UNRESOLVED",89,MEDIUM
316699,"","Rodrigo Álvaro",IDENTITY_FRAGMENT,Contracted,3444,61,332,"AA Ponte Preta",61,332,"AA Ponte Preta",False,75,2001,2006-01-31,Defined,30,2006,,,2,1,"DISPLAY_NAME_UNRESOLVED",89,MEDIUM
8832797,"","Sampaio Benedetti",IDENTITY_FRAGMENT,Contracted,7142,61,332,"AA Ponte Preta",61,332,"AA Ponte Preta",False,142,2004,2004-11-30,Defined,334,2004,,,2,1,"DISPLAY_NAME_UNRESOLVED",89,MEDIUM
316688,"","Santiago de Freitas",IDENTITY_FRAGMENT,Contracted,3433,61,332,"AA Ponte Preta",61,332,"AA Ponte Preta",False,75,2001,2006-01-31,Defined,30,2006,,,2,1,"DISPLAY_NAME_UNRESOLVED",89,MEDIUM
4102421,"","Santos Laplechade",IDENTITY_FRAGMENT,Contracted,6004,61,332,"AA Ponte Preta",61,332,"AA Ponte Preta",False,219,2004,2004-12-31,Defined,365,2004,,,2,1,"DISPLAY_NAME_UNRESOLVED",89,MEDIUM
303768,"","Souza Benevido",IDENTITY_FRAGMENT,Contracted,969,61,332,"AA Ponte Preta",61,332,"AA Ponte Preta",False,232,2001,2006-01-31,Defined,30,2006,,,2,1,"DISPLAY_NAME_UNRESOLVED",89,MEDIUM
3300154,"","Souza da Cruz",IDENTITY_FRAGMENT,OnLoan,5253,69,340,"EC Vitória",61,332,"AA Ponte Preta",True,415,2001,2006-01-31,Defined,30,2006,415,2004-12-31,2,2,"DISPLAY_NAME_UNRESOLVED",97,HIGH
316695,"","Tagiarolli Pereira da Silva",IDENTITY_FRAGMENT,Contracted,3440,61,332,"AA Ponte Preta",61,332,"AA Ponte Preta",False,205,2001,2006-01-31,Defined,30,2006,,,2,1,"DISPLAY_NAME_UNRESOLVED",89,MEDIUM
308329,"","Tanaka",IDENTITY_FRAGMENT,Contracted,1908,61,332,"AA Ponte Preta",61,332,"AA Ponte Preta",False,588,2001,2009-01-31,Defined,30,2009,,,1,1,"DISPLAY_NAME_UNRESOLVED",89,MEDIUM
316701,"","Thiago Luiz",IDENTITY_FRAGMENT,Contracted,3446,61,332,"AA Ponte Preta",61,332,"AA Ponte Preta",False,75,2001,2006-01-31,Defined,30,2006,,,2,1,"DISPLAY_NAME_UNRESOLVED",89,MEDIUM
315071,"","Tiago Messias",IDENTITY_FRAGMENT,OnLoan,2578,571,107212,"Friburguense AC",61,332,"AA Ponte Preta",True,305,2004,2006-01-31,Defined,30,2006,305,2004-12-31,2,2,"DISPLAY_NAME_UNRESOLVED",97,HIGH
316703,"","Vágner Luiz",IDENTITY_FRAGMENT,Contracted,3448,61,332,"AA Ponte Preta",61,332,"AA Ponte Preta",False,272,2001,2006-01-31,Defined,30,2006,,,1,1,"DISPLAY_NAME_UNRESOLVED",89,MEDIUM
301622,"","Wéldon",IDENTITY_FRAGMENT,Contracted,713,61,332,"AA Ponte Preta",61,332,"AA Ponte Preta",False,670,2004,2006-01-31,Defined,30,2006,,,2,1,"DISPLAY_NAME_UNRESOLVED",89,MEDIUM
316698,"","Zancaner Ueta",IDENTITY_FRAGMENT,Contracted,3443,61,332,"AA Ponte Preta",61,332,"AA Ponte Preta",False,75,2001,2006-01-31,Defined,30,2006,,,2,1,"DISPLAY_NAME_UNRESOLVED",89,MEDIUM
315456,"","Almeida Neto",IDENTITY_FRAGMENT,Contracted,2795,820,301251,"AA Portuguesa (RJ)",820,301251,"AA Portuguesa (RJ)",False,83,2001,2006-01-31,Defined,30,2006,,,2,1,"DISPLAY_NAME_UNRESOLVED",89,MEDIUM
306055,"","André Augusto",IDENTITY_FRAGMENT,Contracted,1503,820,301251,"AA Portuguesa (RJ)",820,301251,"AA Portuguesa (RJ)",False,307,2004,2006-01-31,Defined,30,2006,,,2,1,"DISPLAY_NAME_UNRESOLVED",89,MEDIUM
3300629,"","Belo de Souza",IDENTITY_FRAGMENT,Contracted,5407,820,301251,"AA Portuguesa (RJ)",820,301251,"AA Portuguesa (RJ)",False,430,2004,2006-01-31,Defined,30,2006,,,2,1,"DISPLAY_NAME_UNRESOLVED",89,MEDIUM
8826949,"","Carolina",IDENTITY_FRAGMENT,Contracted,6862,820,301251,"AA Portuguesa (RJ)",820,301251,"AA Portuguesa (RJ)",False,168,2001,2006-01-31,Defined,30,2006,,,2,1,"DISPLAY_NAME_UNRESOLVED",89,MEDIUM
8826947,"","Correia Lacerda",IDENTITY_FRAGMENT,Contracted,6860,820,301251,"AA Portuguesa (RJ)",820,301251,"AA Portuguesa (RJ)",False,302,2001,2005-01-31,Defined,30,2005,,,2,1,"DISPLAY_NAME_UNRESOLVED",89,MEDIUM
3300384,"","Cruz Vitorino",IDENTITY_FRAGMENT,Contracted,5342,820,301251,"AA Portuguesa (RJ)",820,301251,"AA Portuguesa (RJ)",False,351,2004,2006-01-31,Defined,30,2006,,,2,1,"DISPLAY_NAME_UNRESOLVED",89,MEDIUM
315276,"","Eberson",IDENTITY_FRAGMENT,Contracted,2735,820,301251,"AA Portuguesa (RJ)",820,301251,"AA Portuguesa (RJ)",False,204,2003,2006-01-31,Defined,30,2006,,,2,1,"DISPLAY_NAME_UNRESOLVED",89,MEDIUM
8825478,"","Fernandes Vasconcelos",IDENTITY_FRAGMENT,Contracted,6759,820,301251,"AA Portuguesa (RJ)",820,301251,"AA Portuguesa (RJ)",False,249,2001,2006-01-31,Defined,30,2006,,,2,1,"DISPLAY_NAME_UNRESOLVED",89,MEDIUM
315217,"","Gomes de Azevedo",IDENTITY_FRAGMENT,Contracted,2687,820,301251,"AA Portuguesa (RJ)",820,301251,"AA Portuguesa (RJ)",False,265,2004,2006-01-31,Defined,30,2006,,,2,1,"DISPLAY_NAME_UNRESOLVED",89,MEDIUM
305915,"","José Inácio",IDENTITY_FRAGMENT,Contracted,1474,820,301251,"AA Portuguesa (RJ)",820,301251,"AA Portuguesa (RJ)",False,365,2001,2006-01-31,Defined,30,2006,,,2,1,"DISPLAY_NAME_UNRESOLVED",89,MEDIUM
8826943,"","Márcio Cristiano",IDENTITY_FRAGMENT,Contracted,6858,820,301251,"AA Portuguesa (RJ)",820,301251,"AA Portuguesa (RJ)",False,133,2001,2006-01-31,Defined,30,2006,,,2,1,"DISPLAY_NAME_UNRESOLVED",89,MEDIUM
3300405,"","Marlon",IDENTITY_FRAGMENT,Contracted,5355,820,301251,"AA Portuguesa (RJ)",820,301251,"AA Portuguesa (RJ)",False,190,2002,2007-12-31,Defined,364,2007,,,2,1,"DISPLAY_NAME_UNRESOLVED",89,MEDIUM
315639,"","Nilberto",IDENTITY_FRAGMENT,Contracted,2877,820,301251,"AA Portuguesa (RJ)",820,301251,"AA Portuguesa (RJ)",False,409,2004,2005-01-31,Defined,30,2005,,,2,1,"DISPLAY_NAME_UNRESOLVED",89,MEDIUM
317010,"","Nogueira",IDENTITY_FRAGMENT,Contracted,3530,820,301251,"AA Portuguesa (RJ)",820,301251,"AA Portuguesa (RJ)",False,94,2004,2006-01-31,Defined,30,2006,,,2,1,"DISPLAY_NAME_UNRESOLVED",89,MEDIUM
3300669,"","Orlandinho",IDENTITY_FRAGMENT,Contracted,5421,820,301251,"AA Portuguesa (RJ)",820,301251,"AA Portuguesa (RJ)",False,179,2004,2006-01-31,Defined,30,2006,,,2,1,"DISPLAY_NAME_UNRESOLVED",89,MEDIUM
305186,"","Wagner",IDENTITY_FRAGMENT,Contracted,1356,820,301251,"AA Portuguesa (RJ)",820,301251,"AA Portuguesa (RJ)",False,88,2001,2006-01-31,Defined,30,2006,,,1,1,"DISPLAY_NAME_UNRESOLVED",89,MEDIUM
319531,"","Clayton Daniel",IDENTITY_FRAGMENT,Contracted,4059,1448,318909,"AA Santa Ritense",1448,318909,"AA Santa Ritense",False,75,2001,2006-01-31,Defined,30,2006,,,2,1,"DISPLAY_NAME_UNRESOLVED",89,MEDIUM
319557,"","Ednílton Marcelo",IDENTITY_FRAGMENT,Contracted,4060,1448,318909,"AA Santa Ritense",1448,318909,"AA Santa Ritense",False,340,2001,2006-01-31,Defined,30,2006,,,2,1,"DISPLAY_NAME_UNRESOLVED",89,MEDIUM
306799,"","de Melo Paraunas",IDENTITY_FRAGMENT,Contracted,1711,780,301175,"AA Sinop",780,301175,"AA Sinop",False,246,2001,2005-01-31,Defined,30,2005,,,2,1,"DISPLAY_NAME_UNRESOLVED",89,MEDIUM
317599,"","Ferreira dos Santos",IDENTITY_FRAGMENT,Contracted,3748,780,301175,"AA Sinop",780,301175,"AA Sinop",False,250,2001,2009-01-31,Defined,30,2009,,,2,1,"DISPLAY_NAME_UNRESOLVED",89,MEDIUM
306804,"","Marcelinho Boaideiro",IDENTITY_FRAGMENT,Contracted,1712,780,301175,"AA Sinop",780,301175,"AA Sinop",False,233,2001,2006-01-31,Defined,30,2006,,,2,1,"DISPLAY_NAME_UNRESOLVED",89,MEDIUM
306808,"","Pereira Santana",IDENTITY_FRAGMENT,Contracted,1714,780,301175,"AA Sinop",780,301175,"AA Sinop",False,73,2001,2006-01-31,Defined,30,2006,,,1,1,"DISPLAY_NAME_UNRESOLVED",89,MEDIUM
3300753,"","Carlos Mota",IDENTITY_FRAGMENT,Contracted,5467,567,107205,"ABC FC",567,107205,"ABC FC",False,384,2002,2006-01-31,Defined,30,2006,,,2,1,"DISPLAY_NAME_UNRESOLVED",89,MEDIUM
315210,"","Cruz Santos Campos",IDENTITY_FRAGMENT,Contracted,2682,567,107205,"ABC FC",567,107205,"ABC FC",False,127,2001,2006-01-31,Defined,30,2006,,,2,1,"DISPLAY_NAME_UNRESOLVED",89,MEDIUM
315211,"","de Sá Soares",IDENTITY_FRAGMENT,Contracted,2683,567,107205,"ABC FC",567,107205,"ABC FC",False,146,2001,2006-01-31,Defined,30,2006,,,2,1,"DISPLAY_NAME_UNRESOLVED",89,MEDIUM
311074,"","Diá",IDENTITY_FRAGMENT,Contracted,2227,567,107205,"ABC FC",567,107205,"ABC FC",False,175,2001,2008-01-31,Defined,30,2008,,,1,1,"DISPLAY_NAME_UNRESOLVED",89,MEDIUM
3300468,"","Edmundo",IDENTITY_FRAGMENT,Contracted,5371,567,107205,"ABC FC",567,107205,"ABC FC",False,231,2004,2005-01-31,Defined,30,2005,,,2,1,"DISPLAY_NAME_UNRESOLVED",89,MEDIUM
319289,"","Erivan",IDENTITY_FRAGMENT,Contracted,4014,567,107205,"ABC FC",567,107205,"ABC FC",False,361,2001,2006-01-31,Defined,30,2006,,,2,1,"DISPLAY_NAME_UNRESOLVED",89,MEDIUM
6900127,"","Everaldo",IDENTITY_FRAGMENT,Contracted,6486,567,107205,"ABC FC",567,107205,"ABC FC",False,408,2001,2006-01-31,Defined,30,2006,,,2,1,"DISPLAY_NAME_UNRESOLVED",89,MEDIUM
3300815,"","Francisco Antônio Marcos",IDENTITY_FRAGMENT,Contracted,5487,567,107205,"ABC FC",567,107205,"ABC FC",False,315,2002,2006-01-31,Defined,30,2006,,,2,1,"DISPLAY_NAME_UNRESOLVED",89,MEDIUM
304526,"","Guaraci",IDENTITY_FRAGMENT,Contracted,1181,567,107205,"ABC FC",567,107205,"ABC FC",False,142,2002,2005-01-31,Defined,30,2005,,,2,1,"DISPLAY_NAME_UNRESOLVED",89,MEDIUM
315209,"","Isaac Gabriel",IDENTITY_FRAGMENT,Contracted,2681,567,107205,"ABC FC",567,107205,"ABC FC",False,75,2001,2006-01-31,Defined,30,2006,,,2,1,"DISPLAY_NAME_UNRESOLVED",89,MEDIUM
902073,"","Ivan Francisco",IDENTITY_FRAGMENT,Contracted,4870,567,107205,"ABC FC",567,107205,"ABC FC",False,662,2001,2006-01-31,Defined,30,2006,,,2,1,"DISPLAY_NAME_UNRESOLVED",89,MEDIUM
3300135,"","Marcelo Tinôco",IDENTITY_FRAGMENT,Contracted,5242,567,107205,"ABC FC",567,107205,"ABC FC",False,357,2004,2006-01-31,Defined,30,2006,,,2,1,"DISPLAY_NAME_UNRESOLVED",89,MEDIUM
307084,"","Marciano",IDENTITY_FRAGMENT,Contracted,1793,567,107205,"ABC FC",567,107205,"ABC FC",False,261,2001,2006-01-31,Defined,30,2006,,,1,1,"DISPLAY_NAME_UNRESOLVED",89,MEDIUM
306770,"","Márcio Cardoso",IDENTITY_FRAGMENT,Contracted,1699,567,107205,"ABC FC",567,107205,"ABC FC",False,355,2001,2006-01-31,Defined,30,2006,,,2,1,"DISPLAY_NAME_UNRESOLVED",89,MEDIUM
308417,"","Michel Fernando",IDENTITY_FRAGMENT,Contracted,1935,567,107205,"ABC FC",567,107205,"ABC FC",False,166,2002,2006-01-31,Defined,30,2006,,,2,1,"DISPLAY_NAME_UNRESOLVED",89,MEDIUM
3301095,"","Posso Moreno",IDENTITY_FRAGMENT,OnLoan,5601,50,321,"Cruzeiro EC",567,107205,"ABC FC",True,280,2001,2006-01-31,Defined,30,2006,280,2004-12-31,2,2,"DISPLAY_NAME_UNRESOLVED",97,HIGH
6900159,"","Santiago do Nascimento",IDENTITY_FRAGMENT,Contracted,6508,567,107205,"ABC FC",567,107205,"ABC FC",False,644,2003,2006-01-31,Defined,30,2006,,,1,1,"DISPLAY_NAME_UNRESOLVED",89,MEDIUM
302346,"","Silveira Finazzi",IDENTITY_FRAGMENT,Contracted,794,567,107205,"ABC FC",567,107205,"ABC FC",False,813,2004,2006-01-31,Defined,30,2006,,,1,1,"DISPLAY_NAME_UNRESOLVED",89,MEDIUM
2001657,"","Thelónio",IDENTITY_FRAGMENT,Contracted,5016,567,107205,"ABC FC",567,107205,"ABC FC",False,351,2001,2006-01-31,Defined,30,2006,,,2,1,"DISPLAY_NAME_UNRESOLVED",89,MEDIUM
3301323,"","Ulisses",IDENTITY_FRAGMENT,Contracted,5728,567,107205,"ABC FC",567,107205,"ABC FC",False,470,2003,2006-01-31,Defined,30,2006,,,2,1,"DISPLAY_NAME_UNRESOLVED",89,MEDIUM
3301500,"","Valteci Ângelo",IDENTITY_FRAGMENT,Contracted,5783,567,107205,"ABC FC",567,107205,"ABC FC",False,473,2001,2006-01-31,Defined,30,2006,,,2,1,"DISPLAY_NAME_UNRESOLVED",89,MEDIUM
315574,"","Vital",IDENTITY_FRAGMENT,Contracted,2853,567,107205,"ABC FC",567,107205,"ABC FC",False,75,2001,2008-01-31,Defined,30,2008,,,2,1,"DISPLAY_NAME_UNRESOLVED",89,MEDIUM
114557,"","Evangelista de Moraes",IDENTITY_FRAGMENT,Contracted,535,239,1099,"AC Milão",239,1099,"AC Milão",False,25000,2003,2005-06-30,Defined,180,2005,,,1,1,"DISPLAY_NAME_UNRESOLVED",89,MEDIUM
3301076,"","Nelson",IDENTITY_FRAGMENT,Contracted,5592,239,1099,"AC Milão",239,1099,"AC Milão",False,13000,2002,2006-06-30,Defined,180,2006,,,1,1,"DISPLAY_NAME_UNRESOLVED",89,MEDIUM
310625,"","Ricardo Izecson",IDENTITY_FRAGMENT,Contracted,2058,239,1099,"AC Milão",239,1099,"AC Milão",False,34186,2003,2008-06-30,Defined,181,2008,,,2,1,"DISPLAY_NAME_UNRESOLVED",89,MEDIUM
106988,"","Sergio Claudio",IDENTITY_FRAGMENT,Contracted,495,239,1099,"AC Milão",239,1099,"AC Milão",False,24000,1999,2005-06-30,Defined,180,2005,,,2,1,"DISPLAY_NAME_UNRESOLVED",89,MEDIUM
317199,"","Aguiar Figeuiredo",IDENTITY_FRAGMENT,Contracted,3628,1327,314604,"AC Paranavaí",1327,314604,"AC Paranavaí",False,259,2001,2006-01-31,Defined,30,2006,,,2,1,"DISPLAY_NAME_UNRESOLVED",89,MEDIUM
3301451,"","Aléssio",IDENTITY_FRAGMENT,Contracted,5768,1327,314604,"AC Paranavaí",1327,314604,"AC Paranavaí",False,459,2003,2006-01-31,Defined,30,2006,,,2,1,"DISPLAY_NAME_UNRESOLVED",89,MEDIUM
319198,"","Curvo Lopes",IDENTITY_FRAGMENT,Contracted,3970,1327,314604,"AC Paranavaí",1327,314604,"AC Paranavaí",False,231,2001,2006-01-31,Defined,30,2006,,,2,1,"DISPLAY_NAME_UNRESOLVED",89,MEDIUM
319202,"","Fidélis Rosa",IDENTITY_FRAGMENT,Contracted,3973,1327,314604,"AC Paranavaí",1327,314604,"AC Paranavaí",False,344,2001,2006-01-31,Defined,30,2006,,,2,1,"DISPLAY_NAME_UNRESOLVED",89,MEDIUM
3300660,"","Gustavo Nílson",IDENTITY_FRAGMENT,Contracted,5416,1327,314604,"AC Paranavaí",1327,314604,"AC Paranavaí",False,242,2003,2006-01-31,Defined,30,2006,,,2,1,"DISPLAY_NAME_UNRESOLVED",89,MEDIUM
319196,"","João Correia",IDENTITY_FRAGMENT,Contracted,3968,1327,314604,"AC Paranavaí",1327,314604,"AC Paranavaí",False,176,2001,2006-01-31,Defined,30,2006,,,2,1,"DISPLAY_NAME_UNRESOLVED",89,MEDIUM
319204,"","Júlio",IDENTITY_FRAGMENT,Contracted,3975,1327,314604,"AC Paranavaí",1327,314604,"AC Paranavaí",False,330,2001,2006-01-31,Defined,30,2006,,,2,1,"DISPLAY_NAME_UNRESOLVED",89,MEDIUM
319201,"","Macedo Maia",IDENTITY_FRAGMENT,Contracted,3972,1327,314604,"AC Paranavaí",1327,314604,"AC Paranavaí",False,481,2001,2005-01-31,Defined,30,2005,,,2,1,"DISPLAY_NAME_UNRESOLVED",89,MEDIUM
319203,"","Nicolau",IDENTITY_FRAGMENT,Contracted,3974,1327,314604,"AC Paranavaí",1327,314604,"AC Paranavaí",False,365,2001,2006-01-31,Defined,30,2006,,,2,1,"DISPLAY_NAME_UNRESOLVED",89,MEDIUM
319205,"","Pessoa Neto",IDENTITY_FRAGMENT,Contracted,3976,1327,314604,"AC Paranavaí",1327,314604,"AC Paranavaí",False,394,2001,2006-01-31,Defined,30,2006,,,1,1,"DISPLAY_NAME_UNRESOLVED",89,MEDIUM
319199,"","Sá Costa",IDENTITY_FRAGMENT,Contracted,3971,1327,314604,"AC Paranavaí",1327,314604,"AC Paranavaí",False,260,2001,2006-01-31,Defined,30,2006,,,2,1,"DISPLAY_NAME_UNRESOLVED",89,MEDIUM
312218,"","Cruz da Costa",IDENTITY_FRAGMENT,Contracted,2525,824,301258,"ACD Potiguar",824,301258,"ACD Potiguar",False,75,2001,2006-01-31,Defined,30,2006,,,1,1,"DISPLAY_NAME_UNRESOLVED",89,MEDIUM
306760,"","da Silva Cavalo",IDENTITY_FRAGMENT,Contracted,1694,824,301258,"ACD Potiguar",824,301258,"ACD Potiguar",False,263,2001,2006-01-31,Defined,30,2006,,,2,1,"DISPLAY_NAME_UNRESOLVED",89,MEDIUM
312220,"","Dantas",IDENTITY_FRAGMENT,Contracted,2526,824,301258,"ACD Potiguar",824,301258,"ACD Potiguar",False,396,2001,2007-01-31,Defined,30,2007,,,1,1,"DISPLAY_NAME_UNRESOLVED",89,MEDIUM
306756,"","Doramílton",IDENTITY_FRAGMENT,Contracted,1691,824,301258,"ACD Potiguar",824,301258,"ACD Potiguar",False,192,2001,2006-01-31,Defined,30,2006,,,2,1,"DISPLAY_NAME_UNRESOLVED",89,MEDIUM
306763,"","dos Santos Vaz",IDENTITY_FRAGMENT,Contracted,1696,824,301258,"ACD Potiguar",824,301258,"ACD Potiguar",False,337,2001,2006-01-31,Defined,30,2006,,,2,1,"DISPLAY_NAME_UNRESOLVED",89,MEDIUM
306757,"","Frédson",IDENTITY_FRAGMENT,Contracted,1692,824,301258,"ACD Potiguar",824,301258,"ACD Potiguar",False,75,2001,2006-01-31,Defined,30,2006,,,2,1,"DISPLAY_NAME_UNRESOLVED",89,MEDIUM
306774,"","Hermano José",IDENTITY_FRAGMENT,Contracted,1701,824,301258,"ACD Potiguar",824,301258,"ACD Potiguar",False,276,2001,2006-01-31,Defined,30,2006,,,1,1,"DISPLAY_NAME_UNRESOLVED",89,MEDIUM
306765,"","Jocides",IDENTITY_FRAGMENT,Contracted,1697,824,301258,"ACD Potiguar",824,301258,"ACD Potiguar",False,180,2001,2006-01-31,Defined,30,2006,,,2,1,"DISPLAY_NAME_UNRESOLVED",89,MEDIUM
306758,"","Joreano",IDENTITY_FRAGMENT,Contracted,1693,824,301258,"ACD Potiguar",824,301258,"ACD Potiguar",False,266,2001,2006-01-31,Defined,30,2006,,,2,1,"DISPLAY_NAME_UNRESOLVED",89,MEDIUM
306766,"","Josicley Robério",IDENTITY_FRAGMENT,Contracted,1698,824,301258,"ACD Potiguar",824,301258,"ACD Potiguar",False,269,2001,2006-01-31,Defined,30,2006,,,2,1,"DISPLAY_NAME_UNRESOLVED",89,MEDIUM
306761,"","Pione Jorge",IDENTITY_FRAGMENT,Contracted,1695,824,301258,"ACD Potiguar",824,301258,"ACD Potiguar",False,75,2001,2006-01-31,Defined,30,2006,,,2,1,"DISPLAY_NAME_UNRESOLVED",89,MEDIUM
312221,"","Valterlúcio",IDENTITY_FRAGMENT,Contracted,2527,824,301258,"ACD Potiguar",824,301258,"ACD Potiguar",False,100,2001,2007-01-31,Defined,30,2007,,,2,1,"DISPLAY_NAME_UNRESOLVED",89,MEDIUM
312183,"","Alberione José",IDENTITY_FRAGMENT,Contracted,2515,1356,314755,"ACD Potyguar S",1356,314755,"ACD Potyguar S",False,250,2001,2007-01-31,Defined,30,2007,,,1,1,"DISPLAY_NAME_UNRESOLVED",89,MEDIUM
317182,"","Jesús",IDENTITY_FRAGMENT,Contracted,3623,1055,310904,"AD Ateneu",1055,310904,"AD Ateneu",False,250,2001,2009-01-31,Defined,30,2009,,,2,1,"DISPLAY_NAME_UNRESOLVED",89,MEDIUM
311762,"","Arcelino",IDENTITY_FRAGMENT,Contracted,2440,818,301247,"AD Cabofriense",818,301247,"AD Cabofriense",False,383,2003,2006-01-31,Defined,30,2006,,,2,1,"DISPLAY_NAME_UNRESOLVED",89,MEDIUM
320746,"","Barbosa Nunes",IDENTITY_FRAGMENT,Contracted,4362,818,301247,"AD Cabofriense",818,301247,"AD Cabofriense",False,321,2001,2006-01-31,Defined,30,2006,,,2,1,"DISPLAY_NAME_UNRESOLVED",89,MEDIUM
303263,"","Costa da Silva",IDENTITY_FRAGMENT,Contracted,921,818,301247,"AD Cabofriense",818,301247,"AD Cabofriense",False,506,2004,2005-01-31,Defined,30,2005,,,2,1,"DISPLAY_NAME_UNRESOLVED",89,MEDIUM
301669,"","da Conceição Francisco",IDENTITY_FRAGMENT,Contracted,723,818,301247,"AD Cabofriense",818,301247,"AD Cabofriense",False,242,2004,2006-01-31,Defined,30,2006,,,2,1,"DISPLAY_NAME_UNRESOLVED",89,MEDIUM
320754,"","da Costa Cardoso",IDENTITY_FRAGMENT,Contracted,4364,818,301247,"AD Cabofriense",818,301247,"AD Cabofriense",False,75,2001,2006-01-31,Defined,30,2006,,,2,1,"DISPLAY_NAME_UNRESOLVED",89,MEDIUM
302789,"","da Silva Azevedo",IDENTITY_FRAGMENT,Contracted,856,818,301247,"AD Cabofriense",818,301247,"AD Cabofriense",False,116,2003,2006-01-31,Defined,30,2006,,,2,1,"DISPLAY_NAME_UNRESOLVED",89,MEDIUM
3300887,"","da Silva Lopes",IDENTITY_FRAGMENT,Contracted,5522,818,301247,"AD Cabofriense",818,301247,"AD Cabofriense",False,158,2001,2006-01-31,Defined,30,2006,,,1,1,"DISPLAY_NAME_UNRESOLVED",89,MEDIUM
317573,"","Dário",IDENTITY_FRAGMENT,Contracted,3742,818,301247,"AD Cabofriense",818,301247,"AD Cabofriense",False,250,2001,2009-01-31,Defined,30,2009,,,1,1,"DISPLAY_NAME_UNRESOLVED",89,MEDIUM
320755,"","dos Santos Couto",IDENTITY_FRAGMENT,Contracted,4365,818,301247,"AD Cabofriense",818,301247,"AD Cabofriense",False,75,2001,2006-01-31,Defined,30,2006,,,2,1,"DISPLAY_NAME_UNRESOLVED",89,MEDIUM
3300174,"","dos Santos Ferraz",IDENTITY_FRAGMENT,Contracted,5270,818,301247,"AD Cabofriense",818,301247,"AD Cabofriense",False,157,2003,2005-01-31,Defined,30,2005,,,2,1,"DISPLAY_NAME_UNRESOLVED",89,MEDIUM
3300663,"","Filgueira Narciso",IDENTITY_FRAGMENT,Contracted,5417,818,301247,"AD Cabofriense",818,301247,"AD Cabofriense",False,275,2004,2006-01-31,Defined,30,2006,,,2,1,"DISPLAY_NAME_UNRESOLVED",89,MEDIUM
320757,"","Fliip",IDENTITY_FRAGMENT,Contracted,4367,818,301247,"AD Cabofriense",818,301247,"AD Cabofriense",False,226,2001,2006-01-31,Defined,30,2006,,,2,1,"DISPLAY_NAME_UNRESOLVED",89,MEDIUM
3300700,"","Gonçalves Luiz",IDENTITY_FRAGMENT,Contracted,5442,818,301247,"AD Cabofriense",818,301247,"AD Cabofriense",False,314,2001,2006-01-31,Defined,30,2006,,,2,1,"DISPLAY_NAME_UNRESOLVED",89,MEDIUM
312286,"","Leite de Santana",IDENTITY_FRAGMENT,Contracted,2544,818,301247,"AD Cabofriense",818,301247,"AD Cabofriense",False,75,2001,2006-01-31,Defined,30,2006,,,2,1,"DISPLAY_NAME_UNRESOLVED",89,MEDIUM
304115,"","Oréquio",IDENTITY_FRAGMENT,Contracted,1043,818,301247,"AD Cabofriense",818,301247,"AD Cabofriense",False,377,2001,2006-01-31,Defined,30,2006,,,2,1,"DISPLAY_NAME_UNRESOLVED",89,MEDIUM
312291,"","Pereira Agualusa",IDENTITY_FRAGMENT,Contracted,2546,818,301247,"AD Cabofriense",818,301247,"AD Cabofriense",False,75,2001,2006-01-31,Defined,30,2006,,,2,1,"DISPLAY_NAME_UNRESOLVED",89,MEDIUM
312288,"","Pereira Marins",IDENTITY_FRAGMENT,Contracted,2545,818,301247,"AD Cabofriense",818,301247,"AD Cabofriense",False,89,2001,2005-01-31,Defined,30,2005,,,2,1,"DISPLAY_NAME_UNRESOLVED",89,MEDIUM
7100150,"","Ricardo Frederico",IDENTITY_FRAGMENT,Contracted,6594,818,301247,"AD Cabofriense",818,301247,"AD Cabofriense",False,300,2004,2006-01-31,Defined,30,2006,,,2,1,"DISPLAY_NAME_UNRESOLVED",89,MEDIUM
315259,"","Silva Francisco",IDENTITY_FRAGMENT,Contracted,2721,818,301247,"AD Cabofriense",818,301247,"AD Cabofriense",False,156,2001,2006-01-31,Defined,30,2006,,,2,1,"DISPLAY_NAME_UNRESOLVED",89,MEDIUM
303566,"","Vieira Xavier",IDENTITY_FRAGMENT,Contracted,949,818,301247,"AD Cabofriense",818,301247,"AD Cabofriense",False,330,2004,2006-01-31,Defined,30,2006,,,2,1,"DISPLAY_NAME_UNRESOLVED",89,MEDIUM
305080,"","Wilson Januário",IDENTITY_FRAGMENT,OnLoan,1298,851,301310,"Joinville EC",818,301247,"AD Cabofriense",True,362,2001,2006-01-31,Defined,30,2006,362,2004-12-31,2,2,"DISPLAY_NAME_UNRESOLVED",97,HIGH
304508,"","Adhemar",IDENTITY_FRAGMENT,Contracted,1170,872,301354,"AD São Caetano",872,301354,"AD São Caetano",False,4477,2001,2006-01-31,Defined,30,2006,,,2,1,"DISPLAY_NAME_UNRESOLVED",89,MEDIUM
316519,"","Adílson Francisco",IDENTITY_FRAGMENT,Contracted,3313,872,301354,"AD São Caetano",872,301354,"AD São Caetano",False,75,2001,2005-01-31,Defined,30,2005,,,2,1,"DISPLAY_NAME_UNRESOLVED",89,MEDIUM
316532,"","Bispo Pereira Borges",IDENTITY_FRAGMENT,Contracted,3321,872,301354,"AD São Caetano",872,301354,"AD São Caetano",False,75,2001,2006-01-31,Defined,30,2006,,,2,1,"DISPLAY_NAME_UNRESOLVED",89,MEDIUM
316527,"","Borges Teixeira",IDENTITY_FRAGMENT,Contracted,3317,872,301354,"AD São Caetano",872,301354,"AD São Caetano",False,75,2001,2006-01-31,Defined,30,2006,,,2,1,"DISPLAY_NAME_UNRESOLVED",89,MEDIUM
3300170,"","Carlos Luciano",IDENTITY_FRAGMENT,Contracted,5266,872,301354,"AD São Caetano",872,301354,"AD São Caetano",False,3067,2004,2006-01-31,Defined,30,2006,,,2,1,"DISPLAY_NAME_UNRESOLVED",89,MEDIUM
316534,"","Chagas Ferreira",IDENTITY_FRAGMENT,Contracted,3323,872,301354,"AD São Caetano",872,301354,"AD São Caetano",False,61,2004,2005-01-31,Defined,30,2005,,,2,1,"DISPLAY_NAME_UNRESOLVED",89,MEDIUM
313080,"","Chininha",IDENTITY_FRAGMENT,Contracted,2567,872,301354,"AD São Caetano",872,301354,"AD São Caetano",False,282,2001,2006-01-31,Defined,30,2006,,,2,1,"DISPLAY_NAME_UNRESOLVED",89,MEDIUM
8832799,"","da Costa Norimatsu",IDENTITY_FRAGMENT,Contracted,7144,872,301354,"AD São Caetano",872,301354,"AD São Caetano",False,303,2004,2005-01-31,Defined,30,2005,,,1,1,"DISPLAY_NAME_UNRESOLVED",89,MEDIUM
316537,"","Da Cruz",IDENTITY_FRAGMENT,Contracted,3325,872,301354,"AD São Caetano",872,301354,"AD São Caetano",False,75,2001,2005-01-31,Defined,30,2005,,,2,1,"DISPLAY_NAME_UNRESOLVED",89,MEDIUM
319928,"","de Carvalho Fagundes",IDENTITY_FRAGMENT,Contracted,4221,872,301354,"AD São Caetano",872,301354,"AD São Caetano",False,75,2001,2006-01-31,Defined,30,2006,,,2,1,"DISPLAY_NAME_UNRESOLVED",89,MEDIUM
8825845,"","de Carvalho Silva",IDENTITY_FRAGMENT,Contracted,6809,872,301354,"AD São Caetano",872,301354,"AD São Caetano",False,734,2004,2006-01-31,Defined,30,2006,,,2,1,"DISPLAY_NAME_UNRESOLVED",89,MEDIUM
316526,"","de Paula Limeira",IDENTITY_FRAGMENT,Contracted,3316,872,301354,"AD São Caetano",872,301354,"AD São Caetano",False,75,2001,2006-01-31,Defined,30,2006,,,2,1,"DISPLAY_NAME_UNRESOLVED",89,MEDIUM
3301158,"","de Souza Caiche",IDENTITY_FRAGMENT,Contracted,5633,872,301354,"AD São Caetano",872,301354,"AD São Caetano",False,449,2004,2006-01-31,Defined,30,2006,,,2,1,"DISPLAY_NAME_UNRESOLVED",89,MEDIUM
310748,"","dos Santos de Oliveira",IDENTITY_FRAGMENT,Contracted,2086,872,301354,"AD São Caetano",872,301354,"AD São Caetano",False,223,2001,2006-01-31,Defined,30,2006,,,2,1,"DISPLAY_NAME_UNRESOLVED",89,MEDIUM
304738,"","Éder Marcelo",IDENTITY_FRAGMENT,OnLoan,1238,1064,311026,"Marília AC",872,301354,"AD São Caetano",True,384,2003,2006-06-08,Defined,158,2006,384,2004-12-31,2,2,"DISPLAY_NAME_UNRESOLVED",97,HIGH
309111,"","Édson Mendes",IDENTITY_FRAGMENT,Contracted,1981,872,301354,"AD São Caetano",872,301354,"AD São Caetano",False,163,2004,2007-12-31,Defined,364,2007,,,2,1,"DISPLAY_NAME_UNRESOLVED",89,MEDIUM
3900033,"","Euller Elias",IDENTITY_FRAGMENT,Contracted,5954,872,301354,"AD São Caetano",872,301354,"AD São Caetano",False,2966,2004,2004-12-31,Defined,365,2004,,,2,1,"DISPLAY_NAME_UNRESOLVED",89,MEDIUM
310752,"","Forte",IDENTITY_FRAGMENT,Contracted,2090,872,301354,"AD São Caetano",872,301354,"AD São Caetano",False,459,2001,2007-01-31,Defined,30,2007,,,1,1,"DISPLAY_NAME_UNRESOLVED",89,MEDIUM
311204,"","França da Silva",IDENTITY_FRAGMENT,Contracted,2304,872,301354,"AD São Caetano",872,301354,"AD São Caetano",False,459,2001,2007-01-31,Defined,30,2007,,,2,1,"DISPLAY_NAME_UNRESOLVED",89,MEDIUM
310774,"","Garcia Borges",IDENTITY_FRAGMENT,Contracted,2103,872,301354,"AD São Caetano",872,301354,"AD São Caetano",False,312,2002,2007-05-26,Defined,145,2007,,,1,1,"DISPLAY_NAME_UNRESOLVED",89,MEDIUM
304501,"","Irondino",IDENTITY_FRAGMENT,Contracted,1164,872,301354,"AD São Caetano",872,301354,"AD São Caetano",False,632,2001,2005-12-31,Defined,364,2005,,,2,1,"DISPLAY_NAME_UNRESOLVED",89,MEDIUM
316528,"","João Américo",IDENTITY_FRAGMENT,Contracted,3318,872,301354,"AD São Caetano",872,301354,"AD São Caetano",False,75,2001,2006-01-31,Defined,30,2006,,,2,1,"DISPLAY_NAME_UNRESOLVED",89,MEDIUM
8835083,"Jonas","Jonas Jessue",KNOWN_DISPLAY_NAME,FormationContract,7642,872,301354,"AD São Caetano",872,301354,"AD São Caetano",False,33,2004,,NotDefined,1,1900,,,2,1,"SENTINEL_END_DATE",89,MEDIUM
3301578,"","José Cândido",IDENTITY_FRAGMENT,Contracted,5814,872,301354,"AD São Caetano",872,301354,"AD São Caetano",False,733,2001,2009-01-31,Defined,30,2009,,,2,1,"DISPLAY_NAME_UNRESOLVED",89,MEDIUM
308977,"","Junqueira Sales",IDENTITY_FRAGMENT,Contracted,1975,872,301354,"AD São Caetano",872,301354,"AD São Caetano",False,2557,2001,2006-01-31,Defined,30,2006,,,2,1,"DISPLAY_NAME_UNRESOLVED",89,MEDIUM
14525,"","Laaber",IDENTITY_FRAGMENT,OnLoan,357,48,319,"SC Corinthians Paulista",872,301354,"AD São Caetano",True,2064,2004,2004-12-31,Defined,365,2004,2064,2004-12-31,2,2,"DISPLAY_NAME_UNRESOLVED",97,HIGH
3300841,"","Lima Veiga",IDENTITY_FRAGMENT,Contracted,5496,872,301354,"AD São Caetano",872,301354,"AD São Caetano",False,4784,2004,2006-12-31,Defined,364,2006,,,2,1,"DISPLAY_NAME_UNRESOLVED",89,MEDIUM
3301317,"","Lúcio Flávio",IDENTITY_FRAGMENT,Contracted,5726,872,301354,"AD São Caetano",872,301354,"AD São Caetano",False,924,2004,2008-01-15,Defined,14,2008,,,1,1,"DISPLAY_NAME_UNRESOLVED",89,MEDIUM
318758,"","Luiz",IDENTITY_FRAGMENT,Contracted,3948,872,301354,"AD São Caetano",872,301354,"AD São Caetano",False,205,2002,2007-06-27,Defined,177,2007,,,2,1,"DISPLAY_NAME_UNRESOLVED",89,MEDIUM
311203,"","Luiz César",IDENTITY_FRAGMENT,Contracted,2303,872,301354,"AD São Caetano",872,301354,"AD São Caetano",False,459,2001,2007-01-31,Defined,30,2007,,,1,1,"DISPLAY_NAME_UNRESOLVED",89,MEDIUM
311786,"","Márcio Alexandre",IDENTITY_FRAGMENT,Contracted,2452,872,301354,"AD São Caetano",872,301354,"AD São Caetano",False,75,2004,2007-12-31,Defined,364,2007,,,2,1,"DISPLAY_NAME_UNRESOLVED",89,MEDIUM
304461,"","Martinelli da Silva",IDENTITY_FRAGMENT,Contracted,1148,872,301354,"AD São Caetano",872,301354,"AD São Caetano",False,76,2003,2008-04-02,Defined,92,2008,,,2,1,"DISPLAY_NAME_UNRESOLVED",89,MEDIUM
312252,"","Mendonça de Mattos",IDENTITY_FRAGMENT,Contracted,2537,872,301354,"AD São Caetano",872,301354,"AD São Caetano",False,337,2004,2008-12-31,Defined,365,2008,,,2,1,"DISPLAY_NAME_UNRESOLVED",89,MEDIUM
3301166,"","Miranda de Oliveira",IDENTITY_FRAGMENT,Contracted,5637,872,301354,"AD São Caetano",872,301354,"AD São Caetano",False,413,2004,2006-12-31,Defined,364,2006,,,2,1,"DISPLAY_NAME_UNRESOLVED",89,MEDIUM
304464,"","Miranda Rocha da Silva",IDENTITY_FRAGMENT,Contracted,1150,872,301354,"AD São Caetano",872,301354,"AD São Caetano",False,755,2003,2008-05-05,Defined,125,2008,,,2,1,"DISPLAY_NAME_UNRESOLVED",89,MEDIUM
6900052,"","Nelo",IDENTITY_FRAGMENT,Contracted,6435,872,301354,"AD São Caetano",872,301354,"AD São Caetano",False,653,2004,2006-01-31,Defined,30,2006,,,1,1,"DISPLAY_NAME_UNRESOLVED",89,MEDIUM
316518,"","Patrocínio Rosa",IDENTITY_FRAGMENT,Contracted,3312,872,301354,"AD São Caetano",872,301354,"AD São Caetano",False,459,2001,2007-01-31,Defined,30,2007,,,2,1,"DISPLAY_NAME_UNRESOLVED",89,MEDIUM
2013448,"","Pereira de Camargo",IDENTITY_FRAGMENT,Contracted,5105,872,301354,"AD São Caetano",872,301354,"AD São Caetano",False,341,2004,2006-01-31,Defined,30,2006,,,2,1,"DISPLAY_NAME_UNRESOLVED",89,MEDIUM
305445,"","Péricles Raimundo",IDENTITY_FRAGMENT,Contracted,1365,872,301354,"AD São Caetano",872,301354,"AD São Caetano",False,2334,2001,2008-01-31,Defined,30,2008,,,1,1,"DISPLAY_NAME_UNRESOLVED",89,MEDIUM
310744,"","Quadros da Silva",IDENTITY_FRAGMENT,Contracted,2085,872,301354,"AD São Caetano",872,301354,"AD São Caetano",False,215,2001,2006-01-31,Defined,30,2006,,,2,1,"DISPLAY_NAME_UNRESOLVED",89,MEDIUM
316520,"","Reinaldo Leandro",IDENTITY_FRAGMENT,Contracted,3314,872,301354,"AD São Caetano",872,301354,"AD São Caetano",False,75,2001,2005-01-31,Defined,30,2005,,,2,1,"DISPLAY_NAME_UNRESOLVED",89,MEDIUM
316529,"","Rodrigues Scuccuglia",IDENTITY_FRAGMENT,Contracted,3319,872,301354,"AD São Caetano",872,301354,"AD São Caetano",False,359,2001,2006-01-31,Defined,30,2006,,,2,1,"DISPLAY_NAME_UNRESOLVED",89,MEDIUM
3301333,"","Rosivaldo",IDENTITY_FRAGMENT,Contracted,5735,872,301354,"AD São Caetano",872,301354,"AD São Caetano",False,432,2003,2006-01-31,Defined,30,2006,,,2,1,"DISPLAY_NAME_UNRESOLVED",89,MEDIUM
310753,"","Sagrillo",IDENTITY_FRAGMENT,Contracted,2091,872,301354,"AD São Caetano",872,301354,"AD São Caetano",False,759,2001,2009-01-31,Defined,30,2009,,,2,1,"DISPLAY_NAME_UNRESOLVED",89,MEDIUM
304493,"","Sílvio Luiz",IDENTITY_FRAGMENT,Contracted,1159,872,301354,"AD São Caetano",872,301354,"AD São Caetano",False,3060,1998,2005-12-31,Defined,364,2005,,,2,1,"DISPLAY_NAME_UNRESOLVED",89,MEDIUM
319223,"","Triguinho",IDENTITY_FRAGMENT,OnLoan,3989,849,301306,"Figueirense FC",872,301354,"AD São Caetano",True,790,2001,2006-01-31,Defined,30,2006,790,2004-12-31,1,2,"DISPLAY_NAME_UNRESOLVED",97,HIGH
6900550,"","Venâncio de Albuquerque",IDENTITY_FRAGMENT,OnLoan,6551,64,335,"Santos FC",872,301354,"AD São Caetano",True,82,2001,2006-01-31,Defined,30,2006,82,2004-12-31,1,2,"DISPLAY_NAME_UNRESOLVED",97,HIGH
306328,"","Carlos Isidro",IDENTITY_FRAGMENT,Contracted,1550,537,104982,"AD Vasco da Gama",537,104982,"AD Vasco da Gama",False,75,2001,2006-01-31,Defined,30,2006,,,1,1,"DISPLAY_NAME_UNRESOLVED",89,MEDIUM
306316,"","Cláudio José",IDENTITY_FRAGMENT,Contracted,1546,537,104982,"AD Vasco da Gama",537,104982,"AD Vasco da Gama",False,75,2001,2006-01-31,Defined,30,2006,,,2,1,"DISPLAY_NAME_UNRESOLVED",89,MEDIUM
306327,"","Honório Oliveira",IDENTITY_FRAGMENT,Contracted,1549,537,104982,"AD Vasco da Gama",537,104982,"AD Vasco da Gama",False,75,2001,2006-01-31,Defined,30,2006,,,2,1,"DISPLAY_NAME_UNRESOLVED",89,MEDIUM
306312,"","Josué",IDENTITY_FRAGMENT,Contracted,1544,537,104982,"AD Vasco da Gama",537,104982,"AD Vasco da Gama",False,75,2001,2006-01-31,Defined,30,2006,,,2,1,"DISPLAY_NAME_UNRESOLVED",89,MEDIUM
306313,"","Máximo",IDENTITY_FRAGMENT,Contracted,1545,537,104982,"AD Vasco da Gama",537,104982,"AD Vasco da Gama",False,92,2001,2006-01-31,Defined,30,2006,,,2,1,"DISPLAY_NAME_UNRESOLVED",89,MEDIUM
316823,"","Raimundo de Almida",IDENTITY_FRAGMENT,Contracted,3511,537,104982,"AD Vasco da Gama",537,104982,"AD Vasco da Gama",False,294,2001,2007-01-31,Defined,30,2007,,,1,1,"DISPLAY_NAME_UNRESOLVED",89,MEDIUM
304639,"","Marcos Silva",IDENTITY_FRAGMENT,Contracted,1227,935,308938,"AE Araçatuba",935,308938,"AE Araçatuba",False,442,2003,2006-01-31,Defined,30,2006,,,2,1,"DISPLAY_NAME_UNRESOLVED",89,MEDIUM
317386,"","Alvim dos Santos",IDENTITY_FRAGMENT,Contracted,3712,1098,311960,"AE Catuense",1098,311960,"AE Catuense",False,89,2001,2006-01-31,Defined,30,2006,,,2,1,"DISPLAY_NAME_UNRESOLVED",89,MEDIUM
317392,"","Assis",IDENTITY_FRAGMENT,Contracted,3717,1098,311960,"AE Catuense",1098,311960,"AE Catuense",False,276,2001,2007-01-31,Defined,30,2007,,,1,1,"DISPLAY_NAME_UNRESOLVED",89,MEDIUM
317390,"","Braúna",IDENTITY_FRAGMENT,Contracted,3716,1098,311960,"AE Catuense",1098,311960,"AE Catuense",False,197,2001,2006-01-31,Defined,30,2006,,,1,1,"DISPLAY_NAME_UNRESOLVED",89,MEDIUM
317385,"","Castro da Costa",IDENTITY_FRAGMENT,Contracted,3711,1098,311960,"AE Catuense",1098,311960,"AE Catuense",False,201,2001,2006-01-31,Defined,30,2006,,,2,1,"DISPLAY_NAME_UNRESOLVED",89,MEDIUM
317383,"","da Cruz Vieira",IDENTITY_FRAGMENT,Contracted,3709,1098,311960,"AE Catuense",1098,311960,"AE Catuense",False,161,2001,2006-01-31,Defined,30,2006,,,2,1,"DISPLAY_NAME_UNRESOLVED",89,MEDIUM
317388,"","Elzon",IDENTITY_FRAGMENT,Contracted,3714,1098,311960,"AE Catuense",1098,311960,"AE Catuense",False,75,2001,2005-01-31,Defined,30,2005,,,2,1,"DISPLAY_NAME_UNRESOLVED",89,MEDIUM
316273,"","Erasmo",IDENTITY_FRAGMENT,OnLoan,3189,69,340,"EC Vitória",1098,311960,"AE Catuense",True,30,2001,2005-01-31,Defined,30,2005,30,2004-12-31,2,2,"DISPLAY_NAME_UNRESOLVED",97,HIGH
317608,"","José Celso",IDENTITY_FRAGMENT,Contracted,3749,1098,311960,"AE Catuense",1098,311960,"AE Catuense",False,143,2001,2006-01-31,Defined,30,2006,,,1,1,"DISPLAY_NAME_UNRESOLVED",89,MEDIUM
8830369,"","Nicolas",IDENTITY_FRAGMENT,OnLoan,7056,69,340,"EC Vitória",1098,311960,"AE Catuense",True,30,2001,2005-01-31,Defined,30,2005,30,2004-12-31,2,2,"DISPLAY_NAME_UNRESOLVED",97,HIGH
8825853,"","Nílton César",IDENTITY_FRAGMENT,Contracted,6811,879,301367,"AE Jataiense",879,301367,"AE Jataiense",False,319,2001,2006-01-31,Defined,30,2006,,,2,1,"DISPLAY_NAME_UNRESOLVED",89,MEDIUM
306997,"","Olávio Dorico",IDENTITY_FRAGMENT,Contracted,1760,1814,8832362,"AE Sapiranga",1814,8832362,"AE Sapiranga",False,250,2001,2008-01-31,Defined,30,2008,,,1,1,"DISPLAY_NAME_UNRESOLVED",89,MEDIUM
312161,"","Edinho Cardoso",IDENTITY_FRAGMENT,Contracted,2513,967,309628,"AEC Baraúnas",967,309628,"AEC Baraúnas",False,250,2001,2009-01-31,Defined,30,2009,,,1,1,"DISPLAY_NAME_UNRESOLVED",89,MEDIUM
310874,"","Maxwell Scherer",IDENTITY_FRAGMENT,Contracted,2143,207,992,"AFC Ajax",207,992,"AFC Ajax",False,18971,2001,2006-07-01,Defined,181,2006,,,2,1,"DISPLAY_NAME_UNRESOLVED",89,MEDIUM
5230005,"","Edson Marcelo",IDENTITY_FRAGMENT,Contracted,6202,1517,400362,"Ajaccio",1517,400362,"Ajaccio",False,3905,2004,2007-06-30,Defined,180,2007,,,2,1,"DISPLAY_NAME_UNRESOLVED",89,MEDIUM
3301207,"","Pereira Surcin",IDENTITY_FRAGMENT,Contracted,5664,1517,400362,"Ajaccio",1517,400362,"Ajaccio",False,6921,2004,2005-06-30,Defined,180,2005,,,2,1,"DISPLAY_NAME_UNRESOLVED",89,MEDIUM
3900632,"","Louruz",IDENTITY_FRAGMENT,Contracted,5959,500,102850,"Al Ahli (KSA)",500,102850,"Al Ahli (KSA)",False,4928,2001,2008-12-31,Defined,365,2008,,,2,1,"DISPLAY_NAME_UNRESOLVED",89,MEDIUM
5260810,"","Rogério Josué",IDENTITY_FRAGMENT,Contracted,6221,500,102850,"Al Ahli (KSA)",500,102850,"Al Ahli (KSA)",False,1314,2004,2006-12-31,Defined,364,2006,,,2,1,"DISPLAY_NAME_UNRESOLVED",89,MEDIUM
3301303,"","Rodrigo Mendes",IDENTITY_FRAGMENT,Contracted,5717,1581,950376,"Al Ain",1581,950376,"Al Ain",False,9929,2001,2006-12-31,Defined,364,2006,,,2,1,"DISPLAY_NAME_UNRESOLVED",89,MEDIUM
8626147,"","Cabral",IDENTITY_FRAGMENT,Contracted,6699,508,102859,"Al Arabi (QAT)",508,102859,"Al Arabi (QAT)",False,2000,2001,2008-12-31,Defined,365,2008,,,1,1,"DISPLAY_NAME_UNRESOLVED",89,MEDIUM
305590,"","Simas Luciano",IDENTITY_FRAGMENT,Contracted,1391,551,106063,"Al Ittihad (KSA)",551,106063,"Al Ittihad (KSA)",False,1003,2003,2005-06-30,Defined,180,2005,,,1,1,"DISPLAY_NAME_UNRESOLVED",89,MEDIUM
302460,"","Paulo Frederico",IDENTITY_FRAGMENT,OnLoan,806,54,325,"Guarani FC",1767,5627593,"Al Khor",True,566,2003,2006-01-31,Defined,30,2006,566,2005-12-31,2,2,"DISPLAY_NAME_UNRESOLVED",97,HIGH
312180,"","Baéca",IDENTITY_FRAGMENT,Contracted,2514,823,301257,"Alecrim FC",823,301257,"Alecrim FC",False,250,2001,2008-01-31,Defined,30,2008,,,1,1,"DISPLAY_NAME_UNRESOLVED",89,MEDIUM
316115,"","Alexandre Baby",IDENTITY_FRAGMENT,Contracted,3107,1042,310389,"Alegrense FC",1042,310389,"Alegrense FC",False,412,2001,2006-01-31,Defined,30,2006,,,2,1,"DISPLAY_NAME_UNRESOLVED",89,MEDIUM
316109,"","Almeida Cruz",IDENTITY_FRAGMENT,Contracted,3102,1042,310389,"Alegrense FC",1042,310389,"Alegrense FC",False,146,2001,2006-01-31,Defined,30,2006,,,2,1,"DISPLAY_NAME_UNRESOLVED",89,MEDIUM
316118,"","Cabral dos Santos",IDENTITY_FRAGMENT,Contracted,3110,1042,310389,"Alegrense FC",1042,310389,"Alegrense FC",False,161,2001,2006-01-31,Defined,30,2006,,,2,1,"DISPLAY_NAME_UNRESOLVED",89,MEDIUM
316119,"","Costa Carvalho",IDENTITY_FRAGMENT,Contracted,3111,1042,310389,"Alegrense FC",1042,310389,"Alegrense FC",False,466,2001,2006-01-31,Defined,30,2006,,,2,1,"DISPLAY_NAME_UNRESOLVED",89,MEDIUM
315795,"","Dirley",IDENTITY_FRAGMENT,Contracted,2905,1042,310389,"Alegrense FC",1042,310389,"Alegrense FC",False,206,2002,2006-01-31,Defined,30,2006,,,1,1,"DISPLAY_NAME_UNRESOLVED",89,MEDIUM
316117,"","Edivaldo",IDENTITY_FRAGMENT,Contracted,3109,1042,310389,"Alegrense FC",1042,310389,"Alegrense FC",False,243,2001,2006-01-31,Defined,30,2006,,,2,1,"DISPLAY_NAME_UNRESOLVED",89,MEDIUM
316106,"","Falcão Pereira",IDENTITY_FRAGMENT,Contracted,3099,1042,310389,"Alegrense FC",1042,310389,"Alegrense FC",False,239,2001,2005-01-31,Defined,30,2005,,,1,1,"DISPLAY_NAME_UNRESOLVED",89,MEDIUM
316110,"","Lins dos Santos",IDENTITY_FRAGMENT,Contracted,3103,1042,310389,"Alegrense FC",1042,310389,"Alegrense FC",False,245,2001,2006-01-31,Defined,30,2006,,,2,1,"DISPLAY_NAME_UNRESOLVED",89,MEDIUM
316116,"","Neves Lima",IDENTITY_FRAGMENT,Contracted,3108,1042,310389,"Alegrense FC",1042,310389,"Alegrense FC",False,179,2001,2006-01-31,Defined,30,2006,,,2,1,"DISPLAY_NAME_UNRESOLVED",89,MEDIUM
316111,"","Reiger",IDENTITY_FRAGMENT,Contracted,3104,1042,310389,"Alegrense FC",1042,310389,"Alegrense FC",False,492,2001,2006-01-31,Defined,30,2006,,,2,1,"DISPLAY_NAME_UNRESOLVED",89,MEDIUM
316114,"","Samuel Lima",IDENTITY_FRAGMENT,Contracted,3106,1042,310389,"Alegrense FC",1042,310389,"Alegrense FC",False,100,2001,2009-01-31,Defined,30,2009,,,2,1,"DISPLAY_NAME_UNRESOLVED",89,MEDIUM
316120,"","Torres Cardoso",IDENTITY_FRAGMENT,Contracted,3112,1042,310389,"Alegrense FC",1042,310389,"Alegrense FC",False,248,2001,2005-01-31,Defined,30,2005,,,2,1,"DISPLAY_NAME_UNRESOLVED",89,MEDIUM
318294,"","Pedro Marcelo",IDENTITY_FRAGMENT,Contracted,3898,1190,313315,"Amadense EC",1190,313315,"Amadense EC",False,250,2001,2008-01-31,Defined,30,2008,,,2,1,"DISPLAY_NAME_UNRESOLVED",89,MEDIUM
8833473,"","Alves Botelho",IDENTITY_FRAGMENT,Contracted,7327,565,107201,"América FC (MG)",565,107201,"América FC (MG)",False,284,2001,2006-05-01,Defined,120,2006,,,2,1,"DISPLAY_NAME_UNRESOLVED",89,MEDIUM
3301124,"","Alves da Silva Almeida",IDENTITY_FRAGMENT,Contracted,5619,565,107201,"América FC (MG)",565,107201,"América FC (MG)",False,247,2001,2006-01-31,Defined,30,2006,,,2,1,"DISPLAY_NAME_UNRESOLVED",89,MEDIUM
310597,"","Anderson Aurélio",IDENTITY_FRAGMENT,Contracted,2042,565,107201,"América FC (MG)",565,107201,"América FC (MG)",False,84,2001,2009-01-31,Defined,30,2009,,,2,1,"DISPLAY_NAME_UNRESOLVED",89,MEDIUM
303252,"","André Figueiredo",IDENTITY_FRAGMENT,Contracted,915,565,107201,"América FC (MG)",565,107201,"América FC (MG)",False,161,2001,2006-01-31,Defined,30,2006,,,2,1,"DISPLAY_NAME_UNRESOLVED",89,MEDIUM
309109,"","André Henrique",IDENTITY_FRAGMENT,Contracted,1980,565,107201,"América FC (MG)",565,107201,"América FC (MG)",False,185,2001,2007-02-28,Defined,58,2007,,,2,1,"DISPLAY_NAME_UNRESOLVED",89,MEDIUM
310604,"","Aparecido Vivas Vergílio",IDENTITY_FRAGMENT,Contracted,2046,565,107201,"América FC (MG)",565,107201,"América FC (MG)",False,237,2001,2006-01-31,Defined,30,2006,,,1,1,"DISPLAY_NAME_UNRESOLVED",89,MEDIUM
8833480,"","Avelino Coelho",IDENTITY_FRAGMENT,Contracted,7334,565,107201,"América FC (MG)",565,107201,"América FC (MG)",False,30,2001,2006-12-26,Defined,359,2006,,,2,1,"DISPLAY_NAME_UNRESOLVED",89,MEDIUM
729008,"","Batista de Jesus",IDENTITY_FRAGMENT,Contracted,4704,565,107201,"América FC (MG)",565,107201,"América FC (MG)",False,207,2001,2006-01-31,Defined,30,2006,,,2,1,"DISPLAY_NAME_UNRESOLVED",89,MEDIUM
309118,"","Carvalho Silva",IDENTITY_FRAGMENT,Contracted,1986,565,107201,"América FC (MG)",565,107201,"América FC (MG)",False,470,2000,2005-02-01,Defined,31,2005,,,2,1,"DISPLAY_NAME_UNRESOLVED",89,MEDIUM
8833483,"","Coelho Claudiano",IDENTITY_FRAGMENT,Contracted,7337,565,107201,"América FC (MG)",565,107201,"América FC (MG)",False,194,2001,2007-03-25,Defined,83,2007,,,2,1,"DISPLAY_NAME_UNRESOLVED",89,MEDIUM
310600,"","Conte Minari",IDENTITY_FRAGMENT,Contracted,2044,565,107201,"América FC (MG)",565,107201,"América FC (MG)",False,162,2001,2006-01-31,Defined,30,2006,,,2,1,"DISPLAY_NAME_UNRESOLVED",89,MEDIUM
8833481,"","da Fonseca Euzébio",IDENTITY_FRAGMENT,Contracted,7335,565,107201,"América FC (MG)",565,107201,"América FC (MG)",False,155,2004,2004-12-31,Defined,365,2004,,,2,1,"DISPLAY_NAME_UNRESOLVED",89,MEDIUM
8833477,"","Daniel Célio",IDENTITY_FRAGMENT,Contracted,7331,565,107201,"América FC (MG)",565,107201,"América FC (MG)",False,161,2001,2006-06-02,Defined,152,2006,,,2,1,"DISPLAY_NAME_UNRESOLVED",89,MEDIUM
303255,"","de Oliveira Preto",IDENTITY_FRAGMENT,Contracted,918,565,107201,"América FC (MG)",565,107201,"América FC (MG)",False,755,2001,2009-01-31,Defined,30,2009,,,2,1,"DISPLAY_NAME_UNRESOLVED",89,MEDIUM
8833478,"","Deílson Elias",IDENTITY_FRAGMENT,Contracted,7332,565,107201,"América FC (MG)",565,107201,"América FC (MG)",False,196,2001,2005-01-31,Defined,30,2005,,,2,1,"DISPLAY_NAME_UNRESOLVED",89,MEDIUM
3301130,"","Dutra de Resende",IDENTITY_FRAGMENT,Contracted,5622,565,107201,"América FC (MG)",565,107201,"América FC (MG)",False,606,2002,2006-12-31,Defined,364,2006,,,2,1,"DISPLAY_NAME_UNRESOLVED",89,MEDIUM
304967,"","Evaristo",IDENTITY_FRAGMENT,Contracted,1286,565,107201,"América FC (MG)",565,107201,"América FC (MG)",False,160,2002,2006-01-31,Defined,30,2006,,,2,1,"DISPLAY_NAME_UNRESOLVED",89,MEDIUM
8833479,"","Fahel Matos",IDENTITY_FRAGMENT,Contracted,7333,565,107201,"América FC (MG)",565,107201,"América FC (MG)",False,235,2003,2006-01-31,Defined,30,2006,,,2,1,"DISPLAY_NAME_UNRESOLVED",89,MEDIUM
8833485,"","Foletto",IDENTITY_FRAGMENT,Contracted,7339,565,107201,"América FC (MG)",565,107201,"América FC (MG)",False,170,2001,2004-12-31,Defined,365,2004,,,2,1,"DISPLAY_NAME_UNRESOLVED",89,MEDIUM
8833484,"","France da Silva",IDENTITY_FRAGMENT,Contracted,7338,565,107201,"América FC (MG)",565,107201,"América FC (MG)",False,184,2003,2005-03-31,Defined,89,2005,,,2,1,"DISPLAY_NAME_UNRESOLVED",89,MEDIUM
6900123,"","Francisco Narcízio",IDENTITY_FRAGMENT,Contracted,6484,565,107201,"América FC (MG)",565,107201,"América FC (MG)",False,602,2001,2005-01-31,Defined,30,2005,,,1,1,"DISPLAY_NAME_UNRESOLVED",89,MEDIUM
310596,"","Furlan",IDENTITY_FRAGMENT,Contracted,2041,565,107201,"América FC (MG)",565,107201,"América FC (MG)",False,169,2001,2007-01-31,Defined,30,2007,,,1,1,"DISPLAY_NAME_UNRESOLVED",89,MEDIUM
2001669,"","Gélson",IDENTITY_FRAGMENT,OnLoan,5018,573,107216,"Ituano SCF",565,107201,"América FC (MG)",True,295,2001,2006-01-31,Defined,30,2006,295,2004-12-31,2,2,"DISPLAY_NAME_UNRESOLVED",97,HIGH
302030,"","Goiano",IDENTITY_FRAGMENT,Contracted,758,565,107201,"América FC (MG)",565,107201,"América FC (MG)",False,323,2002,2005-01-31,Defined,30,2005,,,2,1,"DISPLAY_NAME_UNRESOLVED",89,MEDIUM
309112,"","Gonçalves Lima",IDENTITY_FRAGMENT,Contracted,1982,565,107201,"América FC (MG)",565,107201,"América FC (MG)",False,249,2001,2006-01-31,Defined,30,2006,,,2,1,"DISPLAY_NAME_UNRESOLVED",89,MEDIUM
3300004,"","José Caetano",IDENTITY_FRAGMENT,OnLoan,5219,790,301194,"Mamoré EC",565,107201,"América FC (MG)",True,168,2002,2006-01-31,Defined,30,2006,168,2004-12-31,2,2,"DISPLAY_NAME_UNRESOLVED",97,HIGH
309113,"","Laílson",IDENTITY_FRAGMENT,Contracted,1983,565,107201,"América FC (MG)",565,107201,"América FC (MG)",False,174,2001,2005-12-31,Defined,364,2005,,,2,1,"DISPLAY_NAME_UNRESOLVED",89,MEDIUM
317141,"","Marcelo Luiz",IDENTITY_FRAGMENT,Contracted,3613,565,107201,"América FC (MG)",565,107201,"América FC (MG)",False,173,2002,2005-10-22,Defined,294,2005,,,2,1,"DISPLAY_NAME_UNRESOLVED",89,MEDIUM
8833476,"","Morais Reis",IDENTITY_FRAGMENT,Contracted,7330,565,107201,"América FC (MG)",565,107201,"América FC (MG)",False,30,2001,2005-05-14,Defined,133,2005,,,2,1,"DISPLAY_NAME_UNRESOLVED",89,MEDIUM
307347,"","Pléz Honorato",IDENTITY_FRAGMENT,Contracted,1841,565,107201,"América FC (MG)",565,107201,"América FC (MG)",False,386,2004,2005-01-06,Defined,5,2005,,,2,1,"DISPLAY_NAME_UNRESOLVED",89,MEDIUM
303254,"","Ranieri",IDENTITY_FRAGMENT,Contracted,917,565,107201,"América FC (MG)",565,107201,"América FC (MG)",False,107,2001,2006-01-31,Defined,30,2006,,,1,1,"DISPLAY_NAME_UNRESOLVED",89,MEDIUM
4101983,"","Reginaldo Aparecido",IDENTITY_FRAGMENT,Contracted,5998,565,107201,"América FC (MG)",565,107201,"América FC (MG)",False,141,2004,2004-12-31,Defined,365,2004,,,2,1,"DISPLAY_NAME_UNRESOLVED",89,MEDIUM
304943,"","Reinaldo José",IDENTITY_FRAGMENT,Contracted,1284,565,107201,"América FC (MG)",565,107201,"América FC (MG)",False,304,2003,2004-12-31,Defined,365,2004,,,2,1,"DISPLAY_NAME_UNRESOLVED",89,MEDIUM
309116,"","Ricardo Luiz",IDENTITY_FRAGMENT,Contracted,1984,565,107201,"América FC (MG)",565,107201,"América FC (MG)",False,212,2001,2006-12-31,Defined,364,2006,,,2,1,"DISPLAY_NAME_UNRESOLVED",89,MEDIUM
309117,"","Rodrigo Leonardo",IDENTITY_FRAGMENT,Contracted,1985,565,107201,"América FC (MG)",565,107201,"América FC (MG)",False,270,2001,2006-12-31,Defined,364,2006,,,2,1,"DISPLAY_NAME_UNRESOLVED",89,MEDIUM
8833475,"","Teixeira Duarte",IDENTITY_FRAGMENT,Contracted,7329,565,107201,"América FC (MG)",565,107201,"América FC (MG)",False,197,2001,2006-03-02,Defined,60,2006,,,2,1,"DISPLAY_NAME_UNRESOLVED",89,MEDIUM
6900061,"","Tércio",IDENTITY_FRAGMENT,Contracted,6442,565,107201,"América FC (MG)",565,107201,"América FC (MG)",False,212,2002,2006-01-31,Defined,30,2006,,,2,1,"DISPLAY_NAME_UNRESOLVED",89,MEDIUM
320496,"","Todescato",IDENTITY_FRAGMENT,OnLoan,4312,56,327,"EC Juventude",565,107201,"América FC (MG)",True,162,2003,2008-01-01,Defined,0,2008,162,2004-12-31,2,2,"DISPLAY_NAME_UNRESOLVED",97,HIGH
309119,"","Wesley Christian",IDENTITY_FRAGMENT,Contracted,1987,565,107201,"América FC (MG)",565,107201,"América FC (MG)",False,75,2001,2006-01-31,Defined,30,2006,,,2,1,"DISPLAY_NAME_UNRESOLVED",89,MEDIUM
315110,"","Alan Carlos",IDENTITY_FRAGMENT,OnLoan,2606,51,322,"CR Flamengo",1565,900996,"América FC (RJ)",True,331,2001,2006-01-31,Defined,30,2006,331,2004-12-31,2,2,"DISPLAY_NAME_UNRESOLVED",97,HIGH
8833486,"","Alan Kardec",IDENTITY_FRAGMENT,Contracted,7340,1565,900996,"América FC (RJ)",1565,900996,"América FC (RJ)",False,77,2001,2006-01-31,Defined,30,2006,,,2,1,"DISPLAY_NAME_UNRESOLVED",89,MEDIUM
8827045,"","Alfredo",IDENTITY_FRAGMENT,Contracted,6869,1565,900996,"América FC (RJ)",1565,900996,"América FC (RJ)",False,100,2001,2008-01-31,Defined,30,2008,,,1,1,"DISPLAY_NAME_UNRESOLVED",89,MEDIUM
315377,"","Almeida Triunfo",IDENTITY_FRAGMENT,Contracted,2776,1565,900996,"América FC (RJ)",1565,900996,"América FC (RJ)",False,75,2001,2005-01-31,Defined,30,2005,,,2,1,"DISPLAY_NAME_UNRESOLVED",89,MEDIUM
306150,"","Araújo do Nascimento",IDENTITY_FRAGMENT,OnLoan,1520,1077,311103,"CE Arraial do Cabo",1565,900996,"América FC (RJ)",True,373,2004,2006-01-31,Defined,30,2006,373,2004-12-31,2,2,"DISPLAY_NAME_UNRESOLVED",97,HIGH
315347,"","Bezerra da Silva Neto",IDENTITY_FRAGMENT,Contracted,2762,1565,900996,"América FC (RJ)",1565,900996,"América FC (RJ)",False,157,2001,2006-01-31,Defined,30,2006,,,2,1,"DISPLAY_NAME_UNRESOLVED",89,MEDIUM
315371,"","Bizarro",IDENTITY_FRAGMENT,Contracted,2774,1565,900996,"América FC (RJ)",1565,900996,"América FC (RJ)",False,215,2001,2006-01-31,Defined,30,2006,,,2,1,"DISPLAY_NAME_UNRESOLVED",89,MEDIUM
3300392,"","Cardoso",IDENTITY_FRAGMENT,Contracted,5347,1565,900996,"América FC (RJ)",1565,900996,"América FC (RJ)",False,226,2003,2005-01-31,Defined,30,2005,,,2,1,"DISPLAY_NAME_UNRESOLVED",89,MEDIUM
315368,"","de Faria Ribeiro",IDENTITY_FRAGMENT,Contracted,2772,1565,900996,"América FC (RJ)",1565,900996,"América FC (RJ)",False,175,2001,2006-01-31,Defined,30,2006,,,2,1,"DISPLAY_NAME_UNRESOLVED",89,MEDIUM
315344,"","de Souza Eugênio",IDENTITY_FRAGMENT,Contracted,2761,1565,900996,"América FC (RJ)",1565,900996,"América FC (RJ)",False,210,2001,2005-01-31,Defined,30,2005,,,2,1,"DISPLAY_NAME_UNRESOLVED",89,MEDIUM
8833487,"","Erivelton",IDENTITY_FRAGMENT,OnLoan,7341,887,302108,"Estrela do Norte FC",1565,900996,"América FC (RJ)",True,189,2001,2006-01-31,Defined,30,2006,189,2004-12-31,2,2,"DISPLAY_NAME_UNRESOLVED",97,HIGH
315369,"","Fágner",IDENTITY_FRAGMENT,Contracted,2773,1565,900996,"América FC (RJ)",1565,900996,"América FC (RJ)",False,75,2001,2006-01-31,Defined,30,2006,,,2,1,"DISPLAY_NAME_UNRESOLVED",89,MEDIUM
3301346,"","Fateus dos Santos",IDENTITY_FRAGMENT,OnLoan,5742,575,107220,"Madureira EC",1565,900996,"América FC (RJ)",True,157,2001,2006-01-31,Defined,30,2006,157,2004-12-31,2,2,"DISPLAY_NAME_UNRESOLVED",97,HIGH
315365,"","Felipe Campos",IDENTITY_FRAGMENT,Contracted,2770,1565,900996,"América FC (RJ)",1565,900996,"América FC (RJ)",False,145,2001,2006-01-31,Defined,30,2006,,,2,1,"DISPLAY_NAME_UNRESOLVED",89,MEDIUM
315349,"","Felipe Santos",IDENTITY_FRAGMENT,OnLoan,2764,1077,311103,"CE Arraial do Cabo",1565,900996,"América FC (RJ)",True,291,2001,2005-01-31,Defined,30,2005,291,2004-12-31,2,2,"DISPLAY_NAME_UNRESOLVED",97,HIGH
3300555,"","Fernandes Martins",IDENTITY_FRAGMENT,Contracted,5382,1565,900996,"América FC (RJ)",1565,900996,"América FC (RJ)",False,341,2001,2006-01-31,Defined,30,2006,,,2,1,"DISPLAY_NAME_UNRESOLVED",89,MEDIUM
306708,"","Greick",IDENTITY_FRAGMENT,Contracted,1675,1565,900996,"América FC (RJ)",1565,900996,"América FC (RJ)",False,354,2003,2006-01-31,Defined,30,2006,,,1,1,"DISPLAY_NAME_UNRESOLVED",89,MEDIUM
8831859,"","Hellman",IDENTITY_FRAGMENT,Contracted,7115,1565,900996,"América FC (RJ)",1565,900996,"América FC (RJ)",False,156,2004,2006-01-31,Defined,30,2006,,,2,1,"DISPLAY_NAME_UNRESOLVED",89,MEDIUM
303047,"","Jardemilson",IDENTITY_FRAGMENT,Contracted,886,1565,900996,"América FC (RJ)",1565,900996,"América FC (RJ)",False,486,2004,2006-01-31,Defined,30,2006,,,2,1,"DISPLAY_NAME_UNRESOLVED",89,MEDIUM
311420,"","João Wellington",IDENTITY_FRAGMENT,Contracted,2379,1565,900996,"América FC (RJ)",1565,900996,"América FC (RJ)",False,75,2001,2006-01-31,Defined,30,2006,,,2,1,"DISPLAY_NAME_UNRESOLVED",89,MEDIUM
8827041,"","Júlio Alencar",IDENTITY_FRAGMENT,Contracted,6865,1565,900996,"América FC (RJ)",1565,900996,"América FC (RJ)",False,100,2001,2009-01-31,Defined,30,2009,,,1,1,"DISPLAY_NAME_UNRESOLVED",89,MEDIUM
311417,"","Laranjeira Carvalho",IDENTITY_FRAGMENT,Contracted,2376,1565,900996,"América FC (RJ)",1565,900996,"América FC (RJ)",False,75,2001,2006-01-31,Defined,30,2006,,,2,1,"DISPLAY_NAME_UNRESOLVED",89,MEDIUM
315387,"","Márcio Francisco",IDENTITY_FRAGMENT,Contracted,2779,1565,900996,"América FC (RJ)",1565,900996,"América FC (RJ)",False,232,2001,2006-01-31,Defined,30,2006,,,2,1,"DISPLAY_NAME_UNRESOLVED",89,MEDIUM
315363,"","Monteiro Ramos",IDENTITY_FRAGMENT,Contracted,2769,1565,900996,"América FC (RJ)",1565,900996,"América FC (RJ)",False,124,2001,2006-01-31,Defined,30,2006,,,2,1,"DISPLAY_NAME_UNRESOLVED",89,MEDIUM
319644,"","Oliveira Gonçalves do Carmo",IDENTITY_FRAGMENT,Contracted,4106,1565,900996,"América FC (RJ)",1565,900996,"América FC (RJ)",False,626,2001,2007-01-31,Defined,30,2007,,,2,1,"DISPLAY_NAME_UNRESOLVED",89,MEDIUM
3300556,"","Pinto Carvalho",IDENTITY_FRAGMENT,Contracted,5383,1565,900996,"América FC (RJ)",1565,900996,"América FC (RJ)",False,141,2003,2006-01-31,Defined,30,2006,,,2,1,"DISPLAY_NAME_UNRESOLVED",89,MEDIUM
305828,"","Ramos de Oliveira",IDENTITY_FRAGMENT,Contracted,1454,1565,900996,"América FC (RJ)",1565,900996,"América FC (RJ)",False,75,2001,2006-01-31,Defined,30,2006,,,2,1,"DISPLAY_NAME_UNRESOLVED",89,MEDIUM
8827042,"","Ricardo Barros",IDENTITY_FRAGMENT,Contracted,6866,1565,900996,"América FC (RJ)",1565,900996,"América FC (RJ)",False,100,2001,2007-01-31,Defined,30,2007,,,1,1,"DISPLAY_NAME_UNRESOLVED",89,MEDIUM
304252,"","Rocha Galvão",IDENTITY_FRAGMENT,Contracted,1083,1565,900996,"América FC (RJ)",1565,900996,"América FC (RJ)",False,587,2001,2006-01-31,Defined,30,2006,,,2,1,"DISPLAY_NAME_UNRESOLVED",89,MEDIUM
14643,"","Romário",IDENTITY_FRAGMENT,Contracted,361,1565,900996,"América FC (RJ)",1565,900996,"América FC (RJ)",False,400,2002,2006-12-31,Defined,364,2006,,,2,1,"DISPLAY_NAME_UNRESOLVED",89,MEDIUM
315366,"","Sales Filho",IDENTITY_FRAGMENT,Contracted,2771,1565,900996,"América FC (RJ)",1565,900996,"América FC (RJ)",False,104,2001,2006-01-31,Defined,30,2006,,,2,1,"DISPLAY_NAME_UNRESOLVED",89,MEDIUM
315372,"","Souza Soares",IDENTITY_FRAGMENT,Contracted,2775,1565,900996,"América FC (RJ)",1565,900996,"América FC (RJ)",False,284,2001,2005-01-31,Defined,30,2005,,,2,1,"DISPLAY_NAME_UNRESOLVED",89,MEDIUM
315353,"","Tadeu Gustavo",IDENTITY_FRAGMENT,Contracted,2765,1565,900996,"América FC (RJ)",1565,900996,"América FC (RJ)",False,75,2001,2005-01-31,Defined,30,2005,,,2,1,"DISPLAY_NAME_UNRESOLVED",89,MEDIUM
3300573,"","Veloso",IDENTITY_FRAGMENT,Contracted,5389,1565,900996,"América FC (RJ)",1565,900996,"América FC (RJ)",False,137,2001,2006-01-31,Defined,30,2006,,,1,1,"DISPLAY_NAME_UNRESOLVED",89,MEDIUM
3300271,"","Wellerson",IDENTITY_FRAGMENT,Contracted,5313,1565,900996,"América FC (RJ)",1565,900996,"América FC (RJ)",False,139,2001,2008-01-31,Defined,30,2008,,,2,1,"DISPLAY_NAME_UNRESOLVED",89,MEDIUM
315359,"","Zé Ricardo",IDENTITY_FRAGMENT,Contracted,2767,1565,900996,"América FC (RJ)",1565,900996,"América FC (RJ)",False,178,2001,2006-01-31,Defined,30,2006,,,2,1,"DISPLAY_NAME_UNRESOLVED",89,MEDIUM
3300696,"","Alexsander",IDENTITY_FRAGMENT,Contracted,5441,566,107203,"América FC (RN)",566,107203,"América FC (RN)",False,673,2004,2006-01-31,Defined,30,2006,,,2,1,"DISPLAY_NAME_UNRESOLVED",89,MEDIUM
321218,"","Arcilândio",IDENTITY_FRAGMENT,Contracted,4459,566,107203,"América FC (RN)",566,107203,"América FC (RN)",False,170,2001,2006-01-31,Defined,30,2006,,,2,1,"DISPLAY_NAME_UNRESOLVED",89,MEDIUM
302560,"","Artur",IDENTITY_FRAGMENT,Contracted,825,566,107203,"América FC (RN)",566,107203,"América FC (RN)",False,700,2001,2008-01-31,Defined,30,2008,,,1,1,"DISPLAY_NAME_UNRESOLVED",89,MEDIUM
8825043,"","Barbosa Coutinho",IDENTITY_FRAGMENT,OnLoan,6720,823,301257,"Alecrim FC",566,107203,"América FC (RN)",True,376,2001,2006-01-31,Defined,30,2006,376,2004-12-31,2,2,"DISPLAY_NAME_UNRESOLVED",97,HIGH
311398,"","Batista Riberio",IDENTITY_FRAGMENT,Contracted,2372,566,107203,"América FC (RN)",566,107203,"América FC (RN)",False,30,2001,2005-01-31,Defined,30,2005,,,2,1,"DISPLAY_NAME_UNRESOLVED",89,MEDIUM
315985,"","Bélico",IDENTITY_FRAGMENT,Contracted,3028,566,107203,"América FC (RN)",566,107203,"América FC (RN)",False,221,2004,2004-12-15,Defined,349,2004,,,2,1,"DISPLAY_NAME_UNRESOLVED",89,MEDIUM
3301302,"","Bento da Cruz",IDENTITY_FRAGMENT,Contracted,5716,566,107203,"América FC (RN)",566,107203,"América FC (RN)",False,341,2004,2005-01-31,Defined,30,2005,,,2,1,"DISPLAY_NAME_UNRESOLVED",89,MEDIUM
8825048,"","Blanco",IDENTITY_FRAGMENT,Contracted,6723,566,107203,"América FC (RN)",566,107203,"América FC (RN)",False,100,2001,2009-01-31,Defined,30,2009,,,1,1,"DISPLAY_NAME_UNRESOLVED",89,MEDIUM
302691,"","Christofer Augusto",IDENTITY_FRAGMENT,Contracted,843,566,107203,"América FC (RN)",566,107203,"América FC (RN)",False,467,2004,2006-01-31,Defined,30,2006,,,2,1,"DISPLAY_NAME_UNRESOLVED",89,MEDIUM
306771,"","das Chagas do Nascimento",IDENTITY_FRAGMENT,Contracted,1700,566,107203,"América FC (RN)",566,107203,"América FC (RN)",False,644,2003,2004-12-31,Defined,365,2004,,,2,1,"DISPLAY_NAME_UNRESOLVED",89,MEDIUM
6900065,"","de Oliveira Agondi",IDENTITY_FRAGMENT,Contracted,6445,566,107203,"América FC (RN)",566,107203,"América FC (RN)",False,303,2004,2004-12-15,Defined,349,2004,,,2,1,"DISPLAY_NAME_UNRESOLVED",89,MEDIUM
306119,"","Édson Ricardo",IDENTITY_FRAGMENT,Contracted,1509,566,107203,"América FC (RN)",566,107203,"América FC (RN)",False,740,2004,2004-12-15,Defined,349,2004,,,2,1,"DISPLAY_NAME_UNRESOLVED",89,MEDIUM
305724,"","Émerson Luís",IDENTITY_FRAGMENT,Contracted,1427,566,107203,"América FC (RN)",566,107203,"América FC (RN)",False,186,2004,2005-01-31,Defined,30,2005,,,1,1,"DISPLAY_NAME_UNRESOLVED",89,MEDIUM
8833489,"","Everton Luiz",IDENTITY_FRAGMENT,Contracted,7343,566,107203,"América FC (RN)",566,107203,"América FC (RN)",False,168,2001,2006-01-31,Defined,30,2006,,,2,1,"DISPLAY_NAME_UNRESOLVED",89,MEDIUM
8825045,"","Ewerton Carlos",IDENTITY_FRAGMENT,Contracted,6722,566,107203,"América FC (RN)",566,107203,"América FC (RN)",False,342,2001,2006-01-31,Defined,30,2006,,,1,1,"DISPLAY_NAME_UNRESOLVED",89,MEDIUM
311076,"","Ferreira de Melo Júnior",IDENTITY_FRAGMENT,Contracted,2229,566,107203,"América FC (RN)",566,107203,"América FC (RN)",False,100,2001,2007-01-31,Defined,30,2007,,,2,1,"DISPLAY_NAME_UNRESOLVED",89,MEDIUM
321076,"","Francisco Elissandro",IDENTITY_FRAGMENT,Contracted,4400,566,107203,"América FC (RN)",566,107203,"América FC (RN)",False,301,2001,2006-01-31,Defined,30,2006,,,2,1,"DISPLAY_NAME_UNRESOLVED",89,MEDIUM
3901584,"","Geraldo Luís",IDENTITY_FRAGMENT,Contracted,5973,566,107203,"América FC (RN)",566,107203,"América FC (RN)",False,552,2003,2006-01-31,Defined,30,2006,,,2,1,"DISPLAY_NAME_UNRESOLVED",89,MEDIUM
311063,"","Gino Fernando",IDENTITY_FRAGMENT,Contracted,2221,566,107203,"América FC (RN)",566,107203,"América FC (RN)",False,515,2004,2004-12-31,Defined,365,2004,,,1,1,"DISPLAY_NAME_UNRESOLVED",89,MEDIUM
6900187,"","Gito",IDENTITY_FRAGMENT,Contracted,6524,566,107203,"América FC (RN)",566,107203,"América FC (RN)",False,347,2003,2006-01-31,Defined,30,2006,,,1,1,"DISPLAY_NAME_UNRESOLVED",89,MEDIUM
321214,"","Gomes das Neves",IDENTITY_FRAGMENT,Contracted,4455,566,107203,"América FC (RN)",566,107203,"América FC (RN)",False,162,2004,2004-12-15,Defined,349,2004,,,2,1,"DISPLAY_NAME_UNRESOLVED",89,MEDIUM
8833495,"","Ivisson José",IDENTITY_FRAGMENT,Contracted,7349,566,107203,"América FC (RN)",566,107203,"América FC (RN)",False,275,2001,2005-01-31,Defined,30,2005,,,2,1,"DISPLAY_NAME_UNRESOLVED",89,MEDIUM
3300991,"","Jefferson Luís",IDENTITY_FRAGMENT,Contracted,5563,566,107203,"América FC (RN)",566,107203,"América FC (RN)",False,424,2004,2006-01-31,Defined,30,2006,,,1,1,"DISPLAY_NAME_UNRESOLVED",89,MEDIUM
321219,"","Joatan Francisco",IDENTITY_FRAGMENT,Contracted,4460,566,107203,"América FC (RN)",566,107203,"América FC (RN)",False,143,2001,2006-01-31,Defined,30,2006,,,2,1,"DISPLAY_NAME_UNRESOLVED",89,MEDIUM
8833498,"","Josué",IDENTITY_FRAGMENT,Contracted,7352,566,107203,"América FC (RN)",566,107203,"América FC (RN)",False,126,2001,2006-01-31,Defined,30,2006,,,2,1,"DISPLAY_NAME_UNRESOLVED",89,MEDIUM
321077,"","Laudeleno",IDENTITY_FRAGMENT,Contracted,4401,566,107203,"América FC (RN)",566,107203,"América FC (RN)",False,198,2001,2005-01-31,Defined,30,2005,,,1,1,"DISPLAY_NAME_UNRESOLVED",89,MEDIUM
8833491,"","Luiz Fabiano",IDENTITY_FRAGMENT,OnLoan,7345,867,301344,"Mirassol FC",566,107203,"América FC (RN)",True,492,2003,2006-01-31,Defined,30,2006,492,2004-12-31,2,2,"DISPLAY_NAME_UNRESOLVED",97,HIGH
321222,"","Luiz Júnior",IDENTITY_FRAGMENT,Contracted,4462,566,107203,"América FC (RN)",566,107203,"América FC (RN)",False,260,2001,2006-01-31,Defined,30,2006,,,2,1,"DISPLAY_NAME_UNRESOLVED",89,MEDIUM
312143,"","Marcão",IDENTITY_FRAGMENT,Contracted,2511,566,107203,"América FC (RN)",566,107203,"América FC (RN)",False,397,2003,2006-01-31,Defined,30,2006,,,2,1,"DISPLAY_NAME_UNRESOLVED",89,MEDIUM
3301106,"","Marcelo Rosa",IDENTITY_FRAGMENT,Contracted,5606,566,107203,"América FC (RN)",566,107203,"América FC (RN)",False,617,2004,2004-12-15,Defined,349,2004,,,2,1,"DISPLAY_NAME_UNRESOLVED",89,MEDIUM
311194,"","Médici",IDENTITY_FRAGMENT,OnLoan,2295,61,332,"AA Ponte Preta",566,107203,"América FC (RN)",True,75,2001,2006-01-31,Defined,30,2006,75,2004-12-31,1,2,"DISPLAY_NAME_UNRESOLVED",97,HIGH
8825039,"","Miranda Garcez",IDENTITY_FRAGMENT,Contracted,6717,566,107203,"América FC (RN)",566,107203,"América FC (RN)",False,367,2003,2006-01-31,Defined,30,2006,,,2,1,"DISPLAY_NAME_UNRESOLVED",89,MEDIUM
8833494,"","Nogueira Silva",IDENTITY_FRAGMENT,Contracted,7348,566,107203,"América FC (RN)",566,107203,"América FC (RN)",False,151,2004,2004-12-15,Defined,349,2004,,,2,1,"DISPLAY_NAME_UNRESOLVED",89,MEDIUM
6900206,"","Ramos de Jesús",IDENTITY_FRAGMENT,Contracted,6533,566,107203,"América FC (RN)",566,107203,"América FC (RN)",False,142,2004,2006-01-31,Defined,30,2006,,,2,1,"DISPLAY_NAME_UNRESOLVED",89,MEDIUM
321220,"","Regiovaldo",IDENTITY_FRAGMENT,Contracted,4461,566,107203,"América FC (RN)",566,107203,"América FC (RN)",False,242,2001,2006-01-31,Defined,30,2006,,,2,1,"DISPLAY_NAME_UNRESOLVED",89,MEDIUM
311776,"","Róbson Vicente",IDENTITY_FRAGMENT,Contracted,2446,566,107203,"América FC (RN)",566,107203,"América FC (RN)",False,260,2004,2006-01-31,Defined,30,2006,,,2,1,"DISPLAY_NAME_UNRESOLVED",89,MEDIUM
8833497,"","Rodrigues de Oliveira",IDENTITY_FRAGMENT,Contracted,7351,566,107203,"América FC (RN)",566,107203,"América FC (RN)",False,168,2001,2005-01-31,Defined,30,2005,,,2,1,"DISPLAY_NAME_UNRESOLVED",89,MEDIUM
319270,"","Rosinaldo",IDENTITY_FRAGMENT,Contracted,3998,566,107203,"América FC (RN)",566,107203,"América FC (RN)",False,109,2002,2005-12-20,Defined,353,2005,,,2,1,"DISPLAY_NAME_UNRESOLVED",89,MEDIUM
8833499,"","Samuel Fernando",IDENTITY_FRAGMENT,Contracted,7353,566,107203,"América FC (RN)",566,107203,"América FC (RN)",False,247,2001,2006-01-31,Defined,30,2006,,,2,1,"DISPLAY_NAME_UNRESOLVED",89,MEDIUM
8825049,"","Severo",IDENTITY_FRAGMENT,Contracted,6724,566,107203,"América FC (RN)",566,107203,"América FC (RN)",False,150,2001,2007-01-31,Defined,30,2007,,,2,1,"DISPLAY_NAME_UNRESOLVED",89,MEDIUM
4206721,"","Silva Ribeiro",IDENTITY_FRAGMENT,Contracted,6096,566,107203,"América FC (RN)",566,107203,"América FC (RN)",False,131,2002,2005-01-31,Defined,30,2005,,,2,1,"DISPLAY_NAME_UNRESOLVED",89,MEDIUM
315212,"","Teixeira dos Reis",IDENTITY_FRAGMENT,Contracted,2684,566,107203,"América FC (RN)",566,107203,"América FC (RN)",False,366,2004,2006-01-31,Defined,30,2006,,,2,1,"DISPLAY_NAME_UNRESOLVED",89,MEDIUM
321215,"","Valeriano dos Santos",IDENTITY_FRAGMENT,Contracted,4456,566,107203,"América FC (RN)",566,107203,"América FC (RN)",False,263,2001,2006-01-31,Defined,30,2006,,,2,1,"DISPLAY_NAME_UNRESOLVED",89,MEDIUM
321216,"","Valterson",IDENTITY_FRAGMENT,Contracted,4457,566,107203,"América FC (RN)",566,107203,"América FC (RN)",False,241,2001,2006-01-31,Defined,30,2006,,,2,1,"DISPLAY_NAME_UNRESOLVED",89,MEDIUM
8833492,"","Washington Francisco",IDENTITY_FRAGMENT,Contracted,7346,566,107203,"América FC (RN)",566,107203,"América FC (RN)",False,308,2001,2005-01-31,Defined,30,2005,,,2,1,"DISPLAY_NAME_UNRESOLVED",89,MEDIUM
321217,"","Zuim da Silva",IDENTITY_FRAGMENT,Contracted,4458,566,107203,"América FC (RN)",566,107203,"América FC (RN)",False,156,2001,2006-01-31,Defined,30,2006,,,2,1,"DISPLAY_NAME_UNRESOLVED",89,MEDIUM
319276,"","Bispo Pereira",IDENTITY_FRAGMENT,OnLoan,4003,987,309670,"Brasiliense FC",862,301333,"América FC (SP)",True,259,2001,2006-01-31,Defined,30,2006,259,2004-12-31,1,2,"DISPLAY_NAME_UNRESOLVED",97,HIGH
304587,"","Costa de Souza",IDENTITY_FRAGMENT,Contracted,1216,862,301333,"América FC (SP)",862,301333,"América FC (SP)",False,322,2001,2006-01-31,Defined,30,2006,,,2,1,"DISPLAY_NAME_UNRESOLVED",89,MEDIUM
302729,"","Leite Moreira",IDENTITY_FRAGMENT,Contracted,853,862,301333,"América FC (SP)",862,301333,"América FC (SP)",False,75,2004,2006-01-31,Defined,30,2006,,,2,1,"DISPLAY_NAME_UNRESOLVED",89,MEDIUM
304581,"","Michel",IDENTITY_FRAGMENT,Contracted,1211,862,301333,"América FC (SP)",862,301333,"América FC (SP)",False,75,2001,2006-01-31,Defined,30,2006,,,2,1,"DISPLAY_NAME_UNRESOLVED",89,MEDIUM
306797,"","Rafael Camilo",IDENTITY_FRAGMENT,Contracted,1710,862,301333,"América FC (SP)",862,301333,"América FC (SP)",False,158,2002,2007-02-05,Defined,35,2007,,,2,1,"DISPLAY_NAME_UNRESOLVED",89,MEDIUM
302170,"","Ribeiro Vargas",IDENTITY_FRAGMENT,Contracted,768,862,301333,"América FC (SP)",862,301333,"América FC (SP)",False,208,2004,2006-01-31,Defined,30,2006,,,2,1,"DISPLAY_NAME_UNRESOLVED",89,MEDIUM
304582,"","Rovílson",IDENTITY_FRAGMENT,Contracted,1212,862,301333,"América FC (SP)",862,301333,"América FC (SP)",False,392,2003,2006-01-31,Defined,30,2006,,,2,1,"DISPLAY_NAME_UNRESOLVED",89,MEDIUM
318176,"","Samir",IDENTITY_FRAGMENT,Contracted,3853,862,301333,"América FC (SP)",862,301333,"América FC (SP)",False,140,2004,2007-07-19,Defined,199,2007,,,2,1,"DISPLAY_NAME_UNRESOLVED",89,MEDIUM
3301373,"","Sérgio Lobo",IDENTITY_FRAGMENT,Contracted,5753,862,301333,"América FC (SP)",862,301333,"América FC (SP)",False,457,2003,2006-01-31,Defined,30,2006,,,2,1,"DISPLAY_NAME_UNRESOLVED",89,MEDIUM
304590,"","Souza de Carvalho",IDENTITY_FRAGMENT,Contracted,1218,862,301333,"América FC (SP)",862,301333,"América FC (SP)",False,424,2001,2006-01-31,Defined,30,2006,,,2,1,"DISPLAY_NAME_UNRESOLVED",89,MEDIUM
304584,"","Valdivino da Silva",IDENTITY_FRAGMENT,Contracted,1213,862,301333,"América FC (SP)",862,301333,"América FC (SP)",False,75,2001,2006-01-31,Defined,30,2006,,,2,1,"DISPLAY_NAME_UNRESOLVED",89,MEDIUM
315224,"","Alves Batistela",IDENTITY_FRAGMENT,Contracted,2694,533,104887,"Americano FC (RJ)",533,104887,"Americano FC (RJ)",False,307,2001,2006-01-31,Defined,30,2006,,,2,1,"DISPLAY_NAME_UNRESOLVED",89,MEDIUM
315219,"","Anderson Luís",IDENTITY_FRAGMENT,Contracted,2689,533,104887,"Americano FC (RJ)",533,104887,"Americano FC (RJ)",False,86,2002,2006-12-31,Defined,364,2006,,,2,1,"DISPLAY_NAME_UNRESOLVED",89,MEDIUM
8826364,"","Bremide Sales",IDENTITY_FRAGMENT,OnLoan,6826,1096,311957,"Cachoeiro FC",533,104887,"Americano FC (RJ)",True,75,2001,2006-01-31,Defined,30,2006,75,2004-11-30,2,2,"DISPLAY_NAME_UNRESOLVED",97,HIGH
8833501,"","Charles Roberto",IDENTITY_FRAGMENT,Contracted,7355,533,104887,"Americano FC (RJ)",533,104887,"Americano FC (RJ)",False,224,2001,2006-01-31,Defined,30,2006,,,2,1,"DISPLAY_NAME_UNRESOLVED",89,MEDIUM
8833503,"","Claine Luiz",IDENTITY_FRAGMENT,Contracted,7357,533,104887,"Americano FC (RJ)",533,104887,"Americano FC (RJ)",False,120,2001,2006-01-31,Defined,30,2006,,,2,1,"DISPLAY_NAME_UNRESOLVED",89,MEDIUM
305422,"","da Conceição Pereira",IDENTITY_FRAGMENT,Contracted,1362,533,104887,"Americano FC (RJ)",533,104887,"Americano FC (RJ)",False,126,2004,2006-01-31,Defined,30,2006,,,2,1,"DISPLAY_NAME_UNRESOLVED",89,MEDIUM
3301481,"","de Carvalho Silveira",IDENTITY_FRAGMENT,OnLoan,5777,818,301247,"AD Cabofriense",533,104887,"Americano FC (RJ)",True,283,2001,2006-01-31,Defined,30,2006,283,2004-12-31,2,2,"DISPLAY_NAME_UNRESOLVED",97,HIGH
315218,"","de Oliveira Ferreira",IDENTITY_FRAGMENT,Contracted,2688,533,104887,"Americano FC (RJ)",533,104887,"Americano FC (RJ)",False,362,2001,2006-01-31,Defined,30,2006,,,2,1,"DISPLAY_NAME_UNRESOLVED",89,MEDIUM
315232,"","de Souza Rita",IDENTITY_FRAGMENT,OnLoan,2702,1347,314730,"Rio Branco (RJ)",533,104887,"Americano FC (RJ)",True,92,2001,2006-01-31,Defined,30,2006,92,2004-12-31,2,2,"DISPLAY_NAME_UNRESOLVED",97,HIGH
315235,"","Fabrício Ernesto",IDENTITY_FRAGMENT,Contracted,2704,533,104887,"Americano FC (RJ)",533,104887,"Americano FC (RJ)",False,208,2001,2006-01-31,Defined,30,2006,,,2,1,"DISPLAY_NAME_UNRESOLVED",89,MEDIUM
315234,"","Flávio Damião",IDENTITY_FRAGMENT,Contracted,2703,533,104887,"Americano FC (RJ)",533,104887,"Americano FC (RJ)",False,364,2001,2006-01-31,Defined,30,2006,,,2,1,"DISPLAY_NAME_UNRESOLVED",89,MEDIUM
308968,"","José Flávio",IDENTITY_FRAGMENT,Contracted,1969,533,104887,"Americano FC (RJ)",533,104887,"Americano FC (RJ)",False,276,2001,2006-01-31,Defined,30,2006,,,2,1,"DISPLAY_NAME_UNRESOLVED",89,MEDIUM
306249,"","Marcelo Ricardo",IDENTITY_FRAGMENT,Contracted,1527,533,104887,"Americano FC (RJ)",533,104887,"Americano FC (RJ)",False,222,2001,2006-01-31,Defined,30,2006,,,2,1,"DISPLAY_NAME_UNRESOLVED",89,MEDIUM
8833500,"","Marcos Bruno",IDENTITY_FRAGMENT,Contracted,7354,533,104887,"Americano FC (RJ)",533,104887,"Americano FC (RJ)",False,192,2001,2006-01-31,Defined,30,2006,,,2,1,"DISPLAY_NAME_UNRESOLVED",89,MEDIUM
315220,"","Marcos Júlio",IDENTITY_FRAGMENT,Contracted,2690,533,104887,"Americano FC (RJ)",533,104887,"Americano FC (RJ)",False,124,2001,2006-01-31,Defined,30,2006,,,2,1,"DISPLAY_NAME_UNRESOLVED",89,MEDIUM
3300353,"","Menezes Calazans",IDENTITY_FRAGMENT,Contracted,5336,533,104887,"Americano FC (RJ)",533,104887,"Americano FC (RJ)",False,382,2001,2006-01-31,Defined,30,2006,,,1,1,"DISPLAY_NAME_UNRESOLVED",89,MEDIUM
315226,"","Miranda Marinho",IDENTITY_FRAGMENT,Contracted,2696,533,104887,"Americano FC (RJ)",533,104887,"Americano FC (RJ)",False,231,2001,2006-01-31,Defined,30,2006,,,2,1,"DISPLAY_NAME_UNRESOLVED",89,MEDIUM
8833505,"","Nascimento Santos",IDENTITY_FRAGMENT,Contracted,7359,533,104887,"Americano FC (RJ)",533,104887,"Americano FC (RJ)",False,143,2004,2004-11-30,Defined,334,2004,,,2,1,"DISPLAY_NAME_UNRESOLVED",89,MEDIUM
8833509,"","Peçanha Gomes",IDENTITY_FRAGMENT,Contracted,7362,533,104887,"Americano FC (RJ)",533,104887,"Americano FC (RJ)",False,131,2001,2006-01-31,Defined,30,2006,,,2,1,"DISPLAY_NAME_UNRESOLVED",89,MEDIUM
2001406,"","Pereira Viana",IDENTITY_FRAGMENT,Contracted,4989,533,104887,"Americano FC (RJ)",533,104887,"Americano FC (RJ)",False,461,2002,2005-01-31,Defined,30,2005,,,2,1,"DISPLAY_NAME_UNRESOLVED",89,MEDIUM
8825083,"","Pessanha Arias",IDENTITY_FRAGMENT,Contracted,6729,533,104887,"Americano FC (RJ)",533,104887,"Americano FC (RJ)",False,700,2001,2006-01-31,Defined,30,2006,,,1,1,"DISPLAY_NAME_UNRESOLVED",89,MEDIUM
315239,"","Rondinelli",IDENTITY_FRAGMENT,OnLoan,2706,471,2433,"Clube Desportivo Nacional",533,104887,"Americano FC (RJ)",True,437,2004,2006-06-30,Defined,180,2006,437,2004-12-31,1,2,"DISPLAY_NAME_UNRESOLVED",97,HIGH
8833508,"","Saltori Louzada",IDENTITY_FRAGMENT,OnLoan,7361,887,302108,"Estrela do Norte FC",533,104887,"Americano FC (RJ)",True,148,2001,2006-01-31,Defined,30,2006,148,2004-12-31,2,2,"DISPLAY_NAME_UNRESOLVED",97,HIGH
8833502,"","Sena Júnior",IDENTITY_FRAGMENT,Contracted,7356,533,104887,"Americano FC (RJ)",533,104887,"Americano FC (RJ)",False,180,2002,2006-12-31,Defined,364,2006,,,2,1,"DISPLAY_NAME_UNRESOLVED",89,MEDIUM
315242,"","Tavares de Lima",IDENTITY_FRAGMENT,Contracted,2708,533,104887,"Americano FC (RJ)",533,104887,"Americano FC (RJ)",False,97,2001,2006-01-31,Defined,30,2006,,,2,1,"DISPLAY_NAME_UNRESOLVED",89,MEDIUM
315216,"","Tavares Machado",IDENTITY_FRAGMENT,Contracted,2686,533,104887,"Americano FC (RJ)",533,104887,"Americano FC (RJ)",False,110,2001,2006-01-31,Defined,30,2006,,,2,1,"DISPLAY_NAME_UNRESOLVED",89,MEDIUM
303962,"","Toninho Andrade",IDENTITY_FRAGMENT,Contracted,1007,533,104887,"Americano FC (RJ)",533,104887,"Americano FC (RJ)",False,384,2001,2009-01-31,Defined,30,2009,,,2,1,"DISPLAY_NAME_UNRESOLVED",89,MEDIUM
8833504,"","Viana Guimarães",IDENTITY_FRAGMENT,Contracted,7358,533,104887,"Americano FC (RJ)",533,104887,"Americano FC (RJ)",False,99,2001,2006-01-31,Defined,30,2006,,,2,1,"DISPLAY_NAME_UNRESOLVED",89,MEDIUM
315244,"","Vieira Antão",IDENTITY_FRAGMENT,Contracted,2710,533,104887,"Americano FC (RJ)",533,104887,"Americano FC (RJ)",False,273,2001,2006-01-31,Defined,30,2006,,,2,1,"DISPLAY_NAME_UNRESOLVED",89,MEDIUM
310973,"","Wederson Luiz",IDENTITY_FRAGMENT,Contracted,2184,533,104887,"Americano FC (RJ)",533,104887,"Americano FC (RJ)",False,422,2000,2005-08-01,Defined,212,2005,,,2,1,"DISPLAY_NAME_UNRESOLVED",89,MEDIUM
315215,"","Welington Luiz",IDENTITY_FRAGMENT,Contracted,2685,533,104887,"Americano FC (RJ)",533,104887,"Americano FC (RJ)",False,160,2001,2006-01-31,Defined,30,2006,,,2,1,"DISPLAY_NAME_UNRESOLVED",89,MEDIUM
315243,"","Wellington Paulista",IDENTITY_FRAGMENT,Contracted,2709,533,104887,"Americano FC (RJ)",533,104887,"Americano FC (RJ)",False,175,2001,2006-01-31,Defined,30,2006,,,2,1,"DISPLAY_NAME_UNRESOLVED",89,MEDIUM
319677,"","Alvim Nunes",IDENTITY_FRAGMENT,Contracted,4120,765,301148,"Anápolis FC",765,301148,"Anápolis FC",False,368,2001,2006-01-31,Defined,30,2006,,,2,1,"DISPLAY_NAME_UNRESOLVED",89,MEDIUM
305134,"","Carlos Alberto Dário",IDENTITY_FRAGMENT,Contracted,1325,765,301148,"Anápolis FC",765,301148,"Anápolis FC",False,378,2001,2007-01-31,Defined,30,2007,,,2,1,"DISPLAY_NAME_UNRESOLVED",89,MEDIUM
305139,"","Jeff",IDENTITY_FRAGMENT,Contracted,1327,765,301148,"Anápolis FC",765,301148,"Anápolis FC",False,75,2001,2006-01-31,Defined,30,2006,,,2,1,"DISPLAY_NAME_UNRESOLVED",89,MEDIUM
305146,"","José Fábio",IDENTITY_FRAGMENT,Contracted,1331,765,301148,"Anápolis FC",765,301148,"Anápolis FC",False,75,2001,2006-01-31,Defined,30,2006,,,2,1,"DISPLAY_NAME_UNRESOLVED",89,MEDIUM
304871,"","Leônidas",IDENTITY_FRAGMENT,Contracted,1274,765,301148,"Anápolis FC",765,301148,"Anápolis FC",False,295,2003,2006-01-31,Defined,30,2006,,,1,1,"DISPLAY_NAME_UNRESOLVED",89,MEDIUM
305140,"","Marcos Carlos",IDENTITY_FRAGMENT,Contracted,1328,765,301148,"Anápolis FC",765,301148,"Anápolis FC",False,108,2001,2006-01-31,Defined,30,2006,,,2,1,"DISPLAY_NAME_UNRESOLVED",89,MEDIUM
305150,"","Marlan",IDENTITY_FRAGMENT,Contracted,1334,765,301148,"Anápolis FC",765,301148,"Anápolis FC",False,180,2001,2006-01-31,Defined,30,2006,,,2,1,"DISPLAY_NAME_UNRESOLVED",89,MEDIUM
317191,"","Natividade Lourenço",IDENTITY_FRAGMENT,Contracted,3627,765,301148,"Anápolis FC",765,301148,"Anápolis FC",False,327,2002,2006-01-31,Defined,30,2006,,,2,1,"DISPLAY_NAME_UNRESOLVED",89,MEDIUM
305148,"","Nélson Luís",IDENTITY_FRAGMENT,Contracted,1332,765,301148,"Anápolis FC",765,301148,"Anápolis FC",False,388,2001,2006-01-31,Defined,30,2006,,,2,1,"DISPLAY_NAME_UNRESOLVED",89,MEDIUM
305153,"","Pereira Pena",IDENTITY_FRAGMENT,Contracted,1336,765,301148,"Anápolis FC",765,301148,"Anápolis FC",False,79,2001,2006-01-31,Defined,30,2006,,,1,1,"DISPLAY_NAME_UNRESOLVED",89,MEDIUM
8826934,"","Ricardo Barreto",IDENTITY_FRAGMENT,Contracted,6856,1498,319620,"Angra dos Reis EC",1498,319620,"Angra dos Reis EC",False,250,2001,2008-01-31,Defined,30,2008,,,1,1,"DISPLAY_NAME_UNRESOLVED",89,MEDIUM
685613,"","Scapin",IDENTITY_FRAGMENT,Contracted,4634,1546,686771,"AO Messiniakos",1546,686771,"AO Messiniakos",False,625,2004,2008-06-30,Defined,181,2008,,,2,1,"DISPLAY_NAME_UNRESOLVED",89,MEDIUM
3301215,"","Eduardo César",IDENTITY_FRAGMENT,Contracted,5669,117,602,"Arsenal",117,602,"Arsenal",False,13000,2001,2005-06-30,Defined,180,2005,,,2,1,"DISPLAY_NAME_UNRESOLVED",89,MEDIUM
317985,"","Risada",IDENTITY_FRAGMENT,Contracted,3807,1161,313264,"ARUC",1161,313264,"ARUC",False,250,2001,2009-01-31,Defined,30,2009,,,1,1,"DISPLAY_NAME_UNRESOLVED",89,MEDIUM
302959,"","Almeida Souza",IDENTITY_FRAGMENT,Contracted,876,739,301100,"AS Arapiraquense",739,301100,"AS Arapiraquense",False,100,2001,2008-01-31,Defined,30,2008,,,1,1,"DISPLAY_NAME_UNRESOLVED",89,MEDIUM
302970,"","Batista Arrabal",IDENTITY_FRAGMENT,Contracted,881,739,301100,"AS Arapiraquense",739,301100,"AS Arapiraquense",False,75,2001,2006-01-31,Defined,30,2006,,,2,1,"DISPLAY_NAME_UNRESOLVED",89,MEDIUM
302961,"","Carlos Weberton",IDENTITY_FRAGMENT,Contracted,878,739,301100,"AS Arapiraquense",739,301100,"AS Arapiraquense",False,75,2001,2006-01-31,Defined,30,2006,,,2,1,"DISPLAY_NAME_UNRESOLVED",89,MEDIUM
302979,"","Claudivan",IDENTITY_FRAGMENT,Contracted,884,739,301100,"AS Arapiraquense",739,301100,"AS Arapiraquense",False,75,2001,2006-01-31,Defined,30,2006,,,1,1,"DISPLAY_NAME_UNRESOLVED",89,MEDIUM
302973,"","Fortuna Abreu",IDENTITY_FRAGMENT,Contracted,882,739,301100,"AS Arapiraquense",739,301100,"AS Arapiraquense",False,263,2001,2006-01-31,Defined,30,2006,,,2,1,"DISPLAY_NAME_UNRESOLVED",89,MEDIUM
315559,"","Gilberto Neri",IDENTITY_FRAGMENT,OnLoan,2840,45,315,"EC Bahia",739,301100,"AS Arapiraquense",True,75,2003,2005-06-21,Defined,171,2005,75,2004-12-31,2,2,"DISPLAY_NAME_UNRESOLVED",97,HIGH
306912,"","José Adenílson",IDENTITY_FRAGMENT,Contracted,1723,739,301100,"AS Arapiraquense",739,301100,"AS Arapiraquense",False,379,2003,2006-01-31,Defined,30,2006,,,1,1,"DISPLAY_NAME_UNRESOLVED",89,MEDIUM
302968,"","Paixão da Silva",IDENTITY_FRAGMENT,Contracted,880,739,301100,"AS Arapiraquense",739,301100,"AS Arapiraquense",False,75,2001,2006-01-31,Defined,30,2006,,,2,1,"DISPLAY_NAME_UNRESOLVED",89,MEDIUM
302967,"","Regivânio",IDENTITY_FRAGMENT,Contracted,879,739,301100,"AS Arapiraquense",739,301100,"AS Arapiraquense",False,213,2001,2006-01-31,Defined,30,2006,,,2,1,"DISPLAY_NAME_UNRESOLVED",89,MEDIUM
3300209,"","Faiolhe Amantino",IDENTITY_FRAGMENT,Contracted,5285,240,1100,"AS Roma",240,1100,"AS Roma",False,37879,2003,2006-06-30,Defined,180,2006,,,2,1,"DISPLAY_NAME_UNRESOLVED",89,MEDIUM
8832959,"","Spellmeier",IDENTITY_FRAGMENT,OnLoan,7277,56,327,"EC Juventude",240,1100,"AS Roma",True,187,2002,2005-10-31,Defined,303,2005,210,2008-07-31,1,2,"DISPLAY_NAME_UNRESOLVED",97,HIGH
301797,"","Robert",IDENTITY_FRAGMENT,OnLoan,739,630,121265,"Botafogo FC (SP)",548,106027,"Atlas",True,589,2001,2006-01-31,Defined,30,2006,589,2004-12-31,2,2,"DISPLAY_NAME_UNRESOLVED",97,HIGH
317645,"","Antônio Wilson",IDENTITY_FRAGMENT,Contracted,3754,767,301151,"Atlético C Goianiense",767,301151,"Atlético C Goianiense",False,351,2001,2009-01-31,Defined,30,2009,,,2,1,"DISPLAY_NAME_UNRESOLVED",89,MEDIUM
305177,"","Bruno César",IDENTITY_FRAGMENT,Contracted,1352,767,301151,"Atlético C Goianiense",767,301151,"Atlético C Goianiense",False,374,2001,2006-01-31,Defined,30,2006,,,2,1,"DISPLAY_NAME_UNRESOLVED",89,MEDIUM
305162,"","Cândido de Lima",IDENTITY_FRAGMENT,Contracted,1341,767,301151,"Atlético C Goianiense",767,301151,"Atlético C Goianiense",False,72,2001,2006-01-31,Defined,30,2006,,,2,1,"DISPLAY_NAME_UNRESOLVED",89,MEDIUM
317308,"","de Souza Amorim",IDENTITY_FRAGMENT,Contracted,3695,767,301151,"Atlético C Goianiense",767,301151,"Atlético C Goianiense",False,30,2001,2005-01-31,Defined,30,2005,,,2,1,"DISPLAY_NAME_UNRESOLVED",89,MEDIUM
305173,"","Rodrigo Aires",IDENTITY_FRAGMENT,Contracted,1349,767,301151,"Atlético C Goianiense",767,301151,"Atlético C Goianiense",False,392,2001,2006-01-31,Defined,30,2006,,,2,1,"DISPLAY_NAME_UNRESOLVED",89,MEDIUM
318235,"","Hermes",IDENTITY_FRAGMENT,Contracted,3889,1093,311951,"Atlético Cajazeirense D",1093,311951,"Atlético Cajazeirense D",False,250,2001,2009-01-31,Defined,30,2009,,,2,1,"DISPLAY_NAME_UNRESOLVED",89,MEDIUM
306751,"","Mendonça Guimarães",IDENTITY_FRAGMENT,Contracted,1688,1093,311951,"Atlético Cajazeirense D",1093,311951,"Atlético Cajazeirense D",False,75,2001,2006-01-31,Defined,30,2006,,,1,1,"DISPLAY_NAME_UNRESOLVED",89,MEDIUM
318233,"","Silvério",IDENTITY_FRAGMENT,Contracted,3888,1093,311951,"Atlético Cajazeirense D",1093,311951,"Atlético Cajazeirense D",False,75,2001,2006-01-31,Defined,30,2006,,,1,1,"DISPLAY_NAME_UNRESOLVED",89,MEDIUM
304031,"","Adinam",IDENTITY_FRAGMENT,Contracted,1025,569,107208,"Avaí FC",569,107208,"Avaí FC",False,215,2004,2006-01-31,Defined,30,2006,,,2,1,"DISPLAY_NAME_UNRESOLVED",89,MEDIUM
309130,"","Alex Chandre",IDENTITY_FRAGMENT,Contracted,1991,569,107208,"Avaí FC",569,107208,"Avaí FC",False,178,2004,2006-01-31,Defined,30,2006,,,2,1,"DISPLAY_NAME_UNRESOLVED",89,MEDIUM
316348,"","Amaral Dias",IDENTITY_FRAGMENT,Contracted,3218,569,107208,"Avaí FC",569,107208,"Avaí FC",False,100,2001,2008-01-31,Defined,30,2008,,,1,1,"DISPLAY_NAME_UNRESOLVED",89,MEDIUM
477861,"","Brenner",IDENTITY_FRAGMENT,Contracted,4529,569,107208,"Avaí FC",569,107208,"Avaí FC",False,1041,2003,2006-01-31,Defined,30,2006,,,2,1,"DISPLAY_NAME_UNRESOLVED",89,MEDIUM
3300338,"","Cavalo",IDENTITY_FRAGMENT,Contracted,5334,569,107208,"Avaí FC",569,107208,"Avaí FC",False,573,2001,2007-01-31,Defined,30,2007,,,2,1,"DISPLAY_NAME_UNRESOLVED",89,MEDIUM
829686,"","Ceccon",IDENTITY_FRAGMENT,OnLoan,4780,66,337,"São Paulo FC",569,107208,"Avaí FC",True,95,2001,2004-12-31,Defined,365,2004,95,2004-12-31,2,2,"DISPLAY_NAME_UNRESOLVED",97,HIGH
310996,"","Cedenir",IDENTITY_FRAGMENT,Contracted,2202,569,107208,"Avaí FC",569,107208,"Avaí FC",False,313,2001,2006-01-31,Defined,30,2006,,,2,1,"DISPLAY_NAME_UNRESOLVED",89,MEDIUM
8827346,"","Cruz Porto",IDENTITY_FRAGMENT,Contracted,6881,569,107208,"Avaí FC",569,107208,"Avaí FC",False,75,2001,2005-01-31,Defined,30,2005,,,2,1,"DISPLAY_NAME_UNRESOLVED",89,MEDIUM
318194,"","da Silva Filho",IDENTITY_FRAGMENT,Contracted,3866,569,107208,"Avaí FC",569,107208,"Avaí FC",False,244,2001,2006-01-31,Defined,30,2006,,,2,1,"DISPLAY_NAME_UNRESOLVED",89,MEDIUM
310995,"","da Silva Pinto",IDENTITY_FRAGMENT,Contracted,2201,569,107208,"Avaí FC",569,107208,"Avaí FC",False,75,2001,2006-01-31,Defined,30,2006,,,2,1,"DISPLAY_NAME_UNRESOLVED",89,MEDIUM
3301308,"","dal Pozzo",IDENTITY_FRAGMENT,Contracted,5720,569,107208,"Avaí FC",569,107208,"Avaí FC",False,265,2003,2005-01-31,Defined,30,2005,,,2,1,"DISPLAY_NAME_UNRESOLVED",89,MEDIUM
3300130,"","de Gouveia",IDENTITY_FRAGMENT,Contracted,5238,569,107208,"Avaí FC",569,107208,"Avaí FC",False,522,2004,2006-01-31,Defined,30,2006,,,2,1,"DISPLAY_NAME_UNRESOLVED",89,MEDIUM
8834923,"","de Souza Calado",IDENTITY_FRAGMENT,Contracted,7637,569,107208,"Avaí FC",569,107208,"Avaí FC",False,75,2001,2005-01-31,Defined,30,2005,,,2,1,"DISPLAY_NAME_UNRESOLVED",89,MEDIUM
316339,"","de Souza Machado",IDENTITY_FRAGMENT,Contracted,3213,569,107208,"Avaí FC",569,107208,"Avaí FC",False,142,2001,2006-01-31,Defined,30,2006,,,2,1,"DISPLAY_NAME_UNRESOLVED",89,MEDIUM
3301108,"","Denílson Antônio",IDENTITY_FRAGMENT,Contracted,5608,569,107208,"Avaí FC",569,107208,"Avaí FC",False,333,2002,2006-01-31,Defined,30,2006,,,2,1,"DISPLAY_NAME_UNRESOLVED",89,MEDIUM
8827348,"","Dias",IDENTITY_FRAGMENT,Contracted,6883,569,107208,"Avaí FC",569,107208,"Avaí FC",False,170,2001,2006-01-31,Defined,30,2006,,,2,1,"DISPLAY_NAME_UNRESOLVED",89,MEDIUM
318108,"","Dias Ribeiro",IDENTITY_FRAGMENT,Contracted,3818,569,107208,"Avaí FC",569,107208,"Avaí FC",False,351,2001,2006-01-31,Defined,30,2006,,,1,1,"DISPLAY_NAME_UNRESOLVED",89,MEDIUM
8827349,"","Diego Roberto",IDENTITY_FRAGMENT,Contracted,6884,569,107208,"Avaí FC",569,107208,"Avaí FC",False,264,2001,2006-01-31,Defined,30,2006,,,2,1,"DISPLAY_NAME_UNRESOLVED",89,MEDIUM
311418,"","dos Santos Possato",IDENTITY_FRAGMENT,Contracted,2377,569,107208,"Avaí FC",569,107208,"Avaí FC",False,283,2001,2006-01-31,Defined,30,2006,,,2,1,"DISPLAY_NAME_UNRESOLVED",89,MEDIUM
310986,"","Elidiano",IDENTITY_FRAGMENT,Contracted,2195,569,107208,"Avaí FC",569,107208,"Avaí FC",False,193,2001,2006-01-31,Defined,30,2006,,,2,1,"DISPLAY_NAME_UNRESOLVED",89,MEDIUM
3301226,"","Foiani",IDENTITY_FRAGMENT,Contracted,5674,569,107208,"Avaí FC",569,107208,"Avaí FC",False,166,2004,2006-01-31,Defined,30,2006,,,2,1,"DISPLAY_NAME_UNRESOLVED",89,MEDIUM
8833512,"","Grein Júnior",IDENTITY_FRAGMENT,FormationContract,7365,569,107208,"Avaí FC",569,107208,"Avaí FC",False,30,2001,,NotDefined,1,1900,,,2,1,"SENTINEL_END_DATE|DISPLAY_NAME_UNRESOLVED",89,MEDIUM
316346,"","Hoffmann",IDENTITY_FRAGMENT,Contracted,3217,569,107208,"Avaí FC",569,107208,"Avaí FC",False,234,2002,2004-08-04,Defined,216,2004,,,1,1,"DISPLAY_NAME_UNRESOLVED",89,MEDIUM
302851,"","Honório",IDENTITY_FRAGMENT,Contracted,868,569,107208,"Avaí FC",569,107208,"Avaí FC",False,267,2001,2006-01-31,Defined,30,2006,,,2,1,"DISPLAY_NAME_UNRESOLVED",89,MEDIUM
310980,"","Horvat",IDENTITY_FRAGMENT,Contracted,2191,569,107208,"Avaí FC",569,107208,"Avaí FC",False,100,2001,2008-01-31,Defined,30,2008,,,1,1,"DISPLAY_NAME_UNRESOLVED",89,MEDIUM
304462,"","Jean Elias",IDENTITY_FRAGMENT,Contracted,1149,569,107208,"Avaí FC",569,107208,"Avaí FC",False,332,2001,2005-01-31,Defined,30,2005,,,2,1,"DISPLAY_NAME_UNRESOLVED",89,MEDIUM
303950,"","José Adão",IDENTITY_FRAGMENT,Contracted,1006,569,107208,"Avaí FC",569,107208,"Avaí FC",False,653,2003,2005-01-31,Defined,30,2005,,,1,1,"DISPLAY_NAME_UNRESOLVED",89,MEDIUM
3300916,"","José Clébson",IDENTITY_FRAGMENT,Contracted,5529,569,107208,"Avaí FC",569,107208,"Avaí FC",False,338,2004,2006-01-31,Defined,30,2006,,,2,1,"DISPLAY_NAME_UNRESOLVED",89,MEDIUM
310993,"","Júnior Laguna",IDENTITY_FRAGMENT,Contracted,2200,569,107208,"Avaí FC",569,107208,"Avaí FC",False,75,2001,2006-01-31,Defined,30,2006,,,2,1,"DISPLAY_NAME_UNRESOLVED",89,MEDIUM
8827347,"","Krika",IDENTITY_FRAGMENT,Contracted,6882,569,107208,"Avaí FC",569,107208,"Avaí FC",False,75,2001,2005-01-31,Defined,30,2005,,,2,1,"DISPLAY_NAME_UNRESOLVED",89,MEDIUM
304235,"","Kuckert",IDENTITY_FRAGMENT,Contracted,1075,569,107208,"Avaí FC",569,107208,"Avaí FC",False,75,2001,2006-01-31,Defined,30,2006,,,2,1,"DISPLAY_NAME_UNRESOLVED",89,MEDIUM
8833510,"","Lopes da Silva Júnior",IDENTITY_FRAGMENT,Contracted,7363,569,107208,"Avaí FC",569,107208,"Avaí FC",False,144,2001,2006-01-31,Defined,30,2006,,,2,1,"DISPLAY_NAME_UNRESOLVED",89,MEDIUM
310982,"","Luís Fernando",IDENTITY_FRAGMENT,Contracted,2193,569,107208,"Avaí FC",569,107208,"Avaí FC",False,75,2001,2007-01-31,Defined,30,2007,,,1,1,"DISPLAY_NAME_UNRESOLVED",89,MEDIUM
6900036,"","Luís Idorildo",IDENTITY_FRAGMENT,Contracted,6426,569,107208,"Avaí FC",569,107208,"Avaí FC",False,585,2004,2004-12-13,Defined,347,2004,,,2,1,"DISPLAY_NAME_UNRESOLVED",89,MEDIUM
8827344,"","Magalhães Novais",IDENTITY_FRAGMENT,Contracted,6879,569,107208,"Avaí FC",569,107208,"Avaí FC",False,75,2001,2005-01-31,Defined,30,2005,,,2,1,"DISPLAY_NAME_UNRESOLVED",89,MEDIUM
8834922,"","Meireles do Nascimento",IDENTITY_FRAGMENT,Contracted,7636,569,107208,"Avaí FC",569,107208,"Avaí FC",False,182,2001,2005-01-31,Defined,30,2005,,,2,1,"DISPLAY_NAME_UNRESOLVED",89,MEDIUM
8832806,"","Mendes Guimarães",IDENTITY_FRAGMENT,Contracted,7151,569,107208,"Avaí FC",569,107208,"Avaí FC",False,224,2004,2005-01-31,Defined,30,2005,,,2,1,"DISPLAY_NAME_UNRESOLVED",89,MEDIUM
310977,"","Murilo",IDENTITY_FRAGMENT,Contracted,2188,569,107208,"Avaí FC",569,107208,"Avaí FC",False,75,2001,2009-01-31,Defined,30,2009,,,1,1,"DISPLAY_NAME_UNRESOLVED",89,MEDIUM
3300404,"","Naílton",IDENTITY_FRAGMENT,Contracted,5354,569,107208,"Avaí FC",569,107208,"Avaí FC",False,299,2004,2006-01-31,Defined,30,2006,,,2,1,"DISPLAY_NAME_UNRESOLVED",89,MEDIUM
310983,"","Nílson Iomar",IDENTITY_FRAGMENT,Contracted,2194,569,107208,"Avaí FC",569,107208,"Avaí FC",False,100,2001,2009-01-31,Defined,30,2009,,,2,1,"DISPLAY_NAME_UNRESOLVED",89,MEDIUM
3301509,"","Pereira Bazílio",IDENTITY_FRAGMENT,Contracted,5786,569,107208,"Avaí FC",569,107208,"Avaí FC",False,660,2003,2004-12-10,Defined,344,2004,,,1,1,"DISPLAY_NAME_UNRESOLVED",89,MEDIUM
3300955,"","Pitarelli",IDENTITY_FRAGMENT,Contracted,5545,569,107208,"Avaí FC",569,107208,"Avaí FC",False,338,2001,2006-01-31,Defined,30,2006,,,2,1,"DISPLAY_NAME_UNRESOLVED",89,MEDIUM
316345,"","Schmidt Silveira",IDENTITY_FRAGMENT,Contracted,3216,569,107208,"Avaí FC",569,107208,"Avaí FC",False,138,2001,2005-01-31,Defined,30,2005,,,2,1,"DISPLAY_NAME_UNRESOLVED",89,MEDIUM
876717,"","Sílvio Antônio",IDENTITY_FRAGMENT,Contracted,4846,569,107208,"Avaí FC",569,107208,"Avaí FC",False,523,2004,2005-01-31,Defined,30,2005,,,2,1,"DISPLAY_NAME_UNRESOLVED",89,MEDIUM
726584,"","Spinassé Camilato",IDENTITY_FRAGMENT,Contracted,4692,569,107208,"Avaí FC",569,107208,"Avaí FC",False,400,2004,2006-01-31,Defined,30,2006,,,2,1,"DISPLAY_NAME_UNRESOLVED",89,MEDIUM
3300319,"","Thiago Martins",IDENTITY_FRAGMENT,Contracted,5325,569,107208,"Avaí FC",569,107208,"Avaí FC",False,140,2001,2006-01-31,Defined,30,2006,,,1,1,"DISPLAY_NAME_UNRESOLVED",89,MEDIUM
8833511,"","Tony Heleno",IDENTITY_FRAGMENT,OnLoan,7364,903,303022,"Iraty SC",569,107208,"Avaí FC",True,407,2001,2005-01-31,Defined,30,2005,407,2004-12-31,2,2,"DISPLAY_NAME_UNRESOLVED",97,HIGH
318810,"","Vicenzi",IDENTITY_FRAGMENT,Contracted,3959,569,107208,"Avaí FC",569,107208,"Avaí FC",False,75,2001,2005-01-31,Defined,30,2005,,,2,1,"DISPLAY_NAME_UNRESOLVED",89,MEDIUM
8834918,"","Vilas Boas Tavares",IDENTITY_FRAGMENT,Contracted,7634,569,107208,"Avaí FC",569,107208,"Avaí FC",False,96,2001,2006-01-31,Defined,30,2006,,,2,1,"DISPLAY_NAME_UNRESOLVED",89,MEDIUM
8834925,"","Warmling Júnior",IDENTITY_FRAGMENT,Contracted,7638,569,107208,"Avaí FC",569,107208,"Avaí FC",False,75,2001,2005-01-31,Defined,30,2005,,,2,1,"DISPLAY_NAME_UNRESOLVED",89,MEDIUM
3901051,"","de Araújo Rodrigues",IDENTITY_FRAGMENT,Contracted,5968,908,303861,"Bandeirante (DF)",908,303861,"Bandeirante (DF)",False,75,2001,2006-01-31,Defined,30,2006,,,2,1,"DISPLAY_NAME_UNRESOLVED",89,MEDIUM
310869,"","Fabrício José",IDENTITY_FRAGMENT,Contracted,2139,908,303861,"Bandeirante (DF)",908,303861,"Bandeirante (DF)",False,97,2001,2006-01-31,Defined,30,2006,,,2,1,"DISPLAY_NAME_UNRESOLVED",89,MEDIUM
305108,"","Genésio",IDENTITY_FRAGMENT,Contracted,1308,908,303861,"Bandeirante (DF)",908,303861,"Bandeirante (DF)",False,299,2002,2006-01-31,Defined,30,2006,,,2,1,"DISPLAY_NAME_UNRESOLVED",89,MEDIUM
310621,"","Martins Rocha",IDENTITY_FRAGMENT,Contracted,2054,908,303861,"Bandeirante (DF)",908,303861,"Bandeirante (DF)",False,75,2001,2006-01-31,Defined,30,2006,,,2,1,"DISPLAY_NAME_UNRESOLVED",89,MEDIUM
728417,"","Petróleo",IDENTITY_FRAGMENT,Contracted,4703,908,303861,"Bandeirante (DF)",908,303861,"Bandeirante (DF)",False,527,2002,2006-01-31,Defined,30,2006,,,2,1,"DISPLAY_NAME_UNRESOLVED",89,MEDIUM
7100099,"","Santos de Farias",IDENTITY_FRAGMENT,Contracted,6592,908,303861,"Bandeirante (DF)",908,303861,"Bandeirante (DF)",False,627,2001,2006-01-31,Defined,30,2006,,,2,1,"DISPLAY_NAME_UNRESOLVED",89,MEDIUM
7100038,"","Viana de Souza",IDENTITY_FRAGMENT,Contracted,6591,908,303861,"Bandeirante (DF)",908,303861,"Bandeirante (DF)",False,75,2001,2006-01-31,Defined,30,2006,,,2,1,"DISPLAY_NAME_UNRESOLVED",89,MEDIUM
307367,"","Pacheco da Silva Filho",IDENTITY_FRAGMENT,Contracted,1843,988,309673,"Bandeirante (SP)",988,309673,"Bandeirante (SP)",False,283,2003,2006-01-31,Defined,30,2006,,,2,1,"DISPLAY_NAME_UNRESOLVED",89,MEDIUM
315132,"","Afonso Cezar",IDENTITY_FRAGMENT,Contracted,2623,524,104775,"Bangu AC",524,104775,"Bangu AC",False,182,2004,2006-01-31,Defined,30,2006,,,2,1,"DISPLAY_NAME_UNRESOLVED",89,MEDIUM
315246,"","Aguiar dos Santos",IDENTITY_FRAGMENT,Contracted,2711,524,104775,"Bangu AC",524,104775,"Bangu AC",False,121,2001,2006-01-31,Defined,30,2006,,,2,1,"DISPLAY_NAME_UNRESOLVED",89,MEDIUM
3300386,"","Alberto Joaquim",IDENTITY_FRAGMENT,Contracted,5343,524,104775,"Bangu AC",524,104775,"Bangu AC",False,89,2001,2006-01-31,Defined,30,2006,,,2,1,"DISPLAY_NAME_UNRESOLVED",89,MEDIUM
3300395,"","André Gilberto",IDENTITY_FRAGMENT,Contracted,5348,524,104775,"Bangu AC",524,104775,"Bangu AC",False,75,2001,2006-01-31,Defined,30,2006,,,1,1,"DISPLAY_NAME_UNRESOLVED",89,MEDIUM
306462,"","Brasília",IDENTITY_FRAGMENT,Contracted,1614,524,104775,"Bangu AC",524,104775,"Bangu AC",False,405,2001,2009-01-31,Defined,30,2009,,,2,1,"DISPLAY_NAME_UNRESOLVED",89,MEDIUM
315285,"","Cléberson",IDENTITY_FRAGMENT,Contracted,2741,524,104775,"Bangu AC",524,104775,"Bangu AC",False,486,2001,2006-01-31,Defined,30,2006,,,2,1,"DISPLAY_NAME_UNRESOLVED",89,MEDIUM
315253,"","Corrêa da Rocha Pitta",IDENTITY_FRAGMENT,Contracted,2717,524,104775,"Bangu AC",524,104775,"Bangu AC",False,152,2001,2006-01-31,Defined,30,2006,,,2,1,"DISPLAY_NAME_UNRESOLVED",89,MEDIUM
315267,"","Costa da Silva Gomes",IDENTITY_FRAGMENT,Contracted,2727,524,104775,"Bangu AC",524,104775,"Bangu AC",False,85,2001,2006-01-31,Defined,30,2006,,,2,1,"DISPLAY_NAME_UNRESOLVED",89,MEDIUM
8830263,"","Cunha de Faria",IDENTITY_FRAGMENT,Contracted,6998,524,104775,"Bangu AC",524,104775,"Bangu AC",False,133,2001,2006-01-31,Defined,30,2006,,,2,1,"DISPLAY_NAME_UNRESOLVED",89,MEDIUM
315277,"","de Abreu Machado",IDENTITY_FRAGMENT,Contracted,2736,524,104775,"Bangu AC",524,104775,"Bangu AC",False,172,2001,2006-01-31,Defined,30,2006,,,2,1,"DISPLAY_NAME_UNRESOLVED",89,MEDIUM
315272,"","de Albuquerque Corrêa",IDENTITY_FRAGMENT,Contracted,2731,524,104775,"Bangu AC",524,104775,"Bangu AC",False,211,2001,2006-01-31,Defined,30,2006,,,2,1,"DISPLAY_NAME_UNRESOLVED",89,MEDIUM
315249,"","de Almeida Bastos",IDENTITY_FRAGMENT,Contracted,2713,524,104775,"Bangu AC",524,104775,"Bangu AC",False,132,2001,2006-01-31,Defined,30,2006,,,1,1,"DISPLAY_NAME_UNRESOLVED",89,MEDIUM
315264,"","de Araújo Nascimento",IDENTITY_FRAGMENT,Contracted,2726,524,104775,"Bangu AC",524,104775,"Bangu AC",False,114,2001,2006-01-31,Defined,30,2006,,,2,1,"DISPLAY_NAME_UNRESOLVED",89,MEDIUM
315273,"","de Oliveira Gonçalves",IDENTITY_FRAGMENT,Contracted,2732,524,104775,"Bangu AC",524,104775,"Bangu AC",False,75,2001,2006-01-31,Defined,30,2006,,,2,1,"DISPLAY_NAME_UNRESOLVED",89,MEDIUM
8826948,"","Diego Morais",IDENTITY_FRAGMENT,Contracted,6861,524,104775,"Bangu AC",524,104775,"Bangu AC",False,30,2001,2005-01-31,Defined,30,2005,,,2,1,"DISPLAY_NAME_UNRESOLVED",89,MEDIUM
315260,"","dos Santos de Paula Marçal",IDENTITY_FRAGMENT,Contracted,2722,524,104775,"Bangu AC",524,104775,"Bangu AC",False,124,2001,2006-01-31,Defined,30,2006,,,2,1,"DISPLAY_NAME_UNRESOLVED",89,MEDIUM
8830559,"","dos Santos Peçanha",IDENTITY_FRAGMENT,Contracted,7089,524,104775,"Bangu AC",524,104775,"Bangu AC",False,113,2003,2006-01-31,Defined,30,2006,,,2,1,"DISPLAY_NAME_UNRESOLVED",89,MEDIUM
306170,"","Elinton",IDENTITY_FRAGMENT,Contracted,1523,524,104775,"Bangu AC",524,104775,"Bangu AC",False,102,2001,2006-01-31,Defined,30,2006,,,2,1,"DISPLAY_NAME_UNRESOLVED",89,MEDIUM
315251,"","Esmerino",IDENTITY_FRAGMENT,Contracted,2715,524,104775,"Bangu AC",524,104775,"Bangu AC",False,75,2001,2007-01-31,Defined,30,2007,,,2,1,"DISPLAY_NAME_UNRESOLVED",89,MEDIUM
319649,"","Fernandez Tomás",IDENTITY_FRAGMENT,Contracted,4109,524,104775,"Bangu AC",524,104775,"Bangu AC",False,592,2001,2006-01-31,Defined,30,2006,,,2,1,"DISPLAY_NAME_UNRESOLVED",89,MEDIUM
3300387,"","Gerônimo Silva",IDENTITY_FRAGMENT,Contracted,5344,524,104775,"Bangu AC",524,104775,"Bangu AC",False,640,2001,2006-01-31,Defined,30,2006,,,2,1,"DISPLAY_NAME_UNRESOLVED",89,MEDIUM
3300402,"","Gutemberg",IDENTITY_FRAGMENT,Contracted,5353,524,104775,"Bangu AC",524,104775,"Bangu AC",False,75,2001,2009-01-31,Defined,30,2009,,,2,1,"DISPLAY_NAME_UNRESOLVED",89,MEDIUM
735841,"","Krizek Caparelli de Moura",IDENTITY_FRAGMENT,Contracted,4714,524,104775,"Bangu AC",524,104775,"Bangu AC",False,141,2001,2006-01-31,Defined,30,2006,,,2,1,"DISPLAY_NAME_UNRESOLVED",89,MEDIUM
312559,"","Leandro Teodoro",IDENTITY_FRAGMENT,Contracted,2562,524,104775,"Bangu AC",524,104775,"Bangu AC",False,139,2001,2006-01-31,Defined,30,2006,,,2,1,"DISPLAY_NAME_UNRESOLVED",89,MEDIUM
315275,"","Machado Suzano",IDENTITY_FRAGMENT,Contracted,2734,524,104775,"Bangu AC",524,104775,"Bangu AC",False,187,2001,2006-01-31,Defined,30,2006,,,2,1,"DISPLAY_NAME_UNRESOLVED",89,MEDIUM
315284,"","Marlon Firmino",IDENTITY_FRAGMENT,Contracted,2740,524,104775,"Bangu AC",524,104775,"Bangu AC",False,174,2001,2006-01-31,Defined,30,2006,,,2,1,"DISPLAY_NAME_UNRESOLVED",89,MEDIUM
306522,"","Mendonça de Oliveira",IDENTITY_FRAGMENT,Contracted,1641,524,104775,"Bangu AC",524,104775,"Bangu AC",False,139,2001,2006-01-31,Defined,30,2006,,,2,1,"DISPLAY_NAME_UNRESOLVED",89,MEDIUM
8830560,"","Morais Pacheco",IDENTITY_FRAGMENT,Contracted,7090,524,104775,"Bangu AC",524,104775,"Bangu AC",False,102,2003,2005-01-31,Defined,30,2005,,,2,1,"DISPLAY_NAME_UNRESOLVED",89,MEDIUM
315270,"","Moura Bastos",IDENTITY_FRAGMENT,Contracted,2729,524,104775,"Bangu AC",524,104775,"Bangu AC",False,143,2001,2005-01-31,Defined,30,2005,,,2,1,"DISPLAY_NAME_UNRESOLVED",89,MEDIUM
3300365,"","Nogueira Luz",IDENTITY_FRAGMENT,Contracted,5340,524,104775,"Bangu AC",524,104775,"Bangu AC",False,75,2001,2006-01-31,Defined,30,2006,,,2,1,"DISPLAY_NAME_UNRESOLVED",89,MEDIUM
315281,"","Perozo de Oliveira",IDENTITY_FRAGMENT,Contracted,2738,524,104775,"Bangu AC",524,104775,"Bangu AC",False,157,2001,2006-01-31,Defined,30,2006,,,2,1,"DISPLAY_NAME_UNRESOLVED",89,MEDIUM
6900047,"","Ramalho Guimarães",IDENTITY_FRAGMENT,Contracted,6431,524,104775,"Bangu AC",524,104775,"Bangu AC",False,328,2002,2006-01-31,Defined,30,2006,,,1,1,"DISPLAY_NAME_UNRESOLVED",89,MEDIUM
315286,"","Rogério Corrêa",IDENTITY_FRAGMENT,Contracted,2742,524,104775,"Bangu AC",524,104775,"Bangu AC",False,186,2001,2006-01-31,Defined,30,2006,,,2,1,"DISPLAY_NAME_UNRESOLVED",89,MEDIUM
315278,"","Santiago de Andrade",IDENTITY_FRAGMENT,Contracted,2737,524,104775,"Bangu AC",524,104775,"Bangu AC",False,183,2001,2005-01-31,Defined,30,2005,,,2,1,"DISPLAY_NAME_UNRESOLVED",89,MEDIUM
315248,"","Sidnei Estevão",IDENTITY_FRAGMENT,Contracted,2712,524,104775,"Bangu AC",524,104775,"Bangu AC",False,137,2001,2006-01-31,Defined,30,2006,,,2,1,"DISPLAY_NAME_UNRESOLVED",89,MEDIUM
315274,"","Silva Andrade",IDENTITY_FRAGMENT,Contracted,2733,524,104775,"Bangu AC",524,104775,"Bangu AC",False,325,2001,2006-01-31,Defined,30,2006,,,2,1,"DISPLAY_NAME_UNRESOLVED",89,MEDIUM
315268,"","Tepedino Pereira",IDENTITY_FRAGMENT,Contracted,2728,524,104775,"Bangu AC",524,104775,"Bangu AC",False,145,2001,2006-01-31,Defined,30,2006,,,2,1,"DISPLAY_NAME_UNRESOLVED",89,MEDIUM
315287,"","Tomás Ribeiro",IDENTITY_FRAGMENT,Contracted,2743,524,104775,"Bangu AC",524,104775,"Bangu AC",False,575,2001,2006-01-31,Defined,30,2006,,,2,1,"DISPLAY_NAME_UNRESOLVED",89,MEDIUM
3300412,"","Trevizol",IDENTITY_FRAGMENT,Contracted,5360,524,104775,"Bangu AC",524,104775,"Bangu AC",False,100,2001,2009-01-31,Defined,30,2009,,,2,1,"DISPLAY_NAME_UNRESOLVED",89,MEDIUM
3300400,"","Vinícius Augusto",IDENTITY_FRAGMENT,Contracted,5351,524,104775,"Bangu AC",524,104775,"Bangu AC",False,143,2001,2006-01-31,Defined,30,2006,,,1,1,"DISPLAY_NAME_UNRESOLVED",89,MEDIUM
318301,"","Alexandre Borges",IDENTITY_FRAGMENT,Contracted,3899,843,301296,"Baré EC",843,301296,"Baré EC",False,75,2001,2006-01-31,Defined,30,2006,,,2,1,"DISPLAY_NAME_UNRESOLVED",89,MEDIUM
306676,"","Anderley",IDENTITY_FRAGMENT,Contracted,1665,843,301296,"Baré EC",843,301296,"Baré EC",False,290,2001,2006-01-31,Defined,30,2006,,,2,1,"DISPLAY_NAME_UNRESOLVED",89,MEDIUM
320974,"","de Oliveira Teixeira",IDENTITY_FRAGMENT,Contracted,4394,843,301296,"Baré EC",843,301296,"Baré EC",False,317,2001,2006-01-31,Defined,30,2006,,,2,1,"DISPLAY_NAME_UNRESOLVED",89,MEDIUM
302247,"","Gílson Porto",IDENTITY_FRAGMENT,Contracted,787,886,301919,"Barreiras EC",886,301919,"Barreiras EC",False,250,2001,2007-01-31,Defined,30,2007,,,2,1,"DISPLAY_NAME_UNRESOLVED",89,MEDIUM
8826353,"","Toninho Cobra",IDENTITY_FRAGMENT,Contracted,6824,1438,318889,"Batatais FC",1438,318889,"Batatais FC",False,250,2001,2007-01-31,Defined,30,2007,,,2,1,"DISPLAY_NAME_UNRESOLVED",89,MEDIUM
3300979,"","Françoaldo",IDENTITY_FRAGMENT,Contracted,5556,176,901,"Bayer 04 Leverkusen",176,901,"Bayer 04 Leverkusen",False,45000,2002,2007-06-30,Defined,180,2007,,,2,1,"DISPLAY_NAME_UNRESOLVED",89,MEDIUM
3300184,"","José Vítor",IDENTITY_FRAGMENT,Contracted,5275,176,901,"Bayer 04 Leverkusen",176,901,"Bayer 04 Leverkusen",False,27500,2004,2007-06-30,Defined,180,2007,,,2,1,"DISPLAY_NAME_UNRESOLVED",89,MEDIUM
3300974,"","Ponte",IDENTITY_FRAGMENT,Contracted,5554,176,901,"Bayer 04 Leverkusen",176,901,"Bayer 04 Leverkusen",False,30000,1999,2005-06-30,Defined,180,2005,,,2,1,"DISPLAY_NAME_UNRESOLVED",89,MEDIUM
4100174,"","Guiaro",IDENTITY_FRAGMENT,Contracted,5985,420,1866,"Besiktas JK",420,1866,"Besiktas JK",False,3733,2001,2006-06-30,Defined,180,2006,,,2,1,"DISPLAY_NAME_UNRESOLVED",89,MEDIUM
306985,"","Carbone",IDENTITY_FRAGMENT,Contracted,1757,1591,1200689,"Blooming FC",1591,1200689,"Blooming FC",False,255,2001,2009-08-31,Defined,242,2009,,,1,1,"DISPLAY_NAME_UNRESOLVED",89,MEDIUM
3301170,"","Sebastião Wágner",IDENTITY_FRAGMENT,Contracted,5639,945,309137,"Boavista (RJ)",945,309137,"Boavista (RJ)",False,250,2001,2008-01-31,Defined,30,2008,,,2,1,"DISPLAY_NAME_UNRESOLVED",89,MEDIUM
733827,"","Éder",IDENTITY_FRAGMENT,Contracted,4705,318,1471,"Boavista Futebol Clube",318,1471,"Boavista Futebol Clube",False,1800,2002,2007-06-30,Defined,180,2007,,,1,1,"DISPLAY_NAME_UNRESOLVED",89,MEDIUM
3600723,"","Dédé",IDENTITY_FRAGMENT,Contracted,5873,179,907,"Borussia Dortmund",179,907,"Borussia Dortmund",False,50000,1998,2005-06-30,Defined,180,2005,,,2,1,"DISPLAY_NAME_UNRESOLVED",89,MEDIUM
6900062,"","Evanílson",IDENTITY_FRAGMENT,Contracted,6443,179,907,"Borussia Dortmund",179,907,"Borussia Dortmund",False,32500,2001,2007-06-30,Defined,180,2007,,,2,1,"DISPLAY_NAME_UNRESOLVED",89,MEDIUM
302538,"","Éwerthon Henrique",IDENTITY_FRAGMENT,Contracted,823,179,907,"Borussia Dortmund",179,907,"Borussia Dortmund",False,35000,2001,2006-06-30,Defined,180,2006,,,2,1,"DISPLAY_NAME_UNRESOLVED",89,MEDIUM
315564,"","de Freitas Santos",IDENTITY_FRAGMENT,OnLoan,2844,45,315,"EC Bahia",797,301208,"Botafogo FC (PB)",True,75,2003,2008-04-07,Defined,97,2008,75,2004-12-31,2,2,"DISPLAY_NAME_UNRESOLVED",97,HIGH
306746,"","do Nascimento Coelho",IDENTITY_FRAGMENT,Contracted,1685,797,301208,"Botafogo FC (PB)",797,301208,"Botafogo FC (PB)",False,413,2001,2006-01-31,Defined,30,2006,,,2,1,"DISPLAY_NAME_UNRESOLVED",89,MEDIUM
306749,"","dos Santos Divino",IDENTITY_FRAGMENT,Contracted,1686,797,301208,"Botafogo FC (PB)",797,301208,"Botafogo FC (PB)",False,75,2001,2006-01-31,Defined,30,2006,,,2,1,"DISPLAY_NAME_UNRESOLVED",89,MEDIUM
315567,"","Freitas Pinto Filho",IDENTITY_FRAGMENT,OnLoan,2847,45,315,"EC Bahia",797,301208,"Botafogo FC (PB)",True,75,2003,2008-04-07,Defined,97,2008,75,2004-12-31,2,2,"DISPLAY_NAME_UNRESOLVED",97,HIGH
306257,"","Heráclito",IDENTITY_FRAGMENT,Contracted,1529,797,301208,"Botafogo FC (PB)",797,301208,"Botafogo FC (PB)",False,412,2001,2006-01-31,Defined,30,2006,,,2,1,"DISPLAY_NAME_UNRESOLVED",89,MEDIUM
306750,"","Rosivaldo Carlos",IDENTITY_FRAGMENT,Contracted,1687,797,301208,"Botafogo FC (PB)",797,301208,"Botafogo FC (PB)",False,75,2001,2006-01-31,Defined,30,2006,,,2,1,"DISPLAY_NAME_UNRESOLVED",89,MEDIUM
306744,"","Vilmar",IDENTITY_FRAGMENT,Contracted,1684,797,301208,"Botafogo FC (PB)",797,301208,"Botafogo FC (PB)",False,168,2001,2006-01-31,Defined,30,2006,,,2,1,"DISPLAY_NAME_UNRESOLVED",89,MEDIUM
306736,"","Wamberto",IDENTITY_FRAGMENT,Contracted,1681,797,301208,"Botafogo FC (PB)",797,301208,"Botafogo FC (PB)",False,294,2001,2008-01-31,Defined,30,2008,,,1,1,"DISPLAY_NAME_UNRESOLVED",89,MEDIUM
305658,"","Aderaldo",IDENTITY_FRAGMENT,Contracted,1417,630,121265,"Botafogo FC (SP)",630,121265,"Botafogo FC (SP)",False,314,2003,2006-01-31,Defined,30,2006,,,2,1,"DISPLAY_NAME_UNRESOLVED",89,MEDIUM
310761,"","Alex Henrique",IDENTITY_FRAGMENT,Contracted,2095,630,121265,"Botafogo FC (SP)",630,121265,"Botafogo FC (SP)",False,303,2001,2006-01-31,Defined,30,2006,,,2,1,"DISPLAY_NAME_UNRESOLVED",89,MEDIUM
8829993,"","Alex Maciel",IDENTITY_FRAGMENT,Contracted,6969,630,121265,"Botafogo FC (SP)",630,121265,"Botafogo FC (SP)",False,197,2001,2005-01-31,Defined,30,2005,,,2,1,"DISPLAY_NAME_UNRESOLVED",89,MEDIUM
311136,"","Antônio Rogério",IDENTITY_FRAGMENT,Contracted,2257,630,121265,"Botafogo FC (SP)",630,121265,"Botafogo FC (SP)",False,100,2001,2009-01-31,Defined,30,2009,,,1,1,"DISPLAY_NAME_UNRESOLVED",89,MEDIUM
306725,"","Batista Camargo",IDENTITY_FRAGMENT,Contracted,1678,630,121265,"Botafogo FC (SP)",630,121265,"Botafogo FC (SP)",False,413,2004,2006-01-31,Defined,30,2006,,,1,1,"DISPLAY_NAME_UNRESOLVED",89,MEDIUM
311135,"","Carlos Márcio",IDENTITY_FRAGMENT,Contracted,2256,630,121265,"Botafogo FC (SP)",630,121265,"Botafogo FC (SP)",False,100,2001,2007-01-31,Defined,30,2007,,,1,1,"DISPLAY_NAME_UNRESOLVED",89,MEDIUM
8829995,"","de Castro Valeriano",IDENTITY_FRAGMENT,Contracted,6971,630,121265,"Botafogo FC (SP)",630,121265,"Botafogo FC (SP)",False,351,2001,2005-01-31,Defined,30,2005,,,2,1,"DISPLAY_NAME_UNRESOLVED",89,MEDIUM
310765,"","Douglas Renato",IDENTITY_FRAGMENT,Contracted,2096,630,121265,"Botafogo FC (SP)",630,121265,"Botafogo FC (SP)",False,186,2001,2006-01-31,Defined,30,2006,,,2,1,"DISPLAY_NAME_UNRESOLVED",89,MEDIUM
310766,"","Douglas Ricardo",IDENTITY_FRAGMENT,Contracted,2097,630,121265,"Botafogo FC (SP)",630,121265,"Botafogo FC (SP)",False,288,2001,2006-01-31,Defined,30,2006,,,2,1,"DISPLAY_NAME_UNRESOLVED",89,MEDIUM
310767,"","Edson Batatais",IDENTITY_FRAGMENT,Contracted,2098,630,121265,"Botafogo FC (SP)",630,121265,"Botafogo FC (SP)",False,298,2001,2006-01-31,Defined,30,2006,,,2,1,"DISPLAY_NAME_UNRESOLVED",89,MEDIUM
3900673,"","Fábio Augusto",IDENTITY_FRAGMENT,Contracted,5964,630,121265,"Botafogo FC (SP)",630,121265,"Botafogo FC (SP)",False,498,2003,2006-01-31,Defined,30,2006,,,1,1,"DISPLAY_NAME_UNRESOLVED",89,MEDIUM
306086,"","Jérson",IDENTITY_FRAGMENT,Contracted,1504,630,121265,"Botafogo FC (SP)",630,121265,"Botafogo FC (SP)",False,413,2004,2004-12-10,Defined,344,2004,,,2,1,"DISPLAY_NAME_UNRESOLVED",89,MEDIUM
310771,"","José Augusto",IDENTITY_FRAGMENT,Contracted,2102,630,121265,"Botafogo FC (SP)",630,121265,"Botafogo FC (SP)",False,75,2001,2005-01-31,Defined,30,2005,,,2,1,"DISPLAY_NAME_UNRESOLVED",89,MEDIUM
8829990,"","Marcelino de Souza",IDENTITY_FRAGMENT,Contracted,6966,630,121265,"Botafogo FC (SP)",630,121265,"Botafogo FC (SP)",False,120,2001,2006-01-31,Defined,30,2006,,,2,1,"DISPLAY_NAME_UNRESOLVED",89,MEDIUM
3301265,"","Marcos Roberto",IDENTITY_FRAGMENT,Contracted,5696,630,121265,"Botafogo FC (SP)",630,121265,"Botafogo FC (SP)",False,151,2003,2006-01-31,Defined,30,2006,,,2,1,"DISPLAY_NAME_UNRESOLVED",89,MEDIUM
7004181,"","Nílson Domingos",IDENTITY_FRAGMENT,Contracted,6586,630,121265,"Botafogo FC (SP)",630,121265,"Botafogo FC (SP)",False,379,2003,2006-01-31,Defined,30,2006,,,2,1,"DISPLAY_NAME_UNRESOLVED",89,MEDIUM
8829996,"","Rafael Lucas",IDENTITY_FRAGMENT,Contracted,6972,630,121265,"Botafogo FC (SP)",630,121265,"Botafogo FC (SP)",False,245,2001,2005-01-31,Defined,30,2005,,,2,1,"DISPLAY_NAME_UNRESOLVED",89,MEDIUM
318751,"","Saulo Luiz",IDENTITY_FRAGMENT,Contracted,3945,630,121265,"Botafogo FC (SP)",630,121265,"Botafogo FC (SP)",False,293,2001,2005-01-31,Defined,30,2005,,,2,1,"DISPLAY_NAME_UNRESOLVED",89,MEDIUM
317080,"","Schutz",IDENTITY_FRAGMENT,Contracted,3577,630,121265,"Botafogo FC (SP)",630,121265,"Botafogo FC (SP)",False,75,2003,2006-01-31,Defined,30,2006,,,2,1,"DISPLAY_NAME_UNRESOLVED",89,MEDIUM
8825497,"","Vega",IDENTITY_FRAGMENT,Contracted,6765,630,121265,"Botafogo FC (SP)",630,121265,"Botafogo FC (SP)",False,75,2001,2009-01-31,Defined,30,2009,,,2,1,"DISPLAY_NAME_UNRESOLVED",89,MEDIUM
310769,"","Veronezi Macarato",IDENTITY_FRAGMENT,Contracted,2100,630,121265,"Botafogo FC (SP)",630,121265,"Botafogo FC (SP)",False,327,2001,2006-01-31,Defined,30,2006,,,2,1,"DISPLAY_NAME_UNRESOLVED",89,MEDIUM
776417,"","Acácio",IDENTITY_FRAGMENT,Contracted,4740,46,316,"Botafogo FR",46,316,"Botafogo FR",False,546,2001,2007-01-31,Defined,30,2007,,,2,1,"DISPLAY_NAME_UNRESOLVED",89,MEDIUM
304145,"","Alves Ferreira",IDENTITY_FRAGMENT,OnLoan,1052,50,321,"Cruzeiro EC",46,316,"Botafogo FR",True,3734,2003,2005-07-24,Defined,204,2005,3734,2005-01-07,2,2,"DISPLAY_NAME_UNRESOLVED",97,HIGH
108389,"","Amaral de Castro",IDENTITY_FRAGMENT,Contracted,511,46,316,"Botafogo FR",46,316,"Botafogo FR",False,1237,2004,2004-12-31,Defined,365,2004,,,2,1,"DISPLAY_NAME_UNRESOLVED",89,MEDIUM
316853,"","Astolpho Júnio",IDENTITY_FRAGMENT,OnLoan,3513,574,107218,"Juventus (SP)",46,316,"Botafogo FR",True,196,2003,2006-01-31,Defined,30,2006,196,2004-12-31,2,2,"DISPLAY_NAME_UNRESOLVED",97,HIGH
6900046,"","Baltazar Corrêa",IDENTITY_FRAGMENT,Contracted,6430,46,316,"Botafogo FR",46,316,"Botafogo FR",False,101,2001,2006-01-31,Defined,30,2006,,,2,1,"DISPLAY_NAME_UNRESOLVED",89,MEDIUM
8832800,"","Bottino",IDENTITY_FRAGMENT,Contracted,7145,46,316,"Botafogo FR",46,316,"Botafogo FR",False,546,2001,2008-01-31,Defined,30,2008,,,2,1,"DISPLAY_NAME_UNRESOLVED",89,MEDIUM
315122,"","Braga de Oliveira",IDENTITY_FRAGMENT,Contracted,2615,46,316,"Botafogo FR",46,316,"Botafogo FR",False,37,2001,2006-01-31,Defined,30,2006,,,2,1,"DISPLAY_NAME_UNRESOLVED",89,MEDIUM
312523,"","Caneda do Nascimento",IDENTITY_FRAGMENT,Contracted,2558,46,316,"Botafogo FR",46,316,"Botafogo FR",False,73,2001,2006-01-31,Defined,30,2006,,,2,1,"DISPLAY_NAME_UNRESOLVED",89,MEDIUM
315140,"","Carvalho de Silveira",IDENTITY_FRAGMENT,Contracted,2630,46,316,"Botafogo FR",46,316,"Botafogo FR",False,75,2003,2008-03-01,Defined,60,2008,,,2,1,"DISPLAY_NAME_UNRESOLVED",89,MEDIUM
477862,"","Cassiano",IDENTITY_FRAGMENT,Contracted,4530,46,316,"Botafogo FR",46,316,"Botafogo FR",False,125,2001,2005-12-31,Defined,364,2005,,,2,1,"DISPLAY_NAME_UNRESOLVED",89,MEDIUM
311128,"","Chirol",IDENTITY_FRAGMENT,Contracted,2249,46,316,"Botafogo FR",46,316,"Botafogo FR",False,546,2001,2008-01-31,Defined,30,2008,,,1,1,"DISPLAY_NAME_UNRESOLVED",89,MEDIUM
308413,"","Cícero Ricardo",IDENTITY_FRAGMENT,OnLoan,1933,67,338,"Sport C Recife",46,316,"Botafogo FR",True,782,2001,2006-01-31,Defined,30,2006,782,2004-12-31,1,2,"DISPLAY_NAME_UNRESOLVED",97,HIGH
8827039,"","Corrêa Campello",IDENTITY_FRAGMENT,Contracted,6863,46,316,"Botafogo FR",46,316,"Botafogo FR",False,37,2001,2005-01-31,Defined,30,2005,,,2,1,"DISPLAY_NAME_UNRESOLVED",89,MEDIUM
315134,"","da Costa Martins",IDENTITY_FRAGMENT,Contracted,2625,46,316,"Botafogo FR",46,316,"Botafogo FR",False,106,2001,2006-01-31,Defined,30,2006,,,2,1,"DISPLAY_NAME_UNRESOLVED",89,MEDIUM
308322,"","de Oliveira Galvão",IDENTITY_FRAGMENT,OnLoan,1903,50,321,"Cruzeiro EC",46,316,"Botafogo FR",True,650,2001,2006-11-19,Defined,322,2006,650,2004-12-31,2,2,"DISPLAY_NAME_UNRESOLVED",97,HIGH
304086,"","de Souza Jotha",IDENTITY_FRAGMENT,OnLoan,1041,818,301247,"AD Cabofriense",46,316,"Botafogo FR",True,359,2001,2006-01-31,Defined,30,2006,359,2004-12-31,2,2,"DISPLAY_NAME_UNRESOLVED",97,HIGH
315144,"","Diego Antônio",IDENTITY_FRAGMENT,Contracted,2634,46,316,"Botafogo FR",46,316,"Botafogo FR",False,37,2001,2006-01-31,Defined,30,2006,,,2,1,"DISPLAY_NAME_UNRESOLVED",89,MEDIUM
311937,"","dos Santos Sá",IDENTITY_FRAGMENT,Contracted,2493,46,316,"Botafogo FR",46,316,"Botafogo FR",False,96,2001,2006-01-31,Defined,30,2006,,,2,1,"DISPLAY_NAME_UNRESOLVED",89,MEDIUM
8825081,"","Eduardo Delani",IDENTITY_FRAGMENT,OnLoan,6727,50,321,"Cruzeiro EC",46,316,"Botafogo FR",True,94,2001,2006-01-31,Defined,30,2006,94,2004-12-31,2,2,"DISPLAY_NAME_UNRESOLVED",97,HIGH
3300156,"","Élvis Gustavo",IDENTITY_FRAGMENT,Contracted,5255,46,316,"Botafogo FR",46,316,"Botafogo FR",False,439,2004,2006-01-31,Defined,30,2006,,,2,1,"DISPLAY_NAME_UNRESOLVED",89,MEDIUM
315143,"","Freitas Taddeucci",IDENTITY_FRAGMENT,Contracted,2633,46,316,"Botafogo FR",46,316,"Botafogo FR",False,37,2001,2005-01-31,Defined,30,2005,,,2,1,"DISPLAY_NAME_UNRESOLVED",89,MEDIUM
315131,"","Garcia Júnior",IDENTITY_FRAGMENT,Contracted,2622,46,316,"Botafogo FR",46,316,"Botafogo FR",False,37,2001,2005-01-31,Defined,30,2005,,,2,1,"DISPLAY_NAME_UNRESOLVED",89,MEDIUM
315429,"","Gedeil",IDENTITY_FRAGMENT,OnLoan,2789,571,107212,"Friburguense AC",46,316,"Botafogo FR",True,441,2001,2006-12-31,Defined,364,2006,441,2004-12-31,2,2,"DISPLAY_NAME_UNRESOLVED",97,HIGH
311122,"","Geraldo Clemente",IDENTITY_FRAGMENT,Contracted,2245,46,316,"Botafogo FR",46,316,"Botafogo FR",False,247,2001,2006-01-31,Defined,30,2006,,,2,1,"DISPLAY_NAME_UNRESOLVED",89,MEDIUM
4202204,"","Gilmar Jorge",IDENTITY_FRAGMENT,Contracted,6054,46,316,"Botafogo FR",46,316,"Botafogo FR",False,335,2004,2004-12-31,Defined,365,2004,,,2,1,"DISPLAY_NAME_UNRESOLVED",89,MEDIUM
318765,"","Gláucio",IDENTITY_FRAGMENT,Contracted,3949,46,316,"Botafogo FR",46,316,"Botafogo FR",False,153,2002,2005-01-31,Defined,30,2005,,,2,1,"DISPLAY_NAME_UNRESOLVED",89,MEDIUM
8829315,"","Guimarães Almeida",IDENTITY_FRAGMENT,Contracted,6939,46,316,"Botafogo FR",46,316,"Botafogo FR",False,370,2003,2006-06-30,Defined,180,2006,,,2,1,"DISPLAY_NAME_UNRESOLVED",89,MEDIUM
315121,"","Horato Carneiro",IDENTITY_FRAGMENT,Contracted,2614,46,316,"Botafogo FR",46,316,"Botafogo FR",False,37,2001,2006-01-31,Defined,30,2006,,,2,1,"DISPLAY_NAME_UNRESOLVED",89,MEDIUM
3300745,"","João Carlos",IDENTITY_FRAGMENT,Contracted,5464,46,316,"Botafogo FR",46,316,"Botafogo FR",False,1966,2004,2004-12-31,Defined,365,2004,,,2,1,"DISPLAY_NAME_UNRESOLVED",89,MEDIUM
315139,"","Jorge Roberto",IDENTITY_FRAGMENT,Contracted,2629,46,316,"Botafogo FR",46,316,"Botafogo FR",False,37,2001,2005-01-31,Defined,30,2005,,,2,1,"DISPLAY_NAME_UNRESOLVED",89,MEDIUM
303095,"","José Reginaldo",IDENTITY_FRAGMENT,Contracted,888,46,316,"Botafogo FR",46,316,"Botafogo FR",False,123,2001,2005-01-31,Defined,30,2005,,,2,1,"DISPLAY_NAME_UNRESOLVED",89,MEDIUM
316322,"","Lazzaretti de Araújo",IDENTITY_FRAGMENT,OnLoan,3205,802,301218,"Malutrom SA",46,316,"Botafogo FR",True,210,2001,2005-01-31,Defined,30,2005,210,2004-12-30,1,2,"DISPLAY_NAME_UNRESOLVED",97,HIGH
311150,"","Leal dos Santos",IDENTITY_FRAGMENT,Contracted,2266,46,316,"Botafogo FR",46,316,"Botafogo FR",False,37,2001,2005-01-31,Defined,30,2005,,,2,1,"DISPLAY_NAME_UNRESOLVED",89,MEDIUM
8832801,"","Leandro Hercílio",IDENTITY_FRAGMENT,Contracted,7146,46,316,"Botafogo FR",46,316,"Botafogo FR",False,252,2004,2005-01-31,Defined,30,2005,,,2,1,"DISPLAY_NAME_UNRESOLVED",89,MEDIUM
319190,"","Lins Cortês",IDENTITY_FRAGMENT,OnLoan,3967,575,107220,"Madureira EC",46,316,"Botafogo FR",True,482,2001,2006-01-31,Defined,30,2006,482,2004-12-31,2,2,"DISPLAY_NAME_UNRESOLVED",97,HIGH
315288,"","Lopes de Luna",IDENTITY_FRAGMENT,Contracted,2744,46,316,"Botafogo FR",46,316,"Botafogo FR",False,311,2001,2006-04-18,Defined,107,2006,,,2,1,"DISPLAY_NAME_UNRESOLVED",89,MEDIUM
3301266,"","Lustosa Seixas Pinheiro",IDENTITY_FRAGMENT,Contracted,5697,46,316,"Botafogo FR",46,316,"Botafogo FR",False,788,2004,2005-12-31,Defined,364,2005,,,2,1,"DISPLAY_NAME_UNRESOLVED",89,MEDIUM
3301171,"","Magalhães Ferreira",IDENTITY_FRAGMENT,Contracted,5640,46,316,"Botafogo FR",46,316,"Botafogo FR",False,177,2001,2006-01-31,Defined,30,2006,,,2,1,"DISPLAY_NAME_UNRESOLVED",89,MEDIUM
315123,"","Maltner Nhernberg",IDENTITY_FRAGMENT,Contracted,2616,46,316,"Botafogo FR",46,316,"Botafogo FR",False,37,2001,2006-01-31,Defined,30,2006,,,2,1,"DISPLAY_NAME_UNRESOLVED",89,MEDIUM
315133,"","Márcio Vinícius",IDENTITY_FRAGMENT,Contracted,2624,46,316,"Botafogo FR",46,316,"Botafogo FR",False,987,2004,2006-12-31,Defined,364,2006,,,2,1,"DISPLAY_NAME_UNRESOLVED",89,MEDIUM
315124,"","Marins da Silva",IDENTITY_FRAGMENT,Contracted,2617,46,316,"Botafogo FR",46,316,"Botafogo FR",False,37,2002,2008-03-01,Defined,60,2008,,,2,1,"DISPLAY_NAME_UNRESOLVED",89,MEDIUM
315145,"","Marques Pinto",IDENTITY_FRAGMENT,Contracted,2635,46,316,"Botafogo FR",46,316,"Botafogo FR",False,152,2001,2006-01-31,Defined,30,2006,,,2,1,"DISPLAY_NAME_UNRESOLVED",89,MEDIUM
311090,"","Matter",IDENTITY_FRAGMENT,Contracted,2236,46,316,"Botafogo FR",46,316,"Botafogo FR",False,710,2001,2009-01-31,Defined,30,2009,,,2,1,"DISPLAY_NAME_UNRESOLVED",89,MEDIUM
315388,"","Maxlei",IDENTITY_FRAGMENT,Contracted,2780,46,316,"Botafogo FR",46,316,"Botafogo FR",False,160,2003,2004-12-31,Defined,365,2004,,,2,1,"DISPLAY_NAME_UNRESOLVED",89,MEDIUM
315142,"","Moura Martins",IDENTITY_FRAGMENT,Contracted,2632,46,316,"Botafogo FR",46,316,"Botafogo FR",False,98,2001,2006-01-31,Defined,30,2006,,,2,1,"DISPLAY_NAME_UNRESOLVED",89,MEDIUM
311130,"","Odir",IDENTITY_FRAGMENT,Contracted,2251,46,316,"Botafogo FR",46,316,"Botafogo FR",False,273,2001,2009-01-31,Defined,30,2009,,,1,1,"DISPLAY_NAME_UNRESOLVED",89,MEDIUM
3300860,"","Paulo Afonso",IDENTITY_FRAGMENT,Contracted,5508,46,316,"Botafogo FR",46,316,"Botafogo FR",False,2071,2001,2007-01-31,Defined,30,2007,,,1,1,"DISPLAY_NAME_UNRESOLVED",89,MEDIUM
315479,"","Penchel de Siqueira",IDENTITY_FRAGMENT,Contracted,2805,46,316,"Botafogo FR",46,316,"Botafogo FR",False,487,2004,2004-12-31,Defined,365,2004,,,2,1,"DISPLAY_NAME_UNRESOLVED",89,MEDIUM
3301293,"","Rafael Felipe",IDENTITY_FRAGMENT,Contracted,5712,46,316,"Botafogo FR",46,316,"Botafogo FR",False,2088,2004,2006-01-31,Defined,30,2006,,,2,1,"DISPLAY_NAME_UNRESOLVED",89,MEDIUM
306149,"","Ramiro Camacho",IDENTITY_FRAGMENT,Contracted,1519,46,316,"Botafogo FR",46,316,"Botafogo FR",False,791,2004,2005-12-31,Defined,364,2005,,,2,1,"DISPLAY_NAME_UNRESOLVED",89,MEDIUM
8832802,"","Renato José",IDENTITY_FRAGMENT,Contracted,7147,46,316,"Botafogo FR",46,316,"Botafogo FR",False,75,2003,2004-12-31,Defined,365,2004,,,2,1,"DISPLAY_NAME_UNRESOLVED",89,MEDIUM
6900152,"","Ribeiro Decoussau",IDENTITY_FRAGMENT,Contracted,6502,46,316,"Botafogo FR",46,316,"Botafogo FR",False,1146,2001,2006-01-31,Defined,30,2006,,,2,1,"DISPLAY_NAME_UNRESOLVED",89,MEDIUM
311124,"","Roberval Lázaro",IDENTITY_FRAGMENT,Contracted,2246,46,316,"Botafogo FR",46,316,"Botafogo FR",False,76,2001,2006-01-31,Defined,30,2006,,,2,1,"DISPLAY_NAME_UNRESOLVED",89,MEDIUM
303261,"","Ruy",IDENTITY_FRAGMENT,OnLoan,920,50,321,"Cruzeiro EC",46,316,"Botafogo FR",True,613,2002,2005-01-01,Defined,0,2005,613,2004-12-31,2,2,"DISPLAY_NAME_UNRESOLVED",97,HIGH
304139,"","Schwenck Tieme",IDENTITY_FRAGMENT,OnLoan,1051,1565,900996,"América FC (RJ)",46,316,"Botafogo FR",True,270,2002,2006-01-31,Defined,30,2006,270,2004-12-31,2,2,"DISPLAY_NAME_UNRESOLVED",97,HIGH
320560,"","Simões",IDENTITY_FRAGMENT,FormationContract,4324,46,316,"Botafogo FR",46,316,"Botafogo FR",False,15,2001,,NotDefined,1,1900,,,2,1,"SENTINEL_END_DATE|DISPLAY_NAME_UNRESOLVED",89,MEDIUM
3300217,"","Soares de Barros",IDENTITY_FRAGMENT,Contracted,5291,46,316,"Botafogo FR",46,316,"Botafogo FR",False,2000,2004,2006-01-31,Defined,30,2006,,,2,1,"DISPLAY_NAME_UNRESOLVED",89,MEDIUM
315263,"","Tavares Carvalho Abel",IDENTITY_FRAGMENT,OnLoan,2725,524,104775,"Bangu AC",46,316,"Botafogo FR",True,145,2001,2006-01-31,Defined,30,2006,145,2004-12-31,2,2,"DISPLAY_NAME_UNRESOLVED",97,HIGH
315130,"","Thiago Xavier",IDENTITY_FRAGMENT,Contracted,2621,46,316,"Botafogo FR",46,316,"Botafogo FR",False,97,2001,2005-01-31,Defined,30,2005,,,2,1,"DISPLAY_NAME_UNRESOLVED",89,MEDIUM
320300,"","Vágner Braz",IDENTITY_FRAGMENT,Contracted,4269,46,316,"Botafogo FR",46,316,"Botafogo FR",False,37,2001,2005-01-31,Defined,30,2005,,,2,1,"DISPLAY_NAME_UNRESOLVED",89,MEDIUM
301633,"","Valdo",IDENTITY_FRAGMENT,Contracted,718,46,316,"Botafogo FR",46,316,"Botafogo FR",False,412,2004,2004-12-31,Defined,365,2004,,,2,1,"DISPLAY_NAME_UNRESOLVED",89,MEDIUM
311129,"","Valteir",IDENTITY_FRAGMENT,Contracted,2250,46,316,"Botafogo FR",46,316,"Botafogo FR",False,546,2001,2007-01-31,Defined,30,2007,,,1,1,"DISPLAY_NAME_UNRESOLVED",89,MEDIUM
311143,"","Vaz Fernandes",IDENTITY_FRAGMENT,Contracted,2260,46,316,"Botafogo FR",46,316,"Botafogo FR",False,87,2000,2004-12-31,Defined,365,2004,,,2,1,"DISPLAY_NAME_UNRESOLVED",89,MEDIUM
315125,"","Wingles",IDENTITY_FRAGMENT,Contracted,2618,46,316,"Botafogo FR",46,316,"Botafogo FR",False,37,2001,2006-01-31,Defined,30,2006,,,2,1,"DISPLAY_NAME_UNRESOLVED",89,MEDIUM
3300685,"","Zagallo",IDENTITY_FRAGMENT,Contracted,5434,46,316,"Botafogo FR",46,316,"Botafogo FR",False,546,2001,2009-01-31,Defined,30,2009,,,1,1,"DISPLAY_NAME_UNRESOLVED",89,MEDIUM
317184,"","Valduga Camargo",IDENTITY_FRAGMENT,Contracted,3625,919,308236,"Brasil de Farroupilha",919,308236,"Brasil de Farroupilha",False,250,2001,2008-01-31,Defined,30,2008,,,1,1,"DISPLAY_NAME_UNRESOLVED",89,MEDIUM
8835101,"","Aládio",IDENTITY_FRAGMENT,Contracted,7659,827,301264,"Brasil de Pelotas",827,301264,"Brasil de Pelotas",False,205,2001,2005-01-31,Defined,30,2005,,,2,1,"DISPLAY_NAME_UNRESOLVED",89,MEDIUM
8835104,"","Bertoti Padilha",IDENTITY_FRAGMENT,OnLoan,7661,837,301284,"São José (RS)",827,301264,"Brasil de Pelotas",True,320,2001,2006-01-31,Defined,30,2006,320,2004-12-31,2,2,"DISPLAY_NAME_UNRESOLVED",97,HIGH
304513,"","Brizolara",IDENTITY_FRAGMENT,Contracted,1174,827,301264,"Brasil de Pelotas",827,301264,"Brasil de Pelotas",False,347,2001,2005-01-31,Defined,30,2005,,,2,1,"DISPLAY_NAME_UNRESOLVED",89,MEDIUM
8835115,"","Carlos",IDENTITY_FRAGMENT,Contracted,7672,827,301264,"Brasil de Pelotas",827,301264,"Brasil de Pelotas",False,75,2001,2008-01-31,Defined,30,2008,,,1,1,"DISPLAY_NAME_UNRESOLVED",89,MEDIUM
8835111,"","Fonseca Rodrigues",IDENTITY_FRAGMENT,Contracted,7668,827,301264,"Brasil de Pelotas",827,301264,"Brasil de Pelotas",False,313,2001,2005-01-31,Defined,30,2005,,,1,1,"DISPLAY_NAME_UNRESOLVED",89,MEDIUM
8835107,"","Gonçalves Ferreira",IDENTITY_FRAGMENT,Contracted,7664,827,301264,"Brasil de Pelotas",827,301264,"Brasil de Pelotas",False,75,2001,2006-01-31,Defined,30,2006,,,2,1,"DISPLAY_NAME_UNRESOLVED",89,MEDIUM
319208,"","Ismael Raúl",IDENTITY_FRAGMENT,OnLoan,3978,55,326,"SC Internacional",827,301264,"Brasil de Pelotas",True,77,2003,2007-12-31,Defined,364,2007,77,2004-12-31,2,2,"DISPLAY_NAME_UNRESOLVED",97,HIGH
8835113,"","Lessa",IDENTITY_FRAGMENT,Contracted,7670,827,301264,"Brasil de Pelotas",827,301264,"Brasil de Pelotas",False,100,2001,2007-01-31,Defined,30,2007,,,1,1,"DISPLAY_NAME_UNRESOLVED",89,MEDIUM
8835105,"","Marcos Juliano",IDENTITY_FRAGMENT,Contracted,7662,827,301264,"Brasil de Pelotas",827,301264,"Brasil de Pelotas",False,329,2001,2005-01-31,Defined,30,2005,,,2,1,"DISPLAY_NAME_UNRESOLVED",89,MEDIUM
8835106,"","Michel Aluizio",IDENTITY_FRAGMENT,Contracted,7663,827,301264,"Brasil de Pelotas",827,301264,"Brasil de Pelotas",False,183,2001,2006-01-31,Defined,30,2006,,,2,1,"DISPLAY_NAME_UNRESOLVED",89,MEDIUM
8835110,"","Müller de Almeida",IDENTITY_FRAGMENT,Contracted,7667,827,301264,"Brasil de Pelotas",827,301264,"Brasil de Pelotas",False,30,2001,2005-01-31,Defined,30,2005,,,2,1,"DISPLAY_NAME_UNRESOLVED",89,MEDIUM
318740,"","Neuri Antônio",IDENTITY_FRAGMENT,OnLoan,3942,1407,314976,"SC Ulbra",827,301264,"Brasil de Pelotas",True,236,2001,2006-01-31,Defined,30,2006,236,2004-12-31,2,2,"DISPLAY_NAME_UNRESOLVED",97,HIGH
8835109,"","Oliveira Ávila",IDENTITY_FRAGMENT,Contracted,7666,827,301264,"Brasil de Pelotas",827,301264,"Brasil de Pelotas",False,293,2001,2006-01-31,Defined,30,2006,,,2,1,"DISPLAY_NAME_UNRESOLVED",89,MEDIUM
8835108,"","Róbson Xavier",IDENTITY_FRAGMENT,Contracted,7665,827,301264,"Brasil de Pelotas",827,301264,"Brasil de Pelotas",False,53,2001,2005-01-31,Defined,30,2005,,,2,1,"DISPLAY_NAME_UNRESOLVED",89,MEDIUM
8835102,"","Segobe da Silva",IDENTITY_FRAGMENT,Contracted,7660,827,301264,"Brasil de Pelotas",827,301264,"Brasil de Pelotas",False,152,2001,2006-01-31,Defined,30,2006,,,2,1,"DISPLAY_NAME_UNRESOLVED",89,MEDIUM
8835112,"","Spínola",IDENTITY_FRAGMENT,Contracted,7669,827,301264,"Brasil de Pelotas",827,301264,"Brasil de Pelotas",False,100,2001,2008-01-31,Defined,30,2008,,,1,1,"DISPLAY_NAME_UNRESOLVED",89,MEDIUM
8831659,"","Zimmermann",IDENTITY_FRAGMENT,Contracted,7105,827,301264,"Brasil de Pelotas",827,301264,"Brasil de Pelotas",False,250,2001,2007-01-31,Defined,30,2007,,,1,1,"DISPLAY_NAME_UNRESOLVED",89,MEDIUM
306863,"","Alves Filho",IDENTITY_FRAGMENT,Contracted,1717,758,301135,"Brasília FC",758,301135,"Brasília FC",False,250,2001,2008-01-31,Defined,30,2008,,,1,1,"DISPLAY_NAME_UNRESOLVED",89,MEDIUM
304211,"","Abimael",IDENTITY_FRAGMENT,Contracted,1061,987,309670,"Brasiliense FC",987,309670,"Brasiliense FC",False,342,2004,2006-01-31,Defined,30,2006,,,2,1,"DISPLAY_NAME_UNRESOLVED",89,MEDIUM
8833513,"","Adavílson",IDENTITY_FRAGMENT,Contracted,7366,987,309670,"Brasiliense FC",987,309670,"Brasiliense FC",False,138,2001,2006-01-31,Defined,30,2006,,,2,1,"DISPLAY_NAME_UNRESOLVED",89,MEDIUM
3301609,"","Alves de Lima",IDENTITY_FRAGMENT,Contracted,5833,987,309670,"Brasiliense FC",987,309670,"Brasiliense FC",False,1006,2004,2005-01-31,Defined,30,2005,,,2,1,"DISPLAY_NAME_UNRESOLVED",89,MEDIUM
306796,"","Aranha",IDENTITY_FRAGMENT,Contracted,1709,987,309670,"Brasiliense FC",987,309670,"Brasiliense FC",False,75,2002,2006-01-31,Defined,30,2006,,,2,1,"DISPLAY_NAME_UNRESOLVED",89,MEDIUM
6900075,"","Barbosa da Silva",IDENTITY_FRAGMENT,Contracted,6453,987,309670,"Brasiliense FC",987,309670,"Brasiliense FC",False,396,2003,2006-01-31,Defined,30,2006,,,2,1,"DISPLAY_NAME_UNRESOLVED",89,MEDIUM
3300467,"","Barros Faria",IDENTITY_FRAGMENT,Contracted,5370,987,309670,"Brasiliense FC",987,309670,"Brasiliense FC",False,312,2003,2006-01-31,Defined,30,2006,,,2,1,"DISPLAY_NAME_UNRESOLVED",89,MEDIUM
318807,"","Beiva Bertolini",IDENTITY_FRAGMENT,Contracted,3956,987,309670,"Brasiliense FC",987,309670,"Brasiliense FC",False,211,2004,2006-01-31,Defined,30,2006,,,2,1,"DISPLAY_NAME_UNRESOLVED",89,MEDIUM
308409,"","Carlos Róbston",IDENTITY_FRAGMENT,Contracted,1930,987,309670,"Brasiliense FC",987,309670,"Brasiliense FC",False,417,2004,2006-01-31,Defined,30,2006,,,2,1,"DISPLAY_NAME_UNRESOLVED",89,MEDIUM
319271,"","Carvalini",IDENTITY_FRAGMENT,Contracted,3999,987,309670,"Brasiliense FC",987,309670,"Brasiliense FC",False,147,2001,2006-01-31,Defined,30,2006,,,2,1,"DISPLAY_NAME_UNRESOLVED",89,MEDIUM
306909,"","Cláussio",IDENTITY_FRAGMENT,Contracted,1722,987,309670,"Brasiliense FC",987,309670,"Brasiliense FC",False,469,2003,2005-12-20,Defined,353,2005,,,2,1,"DISPLAY_NAME_UNRESOLVED",89,MEDIUM
3300211,"","Cleison Édson",IDENTITY_FRAGMENT,Contracted,5286,987,309670,"Brasiliense FC",987,309670,"Brasiliense FC",False,859,2004,2004-04-22,Defined,112,2004,,,2,1,"DISPLAY_NAME_UNRESOLVED",89,MEDIUM
311275,"","Creedence Clearwater",IDENTITY_FRAGMENT,OnLoan,2336,903,303022,"Iraty SC",987,309670,"Brasiliense FC",True,541,2002,2007-03-01,Defined,59,2007,541,2004-12-10,2,2,"DISPLAY_NAME_UNRESOLVED",97,HIGH
315106,"","da Silva Salvino",IDENTITY_FRAGMENT,Contracted,2602,987,309670,"Brasiliense FC",987,309670,"Brasiliense FC",False,156,2002,2004-12-30,Defined,364,2004,,,2,1,"DISPLAY_NAME_UNRESOLVED",89,MEDIUM
319273,"","de Souza Paiva",IDENTITY_FRAGMENT,Contracted,4001,987,309670,"Brasiliense FC",987,309670,"Brasiliense FC",False,164,2001,2006-01-31,Defined,30,2006,,,2,1,"DISPLAY_NAME_UNRESOLVED",89,MEDIUM
6900072,"","Dias de Souza",IDENTITY_FRAGMENT,Contracted,6451,987,309670,"Brasiliense FC",987,309670,"Brasiliense FC",False,104,2003,2006-01-31,Defined,30,2006,,,2,1,"DISPLAY_NAME_UNRESOLVED",89,MEDIUM
8833514,"","Djimi",IDENTITY_FRAGMENT,Contracted,7367,987,309670,"Brasiliense FC",987,309670,"Brasiliense FC",False,193,2004,2006-01-31,Defined,30,2006,,,2,1,"DISPLAY_NAME_UNRESOLVED",89,MEDIUM
8825599,"","Edino",IDENTITY_FRAGMENT,Contracted,6776,987,309670,"Brasiliense FC",987,309670,"Brasiliense FC",False,680,2001,2008-01-31,Defined,30,2008,,,2,1,"DISPLAY_NAME_UNRESOLVED",89,MEDIUM
6900191,"","Fabrício Eduardo",IDENTITY_FRAGMENT,Contracted,6527,987,309670,"Brasiliense FC",987,309670,"Brasiliense FC",False,847,2004,2006-01-31,Defined,30,2006,,,2,1,"DISPLAY_NAME_UNRESOLVED",89,MEDIUM
318044,"","Gílson",IDENTITY_FRAGMENT,Contracted,3811,987,309670,"Brasiliense FC",987,309670,"Brasiliense FC",False,155,2002,2005-12-20,Defined,353,2005,,,2,1,"DISPLAY_NAME_UNRESOLVED",89,MEDIUM
304124,"","Gomes de Jesús",IDENTITY_FRAGMENT,Contracted,1045,987,309670,"Brasiliense FC",987,309670,"Brasiliense FC",False,405,2001,2006-01-31,Defined,30,2006,,,2,1,"DISPLAY_NAME_UNRESOLVED",89,MEDIUM
304312,"","Gomes Fernandes",IDENTITY_FRAGMENT,OnLoan,1102,1211,313352,"CF Zico de Brasília SE (DF)",987,309670,"Brasiliense FC",True,548,2001,2006-01-31,Defined,30,2006,548,2004-12-06,2,2,"DISPLAY_NAME_UNRESOLVED",97,HIGH
315115,"","Igor José",IDENTITY_FRAGMENT,Contracted,2609,987,309670,"Brasiliense FC",987,309670,"Brasiliense FC",False,647,2002,2004-12-30,Defined,364,2004,,,2,1,"DISPLAY_NAME_UNRESOLVED",89,MEDIUM
3301254,"","Iranildo Hermínio",IDENTITY_FRAGMENT,Contracted,5692,987,309670,"Brasiliense FC",987,309670,"Brasiliense FC",False,817,2004,2006-01-31,Defined,30,2006,,,2,1,"DISPLAY_NAME_UNRESOLVED",89,MEDIUM
1358,"","Jamir Adriano",IDENTITY_FRAGMENT,Contracted,76,987,309670,"Brasiliense FC",987,309670,"Brasiliense FC",False,553,2004,2005-01-31,Defined,30,2005,,,2,1,"DISPLAY_NAME_UNRESOLVED",89,MEDIUM
311267,"","Jamur César",IDENTITY_FRAGMENT,OnLoan,2332,581,107232,"Santa Cruz FC",987,309670,"Brasiliense FC",True,166,2004,2006-01-31,Defined,30,2006,166,2004-12-31,2,2,"DISPLAY_NAME_UNRESOLVED",97,HIGH
3300781,"","Jorge Marcelo",IDENTITY_FRAGMENT,Contracted,5477,987,309670,"Brasiliense FC",987,309670,"Brasiliense FC",False,1023,2004,2006-01-31,Defined,30,2006,,,2,1,"DISPLAY_NAME_UNRESOLVED",89,MEDIUM
304212,"","Joseli",IDENTITY_FRAGMENT,Contracted,1062,987,309670,"Brasiliense FC",987,309670,"Brasiliense FC",False,442,2003,2004-12-06,Defined,340,2004,,,2,1,"DISPLAY_NAME_UNRESOLVED",89,MEDIUM
304215,"","Lima de Araújo",IDENTITY_FRAGMENT,Contracted,1065,987,309670,"Brasiliense FC",987,309670,"Brasiliense FC",False,246,2003,2006-05-26,Defined,145,2006,,,1,1,"DISPLAY_NAME_UNRESOLVED",89,MEDIUM
315119,"","Luciano Donizeti",IDENTITY_FRAGMENT,Contracted,2612,987,309670,"Brasiliense FC",987,309670,"Brasiliense FC",False,75,2003,2004-12-20,Defined,354,2004,,,1,1,"DISPLAY_NAME_UNRESOLVED",89,MEDIUM
3300958,"","Luiz Fernando",IDENTITY_FRAGMENT,Contracted,5548,987,309670,"Brasiliense FC",987,309670,"Brasiliense FC",False,435,2003,2005-01-31,Defined,30,2005,,,2,1,"DISPLAY_NAME_UNRESOLVED",89,MEDIUM
6900076,"","Nobre de Moraes",IDENTITY_FRAGMENT,Contracted,6454,987,309670,"Brasiliense FC",987,309670,"Brasiliense FC",False,298,2003,2006-12-20,Defined,353,2006,,,2,1,"DISPLAY_NAME_UNRESOLVED",89,MEDIUM
315811,"","Padovani Celin",IDENTITY_FRAGMENT,Contracted,2917,987,309670,"Brasiliense FC",987,309670,"Brasiliense FC",False,129,2004,2005-01-31,Defined,30,2005,,,2,1,"DISPLAY_NAME_UNRESOLVED",89,MEDIUM
317248,"","Paulo Henrique",IDENTITY_FRAGMENT,Contracted,3663,987,309670,"Brasiliense FC",987,309670,"Brasiliense FC",False,110,2001,2009-01-31,Defined,30,2009,,,1,1,"DISPLAY_NAME_UNRESOLVED",89,MEDIUM
301778,"","Rodrigues Tavares",IDENTITY_FRAGMENT,Contracted,736,987,309670,"Brasiliense FC",987,309670,"Brasiliense FC",False,732,2004,2004-12-10,Defined,344,2004,,,2,1,"DISPLAY_NAME_UNRESOLVED",89,MEDIUM
315114,"","Tenório da Silva",IDENTITY_FRAGMENT,Contracted,2608,987,309670,"Brasiliense FC",987,309670,"Brasiliense FC",False,259,2004,2006-01-31,Defined,30,2006,,,2,1,"DISPLAY_NAME_UNRESOLVED",89,MEDIUM
306684,"","Traina Gama",IDENTITY_FRAGMENT,Contracted,1666,987,309670,"Brasiliense FC",987,309670,"Brasiliense FC",False,175,2002,2006-01-31,Defined,30,2006,,,1,1,"DISPLAY_NAME_UNRESOLVED",89,MEDIUM
304538,"","Vieira de Freitas",IDENTITY_FRAGMENT,Contracted,1184,987,309670,"Brasiliense FC",987,309670,"Brasiliense FC",False,251,2004,2005-01-31,Defined,30,2005,,,2,1,"DISPLAY_NAME_UNRESOLVED",89,MEDIUM
317250,"","Wellington Cássio",IDENTITY_FRAGMENT,Contracted,3665,987,309670,"Brasiliense FC",987,309670,"Brasiliense FC",False,264,2001,2006-01-31,Defined,30,2006,,,1,1,"DISPLAY_NAME_UNRESOLVED",89,MEDIUM
3300494,"","Wellington Vicente",IDENTITY_FRAGMENT,Contracted,5380,987,309670,"Brasiliense FC",987,309670,"Brasiliense FC",False,469,2002,2005-01-23,Defined,22,2005,,,1,1,"DISPLAY_NAME_UNRESOLVED",89,MEDIUM
304169,"","Xavier de Brito",IDENTITY_FRAGMENT,Contracted,1057,987,309670,"Brasiliense FC",987,309670,"Brasiliense FC",False,813,2003,2005-01-31,Defined,30,2005,,,2,1,"DISPLAY_NAME_UNRESOLVED",89,MEDIUM
4848,"","Barbosa de Aguiar",IDENTITY_FRAGMENT,OnLoan,141,48,319,"SC Corinthians Paulista",825,301260,"C 15 de Novembro",True,142,2001,2006-01-31,Defined,30,2006,142,2004-12-31,2,2,"DISPLAY_NAME_UNRESOLVED",97,HIGH
304592,"","Dauri",IDENTITY_FRAGMENT,Contracted,1219,825,301260,"C 15 de Novembro",825,301260,"C 15 de Novembro",False,686,2001,2006-06-15,Defined,165,2006,,,2,1,"DISPLAY_NAME_UNRESOLVED",89,MEDIUM
305812,"","dos Santos Mello Júnior",IDENTITY_FRAGMENT,Contracted,1450,825,301260,"C 15 de Novembro",825,301260,"C 15 de Novembro",False,75,2001,2006-01-31,Defined,30,2006,,,2,1,"DISPLAY_NAME_UNRESOLVED",89,MEDIUM
305804,"","Edson Fernando",IDENTITY_FRAGMENT,OnLoan,1447,49,320,"Criciúma EC",825,301260,"C 15 de Novembro",True,333,2002,2006-01-31,Defined,30,2006,333,2004-12-31,2,2,"DISPLAY_NAME_UNRESOLVED",97,HIGH
305807,"","Flavinho",IDENTITY_FRAGMENT,Contracted,1449,825,301260,"C 15 de Novembro",825,301260,"C 15 de Novembro",False,75,2001,2006-01-31,Defined,30,2006,,,2,1,"DISPLAY_NAME_UNRESOLVED",89,MEDIUM
305798,"","Gilban",IDENTITY_FRAGMENT,Contracted,1444,825,301260,"C 15 de Novembro",825,301260,"C 15 de Novembro",False,100,2001,2008-01-31,Defined,30,2008,,,2,1,"DISPLAY_NAME_UNRESOLVED",89,MEDIUM
305797,"","Mendes Ramos",IDENTITY_FRAGMENT,Contracted,1443,825,301260,"C 15 de Novembro",825,301260,"C 15 de Novembro",False,100,2001,2008-01-31,Defined,30,2008,,,1,1,"DISPLAY_NAME_UNRESOLVED",89,MEDIUM
8825598,"","Oséias Luís",IDENTITY_FRAGMENT,Contracted,6775,825,301260,"C 15 de Novembro",825,301260,"C 15 de Novembro",False,152,2001,2006-01-31,Defined,30,2006,,,1,1,"DISPLAY_NAME_UNRESOLVED",89,MEDIUM
305806,"","Sedenir da Silva",IDENTITY_FRAGMENT,Contracted,1448,825,301260,"C 15 de Novembro",825,301260,"C 15 de Novembro",False,75,2001,2006-01-31,Defined,30,2006,,,2,1,"DISPLAY_NAME_UNRESOLVED",89,MEDIUM
305821,"","Tiago Afonso",IDENTITY_FRAGMENT,Contracted,1452,825,301260,"C 15 de Novembro",825,301260,"C 15 de Novembro",False,75,2001,2006-01-31,Defined,30,2006,,,1,1,"DISPLAY_NAME_UNRESOLVED",89,MEDIUM
7004842,"","Vosmir Luiz",IDENTITY_FRAGMENT,Contracted,6588,825,301260,"C 15 de Novembro",825,301260,"C 15 de Novembro",False,402,2003,2006-01-31,Defined,30,2006,,,1,1,"DISPLAY_NAME_UNRESOLVED",89,MEDIUM
318317,"","Adriano Vágner",IDENTITY_FRAGMENT,Contracted,3906,1357,314757,"C Atlético Hermann Aichinger",1357,314757,"C Atlético Hermann Aichinger",False,89,2001,2006-01-31,Defined,30,2006,,,1,1,"DISPLAY_NAME_UNRESOLVED",89,MEDIUM
306090,"","Alicílio",IDENTITY_FRAGMENT,Contracted,1505,1357,314757,"C Atlético Hermann Aichinger",1357,314757,"C Atlético Hermann Aichinger",False,354,2003,2006-01-31,Defined,30,2006,,,1,1,"DISPLAY_NAME_UNRESOLVED",89,MEDIUM
318307,"","Amaral de Oliveira",IDENTITY_FRAGMENT,Contracted,3900,1357,314757,"C Atlético Hermann Aichinger",1357,314757,"C Atlético Hermann Aichinger",False,98,2001,2006-01-31,Defined,30,2006,,,2,1,"DISPLAY_NAME_UNRESOLVED",89,MEDIUM
6900088,"","de Souza França",IDENTITY_FRAGMENT,Contracted,6459,1357,314757,"C Atlético Hermann Aichinger",1357,314757,"C Atlético Hermann Aichinger",False,531,2003,2006-01-31,Defined,30,2006,,,2,1,"DISPLAY_NAME_UNRESOLVED",89,MEDIUM
319733,"","Diego Rafael",IDENTITY_FRAGMENT,Contracted,4171,1357,314757,"C Atlético Hermann Aichinger",1357,314757,"C Atlético Hermann Aichinger",False,46,2001,2005-01-31,Defined,30,2005,,,2,1,"DISPLAY_NAME_UNRESOLVED",89,MEDIUM
310768,"","Erickson",IDENTITY_FRAGMENT,Contracted,2099,1357,314757,"C Atlético Hermann Aichinger",1357,314757,"C Atlético Hermann Aichinger",False,270,2003,2006-01-31,Defined,30,2006,,,2,1,"DISPLAY_NAME_UNRESOLVED",89,MEDIUM
318311,"","Fagundes da Silva",IDENTITY_FRAGMENT,Contracted,3901,1357,314757,"C Atlético Hermann Aichinger",1357,314757,"C Atlético Hermann Aichinger",False,297,2001,2006-01-31,Defined,30,2006,,,2,1,"DISPLAY_NAME_UNRESOLVED",89,MEDIUM
318315,"","Gomes de Abreu",IDENTITY_FRAGMENT,Contracted,3905,1357,314757,"C Atlético Hermann Aichinger",1357,314757,"C Atlético Hermann Aichinger",False,252,2001,2006-01-31,Defined,30,2006,,,2,1,"DISPLAY_NAME_UNRESOLVED",89,MEDIUM
306167,"","Gomes Vargas",IDENTITY_FRAGMENT,Contracted,1522,1357,314757,"C Atlético Hermann Aichinger",1357,314757,"C Atlético Hermann Aichinger",False,281,2003,2005-01-31,Defined,30,2005,,,2,1,"DISPLAY_NAME_UNRESOLVED",89,MEDIUM
319735,"","Kaleo Felipe",IDENTITY_FRAGMENT,Contracted,4172,1357,314757,"C Atlético Hermann Aichinger",1357,314757,"C Atlético Hermann Aichinger",False,30,2001,2005-01-31,Defined,30,2005,,,2,1,"DISPLAY_NAME_UNRESOLVED",89,MEDIUM
318312,"","Lita",IDENTITY_FRAGMENT,Contracted,3902,1357,314757,"C Atlético Hermann Aichinger",1357,314757,"C Atlético Hermann Aichinger",False,208,2001,2006-01-31,Defined,30,2006,,,2,1,"DISPLAY_NAME_UNRESOLVED",89,MEDIUM
319723,"","Magalho",IDENTITY_FRAGMENT,Contracted,4165,1357,314757,"C Atlético Hermann Aichinger",1357,314757,"C Atlético Hermann Aichinger",False,100,2001,2008-01-31,Defined,30,2008,,,1,1,"DISPLAY_NAME_UNRESOLVED",89,MEDIUM
318313,"","Miguel Ângelo",IDENTITY_FRAGMENT,Contracted,3903,1357,314757,"C Atlético Hermann Aichinger",1357,314757,"C Atlético Hermann Aichinger",False,150,2001,2006-01-31,Defined,30,2006,,,2,1,"DISPLAY_NAME_UNRESOLVED",89,MEDIUM
319726,"","Naatz",IDENTITY_FRAGMENT,Contracted,4167,1357,314757,"C Atlético Hermann Aichinger",1357,314757,"C Atlético Hermann Aichinger",False,75,2001,2005-01-31,Defined,30,2005,,,2,1,"DISPLAY_NAME_UNRESOLVED",89,MEDIUM
319736,"","Pit",IDENTITY_FRAGMENT,Contracted,4173,1357,314757,"C Atlético Hermann Aichinger",1357,314757,"C Atlético Hermann Aichinger",False,75,2001,2005-01-31,Defined,30,2005,,,2,1,"DISPLAY_NAME_UNRESOLVED",89,MEDIUM
319731,"","Rancho",IDENTITY_FRAGMENT,Contracted,4170,1357,314757,"C Atlético Hermann Aichinger",1357,314757,"C Atlético Hermann Aichinger",False,75,2001,2005-01-31,Defined,30,2005,,,2,1,"DISPLAY_NAME_UNRESOLVED",89,MEDIUM
319727,"","Santos da Cruz",IDENTITY_FRAGMENT,Contracted,4168,1357,314757,"C Atlético Hermann Aichinger",1357,314757,"C Atlético Hermann Aichinger",False,75,2001,2005-01-31,Defined,30,2005,,,2,1,"DISPLAY_NAME_UNRESOLVED",89,MEDIUM
310599,"","Adriano Duarte",IDENTITY_FRAGMENT,OnLoan,2043,565,107201,"América FC (MG)",44,314,"C Atlético Mineiro",True,75,2003,2008-12-14,Defined,348,2008,75,2004-12-31,2,2,"DISPLAY_NAME_UNRESOLVED",97,HIGH
303217,"","Alexander",IDENTITY_FRAGMENT,Contracted,903,44,314,"C Atlético Mineiro",44,314,"C Atlético Mineiro",False,5500,2004,2004-12-31,Defined,365,2004,,,2,1,"DISPLAY_NAME_UNRESOLVED",89,MEDIUM
8827955,"","Alício",IDENTITY_FRAGMENT,Contracted,6922,44,314,"C Atlético Mineiro",44,314,"C Atlético Mineiro",False,75,2001,2005-01-31,Defined,30,2005,,,2,1,"DISPLAY_NAME_UNRESOLVED",89,MEDIUM
311078,"","Allax Scherpel",IDENTITY_FRAGMENT,Contracted,2231,44,314,"C Atlético Mineiro",44,314,"C Atlético Mineiro",False,411,2003,2006-12-31,Defined,364,2006,,,2,1,"DISPLAY_NAME_UNRESOLVED",89,MEDIUM
8827746,"","Alves Carreira",IDENTITY_FRAGMENT,OnLoan,6921,630,121265,"Botafogo FC (SP)",44,314,"C Atlético Mineiro",True,116,2001,2004-09-29,Defined,272,2004,116,2004-09-29,2,2,"DISPLAY_NAME_UNRESOLVED",97,HIGH
316546,"","Antonivan",IDENTITY_FRAGMENT,Contracted,3332,44,314,"C Atlético Mineiro",44,314,"C Atlético Mineiro",False,50,2001,2005-01-31,Defined,30,2005,,,2,1,"DISPLAY_NAME_UNRESOLVED",89,MEDIUM
316327,"","Bonan",IDENTITY_FRAGMENT,Contracted,3208,44,314,"C Atlético Mineiro",44,314,"C Atlético Mineiro",False,250,2001,2006-01-31,Defined,30,2006,,,2,1,"DISPLAY_NAME_UNRESOLVED",89,MEDIUM
3301117,"","Cordoval de Barros",IDENTITY_FRAGMENT,Contracted,5615,44,314,"C Atlético Mineiro",44,314,"C Atlético Mineiro",False,533,2004,2006-12-31,Defined,364,2006,,,2,1,"DISPLAY_NAME_UNRESOLVED",89,MEDIUM
3301420,"","da Conceição Pinto",IDENTITY_FRAGMENT,OnLoan,5756,568,107206,"C Atlético Paranaense",44,314,"C Atlético Mineiro",True,572,2001,2006-01-31,Defined,30,2006,572,2004-12-31,2,2,"DISPLAY_NAME_UNRESOLVED",97,HIGH
3300241,"","da Silva de Jesús",IDENTITY_FRAGMENT,Contracted,5305,44,314,"C Atlético Mineiro",44,314,"C Atlético Mineiro",False,293,2001,2006-06-21,Defined,171,2006,,,2,1,"DISPLAY_NAME_UNRESOLVED",89,MEDIUM
3301287,"","Danrlei",IDENTITY_FRAGMENT,Contracted,5709,44,314,"C Atlético Mineiro",44,314,"C Atlético Mineiro",False,3074,2001,2005-01-31,Defined,30,2005,,,2,1,"DISPLAY_NAME_UNRESOLVED",89,MEDIUM
945099,"","Dantas de Jesús",IDENTITY_FRAGMENT,Contracted,4909,44,314,"C Atlético Mineiro",44,314,"C Atlético Mineiro",False,290,2001,2006-06-02,Defined,152,2006,,,2,1,"DISPLAY_NAME_UNRESOLVED",89,MEDIUM
3300214,"","de Deus Santos",IDENTITY_FRAGMENT,Contracted,5288,44,314,"C Atlético Mineiro",44,314,"C Atlético Mineiro",False,480,2001,2005-12-22,Defined,355,2005,,,2,1,"DISPLAY_NAME_UNRESOLVED",89,MEDIUM
319645,"","de Freitas Filho",IDENTITY_FRAGMENT,Contracted,4107,44,314,"C Atlético Mineiro",44,314,"C Atlético Mineiro",False,2994,2003,2005-12-31,Defined,364,2005,,,2,1,"DISPLAY_NAME_UNRESOLVED",89,MEDIUM
6900027,"","de Matos Albino",IDENTITY_FRAGMENT,Contracted,6421,44,314,"C Atlético Mineiro",44,314,"C Atlético Mineiro",False,420,2001,2005-07-22,Defined,202,2005,,,2,1,"DISPLAY_NAME_UNRESOLVED",89,MEDIUM
3301425,"","Dejair Jorge",IDENTITY_FRAGMENT,Contracted,5759,44,314,"C Atlético Mineiro",44,314,"C Atlético Mineiro",False,398,2004,2005-12-31,Defined,364,2005,,,2,1,"DISPLAY_NAME_UNRESOLVED",89,MEDIUM
305099,"","Demétrio",IDENTITY_FRAGMENT,Contracted,1304,44,314,"C Atlético Mineiro",44,314,"C Atlético Mineiro",False,75,2001,2006-01-31,Defined,30,2006,,,2,1,"DISPLAY_NAME_UNRESOLVED",89,MEDIUM
316552,"","Dias de Paula",IDENTITY_FRAGMENT,Contracted,3336,44,314,"C Atlético Mineiro",44,314,"C Atlético Mineiro",False,50,2001,2005-01-31,Defined,30,2005,,,2,1,"DISPLAY_NAME_UNRESOLVED",89,MEDIUM
8825506,"","Dias de Santa Rita",IDENTITY_FRAGMENT,Contracted,6768,44,314,"C Atlético Mineiro",44,314,"C Atlético Mineiro",False,75,2001,2005-01-31,Defined,30,2005,,,2,1,"DISPLAY_NAME_UNRESOLVED",89,MEDIUM
316547,"","Elias Euller",IDENTITY_FRAGMENT,Contracted,3333,44,314,"C Atlético Mineiro",44,314,"C Atlético Mineiro",False,50,2001,2005-01-31,Defined,30,2005,,,2,1,"DISPLAY_NAME_UNRESOLVED",89,MEDIUM
316548,"","Enrico",IDENTITY_FRAGMENT,Contracted,3334,44,314,"C Atlético Mineiro",44,314,"C Atlético Mineiro",False,50,2001,2007-11-01,Defined,304,2007,,,2,1,"DISPLAY_NAME_UNRESOLVED",89,MEDIUM
316545,"","Everton André",IDENTITY_FRAGMENT,Contracted,3331,44,314,"C Atlético Mineiro",44,314,"C Atlético Mineiro",False,250,2001,2006-01-31,Defined,30,2006,,,2,1,"DISPLAY_NAME_UNRESOLVED",89,MEDIUM
316549,"","Everton Antônio",IDENTITY_FRAGMENT,Contracted,3335,44,314,"C Atlético Mineiro",44,314,"C Atlético Mineiro",False,50,2001,2005-01-31,Defined,30,2005,,,2,1,"DISPLAY_NAME_UNRESOLVED",89,MEDIUM
308334,"","Ewerton Leandro",IDENTITY_FRAGMENT,Contracted,1911,44,314,"C Atlético Mineiro",44,314,"C Atlético Mineiro",False,375,2001,2006-01-31,Defined,30,2006,,,2,1,"DISPLAY_NAME_UNRESOLVED",89,MEDIUM
3301252,"","Fabri",IDENTITY_FRAGMENT,Contracted,5691,44,314,"C Atlético Mineiro",44,314,"C Atlético Mineiro",False,3466,2004,2005-06-15,Defined,165,2005,,,2,1,"DISPLAY_NAME_UNRESOLVED",89,MEDIUM
8832803,"","Fernandes das Dores de Souza",IDENTITY_FRAGMENT,Contracted,7148,44,314,"C Atlético Mineiro",44,314,"C Atlético Mineiro",False,184,2004,2007-05-02,Defined,121,2007,,,2,1,"DISPLAY_NAME_UNRESOLVED",89,MEDIUM
3300926,"","Figueira Camargo",IDENTITY_FRAGMENT,Contracted,5530,44,314,"C Atlético Mineiro",44,314,"C Atlético Mineiro",False,540,2004,2005-12-31,Defined,364,2005,,,2,1,"DISPLAY_NAME_UNRESOLVED",89,MEDIUM
315556,"","Givanílson",IDENTITY_FRAGMENT,OnLoan,2838,45,315,"EC Bahia",44,314,"C Atlético Mineiro",True,732,2001,2006-01-31,Defined,30,2006,732,2004-12-31,2,2,"DISPLAY_NAME_UNRESOLVED",97,HIGH
310883,"","Glaucivan",IDENTITY_FRAGMENT,Contracted,2149,44,314,"C Atlético Mineiro",44,314,"C Atlético Mineiro",False,250,2001,2006-03-06,Defined,64,2006,,,2,1,"DISPLAY_NAME_UNRESOLVED",89,MEDIUM
320778,"","Guieiro",IDENTITY_FRAGMENT,Contracted,4378,44,314,"C Atlético Mineiro",44,314,"C Atlético Mineiro",False,75,2001,2007-09-19,Defined,261,2007,,,2,1,"DISPLAY_NAME_UNRESOLVED",89,MEDIUM
3301309,"","Hélcio Roberto",IDENTITY_FRAGMENT,Contracted,5721,44,314,"C Atlético Mineiro",44,314,"C Atlético Mineiro",False,2441,2002,2006-01-31,Defined,30,2006,,,2,1,"DISPLAY_NAME_UNRESOLVED",89,MEDIUM
316553,"","Ítalo",IDENTITY_FRAGMENT,Contracted,3337,44,314,"C Atlético Mineiro",44,314,"C Atlético Mineiro",False,50,2001,2006-01-31,Defined,30,2006,,,2,1,"DISPLAY_NAME_UNRESOLVED",89,MEDIUM
316561,"","Ivan Augusto",IDENTITY_FRAGMENT,Contracted,3341,44,314,"C Atlético Mineiro",44,314,"C Atlético Mineiro",False,912,2001,2008-01-31,Defined,30,2008,,,2,1,"DISPLAY_NAME_UNRESOLVED",89,MEDIUM
316331,"","Jaílson",IDENTITY_FRAGMENT,Contracted,3209,44,314,"C Atlético Mineiro",44,314,"C Atlético Mineiro",False,50,2001,2005-01-31,Defined,30,2005,,,2,1,"DISPLAY_NAME_UNRESOLVED",89,MEDIUM
304604,"","José Ivonaldo",IDENTITY_FRAGMENT,Contracted,1223,44,314,"C Atlético Mineiro",44,314,"C Atlético Mineiro",False,75,2001,2006-01-31,Defined,30,2006,,,2,1,"DISPLAY_NAME_UNRESOLVED",89,MEDIUM
8827959,"","José Wallison André",IDENTITY_FRAGMENT,Contracted,6925,44,314,"C Atlético Mineiro",44,314,"C Atlético Mineiro",False,75,2001,2006-01-31,Defined,30,2006,,,2,1,"DISPLAY_NAME_UNRESOLVED",89,MEDIUM
316538,"","Júnio César",IDENTITY_FRAGMENT,Contracted,3326,44,314,"C Atlético Mineiro",44,314,"C Atlético Mineiro",False,250,2001,2007-10-20,Defined,292,2007,,,2,1,"DISPLAY_NAME_UNRESOLVED",89,MEDIUM
316560,"","Lasmar",IDENTITY_FRAGMENT,Contracted,3340,44,314,"C Atlético Mineiro",44,314,"C Atlético Mineiro",False,433,2001,2008-01-31,Defined,30,2008,,,1,1,"DISPLAY_NAME_UNRESOLVED",89,MEDIUM
309597,"","Leandro Jorge",IDENTITY_FRAGMENT,Contracted,2018,44,314,"C Atlético Mineiro",44,314,"C Atlético Mineiro",False,250,2001,2005-12-01,Defined,334,2005,,,2,1,"DISPLAY_NAME_UNRESOLVED",89,MEDIUM
308790,"","Léo Dias",IDENTITY_FRAGMENT,Contracted,1956,44,314,"C Atlético Mineiro",44,314,"C Atlético Mineiro",False,375,2001,2006-03-27,Defined,85,2006,,,2,1,"DISPLAY_NAME_UNRESOLVED",89,MEDIUM
320309,"","Levi",IDENTITY_FRAGMENT,Contracted,4277,44,314,"C Atlético Mineiro",44,314,"C Atlético Mineiro",False,239,2001,2005-01-31,Defined,30,2005,,,2,1,"DISPLAY_NAME_UNRESOLVED",89,MEDIUM
311370,"","Machado Bezerra",IDENTITY_FRAGMENT,Contracted,2369,44,314,"C Atlético Mineiro",44,314,"C Atlético Mineiro",False,75,2002,2006-01-31,Defined,30,2006,,,2,1,"DISPLAY_NAME_UNRESOLVED",89,MEDIUM
451313,"","Mandinga dos Santos",IDENTITY_FRAGMENT,Contracted,4500,44,314,"C Atlético Mineiro",44,314,"C Atlético Mineiro",False,581,2004,2004-12-31,Defined,365,2004,,,2,1,"DISPLAY_NAME_UNRESOLVED",89,MEDIUM
3301268,"","Marcos José Franklin",IDENTITY_FRAGMENT,OnLoan,5698,58,329,"SE Palmeiras",44,314,"C Atlético Mineiro",True,332,2003,2004-12-31,Defined,365,2004,332,2004-12-31,2,2,"DISPLAY_NAME_UNRESOLVED",97,HIGH
305101,"","Martins Coelho",IDENTITY_FRAGMENT,Contracted,1305,44,314,"C Atlético Mineiro",44,314,"C Atlético Mineiro",False,75,2001,2006-01-31,Defined,30,2006,,,2,1,"DISPLAY_NAME_UNRESOLVED",89,MEDIUM
316556,"","Matiel",IDENTITY_FRAGMENT,Contracted,3339,44,314,"C Atlético Mineiro",44,314,"C Atlético Mineiro",False,50,2001,2006-01-31,Defined,30,2006,,,1,1,"DISPLAY_NAME_UNRESOLVED",89,MEDIUM
8827957,"","Miranda da Conceição",IDENTITY_FRAGMENT,Contracted,6923,44,314,"C Atlético Mineiro",44,314,"C Atlético Mineiro",False,75,2001,2005-01-31,Defined,30,2005,,,2,1,"DISPLAY_NAME_UNRESOLVED",89,MEDIUM
305086,"","Myron Rogers",IDENTITY_FRAGMENT,Contracted,1300,44,314,"C Atlético Mineiro",44,314,"C Atlético Mineiro",False,250,2001,2006-01-31,Defined,30,2006,,,2,1,"DISPLAY_NAME_UNRESOLVED",89,MEDIUM
302176,"","Noslen",IDENTITY_FRAGMENT,Contracted,773,44,314,"C Atlético Mineiro",44,314,"C Atlético Mineiro",False,733,2001,2009-01-31,Defined,30,2009,,,1,1,"DISPLAY_NAME_UNRESOLVED",89,MEDIUM
316544,"","Ozéas",IDENTITY_FRAGMENT,Contracted,3330,44,314,"C Atlético Mineiro",44,314,"C Atlético Mineiro",False,250,2001,2006-01-31,Defined,30,2006,,,2,1,"DISPLAY_NAME_UNRESOLVED",89,MEDIUM
316541,"","Paulo Antônio",IDENTITY_FRAGMENT,Contracted,3328,44,314,"C Atlético Mineiro",44,314,"C Atlético Mineiro",False,566,2001,2006-03-01,Defined,59,2006,,,2,1,"DISPLAY_NAME_UNRESOLVED",89,MEDIUM
304821,"","Pires de Almeida",IDENTITY_FRAGMENT,Contracted,1259,44,314,"C Atlético Mineiro",44,314,"C Atlético Mineiro",False,1032,2004,2004-12-31,Defined,365,2004,,,2,1,"DISPLAY_NAME_UNRESOLVED",89,MEDIUM
8826753,"","Quintanilha",IDENTITY_FRAGMENT,Contracted,6852,44,314,"C Atlético Mineiro",44,314,"C Atlético Mineiro",False,778,2001,2007-01-31,Defined,30,2007,,,1,1,"DISPLAY_NAME_UNRESOLVED",89,MEDIUM
8827958,"","Rafael Martiniano",IDENTITY_FRAGMENT,Contracted,6924,44,314,"C Atlético Mineiro",44,314,"C Atlético Mineiro",False,287,2001,2006-01-31,Defined,30,2006,,,2,1,"DISPLAY_NAME_UNRESOLVED",89,MEDIUM
8832804,"","Ramón Osni",IDENTITY_FRAGMENT,FormationContract,7149,44,314,"C Atlético Mineiro",44,314,"C Atlético Mineiro",False,31,2004,,NotDefined,1,1900,,,2,1,"SENTINEL_END_DATE|DISPLAY_NAME_UNRESOLVED",89,MEDIUM
8831089,"","Renato Eduardo",IDENTITY_FRAGMENT,Contracted,7099,44,314,"C Atlético Mineiro",44,314,"C Atlético Mineiro",False,75,2001,2005-01-31,Defined,30,2005,,,2,1,"DISPLAY_NAME_UNRESOLVED",89,MEDIUM
319779,"","Rodrigues Araújo",IDENTITY_FRAGMENT,Contracted,4208,44,314,"C Atlético Mineiro",44,314,"C Atlético Mineiro",False,75,2003,2008-07-01,Defined,182,2008,,,2,1,"DISPLAY_NAME_UNRESOLVED",89,MEDIUM
305084,"","Rolete",IDENTITY_FRAGMENT,Contracted,1299,44,314,"C Atlético Mineiro",44,314,"C Atlético Mineiro",False,250,2001,2006-01-31,Defined,30,2006,,,2,1,"DISPLAY_NAME_UNRESOLVED",89,MEDIUM
6900665,"","Rubens",IDENTITY_FRAGMENT,Contracted,6574,44,314,"C Atlético Mineiro",44,314,"C Atlético Mineiro",False,733,2001,2008-01-31,Defined,30,2008,,,1,1,"DISPLAY_NAME_UNRESOLVED",89,MEDIUM
3301544,"","Rubens Vanderlei",IDENTITY_FRAGMENT,Contracted,5805,44,314,"C Atlético Mineiro",44,314,"C Atlético Mineiro",False,2817,2004,2006-01-31,Defined,30,2006,,,2,1,"DISPLAY_NAME_UNRESOLVED",89,MEDIUM
8476307,"","Saboya Monteiro Júnior",IDENTITY_FRAGMENT,Contracted,6681,44,314,"C Atlético Mineiro",44,314,"C Atlético Mineiro",False,432,2004,2006-12-31,Defined,364,2006,,,2,1,"DISPLAY_NAME_UNRESOLVED",89,MEDIUM
304257,"","Santos da Visitação",IDENTITY_FRAGMENT,OnLoan,1087,1064,311026,"Marília AC",44,314,"C Atlético Mineiro",True,210,2003,2005-07-31,Defined,211,2005,210,2004-12-31,1,2,"DISPLAY_NAME_UNRESOLVED",97,HIGH
3300234,"","Santos Júnior",IDENTITY_FRAGMENT,Contracted,5302,44,314,"C Atlético Mineiro",44,314,"C Atlético Mineiro",False,300,2001,2006-03-26,Defined,84,2006,,,2,1,"DISPLAY_NAME_UNRESOLVED",89,MEDIUM
3300237,"","Soares de Andrade",IDENTITY_FRAGMENT,Contracted,5303,44,314,"C Atlético Mineiro",44,314,"C Atlético Mineiro",False,250,2001,2005-02-16,Defined,46,2005,,,2,1,"DISPLAY_NAME_UNRESOLVED",89,MEDIUM
312250,"","Thiago Júnio",IDENTITY_FRAGMENT,Contracted,2535,44,314,"C Atlético Mineiro",44,314,"C Atlético Mineiro",False,75,2002,2005-01-31,Defined,30,2005,,,2,1,"DISPLAY_NAME_UNRESOLVED",89,MEDIUM
311216,"","Trombetta",IDENTITY_FRAGMENT,Contracted,2315,44,314,"C Atlético Mineiro",44,314,"C Atlético Mineiro",False,334,2004,2006-12-31,Defined,364,2006,,,1,1,"DISPLAY_NAME_UNRESOLVED",89,MEDIUM
8832791,"","Túlio Vinícius",IDENTITY_FRAGMENT,Contracted,7136,44,314,"C Atlético Mineiro",44,314,"C Atlético Mineiro",False,351,2003,2008-05-02,Defined,122,2008,,,2,1,"DISPLAY_NAME_UNRESOLVED",89,MEDIUM
854811,"","Walker",IDENTITY_FRAGMENT,Contracted,4824,44,314,"C Atlético Mineiro",44,314,"C Atlético Mineiro",False,357,2004,2005-07-01,Defined,181,2005,,,2,1,"DISPLAY_NAME_UNRESOLVED",89,MEDIUM
315335,"","Alan Bahia",IDENTITY_FRAGMENT,Contracted,2754,568,107206,"C Atlético Paranaense",568,107206,"C Atlético Paranaense",False,654,2001,2006-01-31,Defined,30,2006,,,2,1,"DISPLAY_NAME_UNRESOLVED",89,MEDIUM
8830331,"","Allan",IDENTITY_FRAGMENT,Contracted,7018,568,107206,"C Atlético Paranaense",568,107206,"C Atlético Paranaense",False,75,2001,2006-01-31,Defined,30,2006,,,2,1,"DISPLAY_NAME_UNRESOLVED",89,MEDIUM
8832808,"","Alves Pereira",IDENTITY_FRAGMENT,FormationContract,7153,568,107206,"C Atlético Paranaense",568,107206,"C Atlético Paranaense",False,30,2004,,NotDefined,1,1900,,,2,1,"SENTINEL_END_DATE|DISPLAY_NAME_UNRESOLVED",89,MEDIUM
8830334,"","Ângelo Ricardo",IDENTITY_FRAGMENT,FormationContract,7021,568,107206,"C Atlético Paranaense",568,107206,"C Atlético Paranaense",False,30,2001,,NotDefined,1,1900,,,2,1,"SENTINEL_END_DATE|DISPLAY_NAME_UNRESOLVED",89,MEDIUM
8830353,"","Angus Aquino",IDENTITY_FRAGMENT,Contracted,7040,568,107206,"C Atlético Paranaense",568,107206,"C Atlético Paranaense",False,30,2001,2005-01-31,Defined,30,2005,,,2,1,"DISPLAY_NAME_UNRESOLVED",89,MEDIUM
8830342,"","Antunes da Costa",IDENTITY_FRAGMENT,Contracted,7029,568,107206,"C Atlético Paranaense",568,107206,"C Atlético Paranaense",False,48,2001,2005-01-31,Defined,30,2005,,,2,1,"DISPLAY_NAME_UNRESOLVED",89,MEDIUM
8830322,"","Barriviera",IDENTITY_FRAGMENT,Contracted,7009,568,107206,"C Atlético Paranaense",568,107206,"C Atlético Paranaense",False,75,2001,2005-01-31,Defined,30,2005,,,2,1,"DISPLAY_NAME_UNRESOLVED",89,MEDIUM
8830330,"","Bedusco dos Santos",IDENTITY_FRAGMENT,Contracted,7017,568,107206,"C Atlético Paranaense",568,107206,"C Atlético Paranaense",False,75,2001,2005-01-31,Defined,30,2005,,,2,1,"DISPLAY_NAME_UNRESOLVED",89,MEDIUM
8830332,"","Bertoldi",IDENTITY_FRAGMENT,Contracted,7019,568,107206,"C Atlético Paranaense",568,107206,"C Atlético Paranaense",False,75,2001,2005-01-31,Defined,30,2005,,,2,1,"DISPLAY_NAME_UNRESOLVED",89,MEDIUM
307556,"","Calza",IDENTITY_FRAGMENT,Contracted,1858,568,107206,"C Atlético Paranaense",568,107206,"C Atlético Paranaense",False,155,2001,2006-01-31,Defined,30,2006,,,2,1,"DISPLAY_NAME_UNRESOLVED",89,MEDIUM
301937,"","Câmara Vicelli",IDENTITY_FRAGMENT,Contracted,756,568,107206,"C Atlético Paranaense",568,107206,"C Atlético Paranaense",False,360,2001,2007-01-31,Defined,30,2007,,,2,1,"DISPLAY_NAME_UNRESOLVED",89,MEDIUM
6900035,"","Carvalho Soares",IDENTITY_FRAGMENT,Contracted,6425,568,107206,"C Atlético Paranaense",568,107206,"C Atlético Paranaense",False,251,2001,2006-01-31,Defined,30,2006,,,2,1,"DISPLAY_NAME_UNRESOLVED",89,MEDIUM
3301241,"","Cezar Viegas",IDENTITY_FRAGMENT,Contracted,5683,568,107206,"C Atlético Paranaense",568,107206,"C Atlético Paranaense",False,2696,2004,2004-12-31,Defined,365,2004,,,2,1,"DISPLAY_NAME_UNRESOLVED",89,MEDIUM
315334,"","Cléber Luís",IDENTITY_FRAGMENT,Contracted,2753,568,107206,"C Atlético Paranaense",568,107206,"C Atlético Paranaense",False,75,2001,2006-01-31,Defined,30,2006,,,2,1,"DISPLAY_NAME_UNRESOLVED",89,MEDIUM
303549,"","Custódio Nazaré",IDENTITY_FRAGMENT,Contracted,946,568,107206,"C Atlético Paranaense",568,107206,"C Atlético Paranaense",False,3928,2004,2006-01-31,Defined,30,2006,,,2,1,"DISPLAY_NAME_UNRESOLVED",89,MEDIUM
8830346,"","da Silva Melo Júnior",IDENTITY_FRAGMENT,Contracted,7033,568,107206,"C Atlético Paranaense",568,107206,"C Atlético Paranaense",False,48,2001,2005-01-31,Defined,30,2005,,,2,1,"DISPLAY_NAME_UNRESOLVED",89,MEDIUM
317082,"","da Silva Serezuella",IDENTITY_FRAGMENT,Contracted,3578,568,107206,"C Atlético Paranaense",568,107206,"C Atlético Paranaense",False,215,2001,2006-01-31,Defined,30,2006,,,2,1,"DISPLAY_NAME_UNRESOLVED",89,MEDIUM
312407,"","de Almeida Gomes",IDENTITY_FRAGMENT,Contracted,2549,568,107206,"C Atlético Paranaense",568,107206,"C Atlético Paranaense",False,75,2001,2006-01-31,Defined,30,2006,,,2,1,"DISPLAY_NAME_UNRESOLVED",89,MEDIUM
315341,"","de Matos Pereira",IDENTITY_FRAGMENT,Contracted,2760,568,107206,"C Atlético Paranaense",568,107206,"C Atlético Paranaense",False,317,2001,2006-01-31,Defined,30,2006,,,2,1,"DISPLAY_NAME_UNRESOLVED",89,MEDIUM
317069,"","de Oliveira Regatieri",IDENTITY_FRAGMENT,Contracted,3573,568,107206,"C Atlético Paranaense",568,107206,"C Atlético Paranaense",False,257,2001,2006-01-31,Defined,30,2006,,,2,1,"DISPLAY_NAME_UNRESOLVED",89,MEDIUM
310867,"","Dennys Richard",IDENTITY_FRAGMENT,Contracted,2138,568,107206,"C Atlético Paranaense",568,107206,"C Atlético Paranaense",False,360,2004,2006-03-16,Defined,74,2006,,,2,1,"DISPLAY_NAME_UNRESOLVED",89,MEDIUM
902575,"","Dinda",IDENTITY_FRAGMENT,Contracted,4876,568,107206,"C Atlético Paranaense",568,107206,"C Atlético Paranaense",False,197,2001,2005-01-31,Defined,30,2005,,,2,1,"DISPLAY_NAME_UNRESOLVED",89,MEDIUM
8825504,"","Dione Bonato",IDENTITY_FRAGMENT,Contracted,6766,568,107206,"C Atlético Paranaense",568,107206,"C Atlético Paranaense",False,75,2004,2006-02-01,Defined,31,2006,,,2,1,"DISPLAY_NAME_UNRESOLVED",89,MEDIUM
310668,"","do Nascimento Soares",IDENTITY_FRAGMENT,Contracted,2070,568,107206,"C Atlético Paranaense",568,107206,"C Atlético Paranaense",False,450,2001,2006-01-31,Defined,30,2006,,,1,1,"DISPLAY_NAME_UNRESOLVED",89,MEDIUM
8830326,"","dos Santos Costa",IDENTITY_FRAGMENT,Contracted,7013,568,107206,"C Atlético Paranaense",568,107206,"C Atlético Paranaense",False,75,2001,2006-01-31,Defined,30,2006,,,2,1,"DISPLAY_NAME_UNRESOLVED",89,MEDIUM
8830341,"","Duarte Martins Medeiros",IDENTITY_FRAGMENT,FormationContract,7028,568,107206,"C Atlético Paranaense",568,107206,"C Atlético Paranaense",False,30,2001,,NotDefined,1,1900,,,2,1,"SENTINEL_END_DATE|DISPLAY_NAME_UNRESOLVED",89,MEDIUM
317072,"","Edson Grillo",IDENTITY_FRAGMENT,Contracted,3574,568,107206,"C Atlético Paranaense",568,107206,"C Atlético Paranaense",False,221,2001,2006-01-31,Defined,30,2006,,,2,1,"DISPLAY_NAME_UNRESOLVED",89,MEDIUM
302591,"","Erisson Carlos",IDENTITY_FRAGMENT,OnLoan,835,48,319,"SC Corinthians Paulista",568,107206,"C Atlético Paranaense",True,82,2001,2006-01-31,Defined,30,2006,82,2004-12-31,2,2,"DISPLAY_NAME_UNRESOLVED",97,HIGH
8825061,"","Fernando Luiz",IDENTITY_FRAGMENT,Contracted,6725,568,107206,"C Atlético Paranaense",568,107206,"C Atlético Paranaense",False,504,2001,2005-01-31,Defined,30,2005,,,2,1,"DISPLAY_NAME_UNRESOLVED",89,MEDIUM
315336,"","França Oliveira e Souza",IDENTITY_FRAGMENT,Contracted,2755,568,107206,"C Atlético Paranaense",568,107206,"C Atlético Paranaense",False,75,2001,2006-01-31,Defined,30,2006,,,2,1,"DISPLAY_NAME_UNRESOLVED",89,MEDIUM
8830338,"","Gefferson",IDENTITY_FRAGMENT,Contracted,7025,568,107206,"C Atlético Paranaense",568,107206,"C Atlético Paranaense",False,49,2001,2005-01-31,Defined,30,2005,,,2,1,"DISPLAY_NAME_UNRESOLVED",89,MEDIUM
310798,"","Gilberto William",IDENTITY_FRAGMENT,OnLoan,2114,849,301306,"Figueirense FC",568,107206,"C Atlético Paranaense",True,500,2003,2006-01-31,Defined,30,2006,500,2004-12-31,2,2,"DISPLAY_NAME_UNRESOLVED",97,HIGH
317306,"","Goebel",IDENTITY_FRAGMENT,Contracted,3693,568,107206,"C Atlético Paranaense",568,107206,"C Atlético Paranaense",False,50,2001,2005-01-31,Defined,30,2005,,,2,1,"DISPLAY_NAME_UNRESOLVED",89,MEDIUM
8829230,"","Gomes de Lima",IDENTITY_FRAGMENT,Contracted,6932,568,107206,"C Atlético Paranaense",568,107206,"C Atlético Paranaense",False,75,2001,2005-01-31,Defined,30,2005,,,2,1,"DISPLAY_NAME_UNRESOLVED",89,MEDIUM
311517,"","Ivan",IDENTITY_FRAGMENT,Contracted,2396,568,107206,"C Atlético Paranaense",568,107206,"C Atlético Paranaense",False,228,2001,2006-01-31,Defined,30,2006,,,1,1,"DISPLAY_NAME_UNRESOLVED",89,MEDIUM
315337,"","Jadílson Carlos",IDENTITY_FRAGMENT,Contracted,2756,568,107206,"C Atlético Paranaense",568,107206,"C Atlético Paranaense",False,615,2001,2006-01-31,Defined,30,2006,,,1,1,"DISPLAY_NAME_UNRESOLVED",89,MEDIUM
3804744,"","Janiro André",IDENTITY_FRAGMENT,Contracted,5950,568,107206,"C Atlético Paranaense",568,107206,"C Atlético Paranaense",False,75,2003,2006-01-31,Defined,30,2006,,,2,1,"DISPLAY_NAME_UNRESOLVED",89,MEDIUM
2001566,"","José Raimundo",IDENTITY_FRAGMENT,Contracted,5006,568,107206,"C Atlético Paranaense",568,107206,"C Atlético Paranaense",False,639,2001,2006-01-31,Defined,30,2006,,,2,1,"DISPLAY_NAME_UNRESOLVED",89,MEDIUM
8830333,"","José Sammir",IDENTITY_FRAGMENT,FormationContract,7020,568,107206,"C Atlético Paranaense",568,107206,"C Atlético Paranaense",False,35,2001,,NotDefined,1,1900,,,2,1,"SENTINEL_END_DATE|DISPLAY_NAME_UNRESOLVED",89,MEDIUM
8830327,"","Lança de Andrade",IDENTITY_FRAGMENT,Contracted,7014,568,107206,"C Atlético Paranaense",568,107206,"C Atlético Paranaense",False,309,2001,2006-01-31,Defined,30,2006,,,2,1,"DISPLAY_NAME_UNRESOLVED",89,MEDIUM
8830349,"","Leandro Felício",IDENTITY_FRAGMENT,Contracted,7036,568,107206,"C Atlético Paranaense",568,107206,"C Atlético Paranaense",False,50,2001,2005-01-31,Defined,30,2005,,,2,1,"DISPLAY_NAME_UNRESOLVED",89,MEDIUM
320312,"","Leonardo Hermes",IDENTITY_FRAGMENT,Contracted,4280,568,107206,"C Atlético Paranaense",568,107206,"C Atlético Paranaense",False,327,2003,2008-04-10,Defined,100,2008,,,2,1,"DISPLAY_NAME_UNRESOLVED",89,MEDIUM
302361,"","Levir",IDENTITY_FRAGMENT,Contracted,796,568,107206,"C Atlético Paranaense",568,107206,"C Atlético Paranaense",False,2450,2001,2007-01-31,Defined,30,2007,,,1,1,"DISPLAY_NAME_UNRESOLVED",89,MEDIUM
8829232,"","Lopes Pereira",IDENTITY_FRAGMENT,Contracted,6933,568,107206,"C Atlético Paranaense",568,107206,"C Atlético Paranaense",False,239,2001,2005-01-31,Defined,30,2005,,,1,1,"DISPLAY_NAME_UNRESOLVED",89,MEDIUM
8830340,"","Lucas Jorge",IDENTITY_FRAGMENT,Contracted,7027,568,107206,"C Atlético Paranaense",568,107206,"C Atlético Paranaense",False,48,2001,2005-01-31,Defined,30,2005,,,2,1,"DISPLAY_NAME_UNRESOLVED",89,MEDIUM
8830328,"","Lucas Martins",IDENTITY_FRAGMENT,Contracted,7015,568,107206,"C Atlético Paranaense",568,107206,"C Atlético Paranaense",False,75,2001,2005-01-31,Defined,30,2005,,,2,1,"DISPLAY_NAME_UNRESOLVED",89,MEDIUM
8830345,"","Luís Rodolpho",IDENTITY_FRAGMENT,Contracted,7032,568,107206,"C Atlético Paranaense",568,107206,"C Atlético Paranaense",False,49,2001,2005-01-31,Defined,30,2005,,,2,1,"DISPLAY_NAME_UNRESOLVED",89,MEDIUM
8830352,"","Luiz Tiago",IDENTITY_FRAGMENT,Contracted,7039,568,107206,"C Atlético Paranaense",568,107206,"C Atlético Paranaense",False,48,2001,2005-01-31,Defined,30,2005,,,2,1,"DISPLAY_NAME_UNRESOLVED",89,MEDIUM
8830354,"","Maier Santos",IDENTITY_FRAGMENT,Contracted,7041,568,107206,"C Atlético Paranaense",568,107206,"C Atlético Paranaense",False,49,2001,2005-01-31,Defined,30,2005,,,2,1,"DISPLAY_NAME_UNRESOLVED",89,MEDIUM
304510,"","Marco Alberto",IDENTITY_FRAGMENT,Contracted,1171,568,107206,"C Atlético Paranaense",568,107206,"C Atlético Paranaense",False,392,2004,2006-01-31,Defined,30,2006,,,2,1,"DISPLAY_NAME_UNRESOLVED",89,MEDIUM
8830343,"","Marcos Anderson",IDENTITY_FRAGMENT,Contracted,7030,568,107206,"C Atlético Paranaense",568,107206,"C Atlético Paranaense",False,50,2001,2005-01-31,Defined,30,2005,,,2,1,"DISPLAY_NAME_UNRESOLVED",89,MEDIUM
8830351,"","Marcus Winicius",IDENTITY_FRAGMENT,FormationContract,7038,568,107206,"C Atlético Paranaense",568,107206,"C Atlético Paranaense",False,32,2001,,NotDefined,1,1900,,,2,1,"SENTINEL_END_DATE|DISPLAY_NAME_UNRESOLVED",89,MEDIUM
8830324,"","Marin Martir",IDENTITY_FRAGMENT,Contracted,7011,568,107206,"C Atlético Paranaense",568,107206,"C Atlético Paranaense",False,75,2001,2005-01-31,Defined,30,2005,,,2,1,"DISPLAY_NAME_UNRESOLVED",89,MEDIUM
316464,"","Marques do Nascimento",IDENTITY_FRAGMENT,OnLoan,3291,576,107222,"Mogi Mirim EC",568,107206,"C Atlético Paranaense",True,185,2001,2006-01-31,Defined,30,2006,185,2005-09-02,2,2,"DISPLAY_NAME_UNRESOLVED",97,HIGH
8830350,"","Marzinoti",IDENTITY_FRAGMENT,Contracted,7037,568,107206,"C Atlético Paranaense",568,107206,"C Atlético Paranaense",False,30,2001,2005-01-31,Defined,30,2005,,,2,1,"DISPLAY_NAME_UNRESOLVED",89,MEDIUM
8830344,"","Moraes de Souza",IDENTITY_FRAGMENT,Contracted,7031,568,107206,"C Atlético Paranaense",568,107206,"C Atlético Paranaense",False,48,2001,2005-01-31,Defined,30,2005,,,2,1,"DISPLAY_NAME_UNRESOLVED",89,MEDIUM
315167,"","Morais Amorim",IDENTITY_FRAGMENT,OnLoan,2653,68,339,"CR Vasco da Gama",568,107206,"C Atlético Paranaense",True,344,2001,2005-01-31,Defined,30,2005,344,2004-12-31,2,2,"DISPLAY_NAME_UNRESOLVED",97,HIGH
8827279,"","Omaire",IDENTITY_FRAGMENT,Contracted,6874,568,107206,"C Atlético Paranaense",568,107206,"C Atlético Paranaense",False,840,2001,2008-01-31,Defined,30,2008,,,2,1,"DISPLAY_NAME_UNRESOLVED",89,MEDIUM
312421,"","Pelentier",IDENTITY_FRAGMENT,Contracted,2551,568,107206,"C Atlético Paranaense",568,107206,"C Atlético Paranaense",False,1116,2001,2007-07-23,Defined,203,2007,,,2,1,"DISPLAY_NAME_UNRESOLVED",89,MEDIUM
320468,"","Raulen Luiz",IDENTITY_FRAGMENT,OnLoan,4301,872,301354,"AD São Caetano",568,107206,"C Atlético Paranaense",True,288,2003,2007-12-31,Defined,364,2007,288,2004-12-31,2,2,"DISPLAY_NAME_UNRESOLVED",97,HIGH
775580,"","Reginaldo Vital",IDENTITY_FRAGMENT,Contracted,4736,568,107206,"C Atlético Paranaense",568,107206,"C Atlético Paranaense",False,2636,2001,2006-01-31,Defined,30,2006,,,2,1,"DISPLAY_NAME_UNRESOLVED",89,MEDIUM
301935,"","Ricardo Pinto",IDENTITY_FRAGMENT,Contracted,755,568,107206,"C Atlético Paranaense",568,107206,"C Atlético Paranaense",False,372,2001,2008-01-31,Defined,30,2008,,,1,1,"DISPLAY_NAME_UNRESOLVED",89,MEDIUM
8830323,"","Richieri Afonso",IDENTITY_FRAGMENT,Contracted,7010,568,107206,"C Atlético Paranaense",568,107206,"C Atlético Paranaense",False,75,2001,2005-01-31,Defined,30,2005,,,2,1,"DISPLAY_NAME_UNRESOLVED",89,MEDIUM
8830325,"","Robenval",IDENTITY_FRAGMENT,Contracted,7012,568,107206,"C Atlético Paranaense",568,107206,"C Atlético Paranaense",False,75,2001,2005-01-31,Defined,30,2005,,,2,1,"DISPLAY_NAME_UNRESOLVED",89,MEDIUM
8830335,"","Rojas Hermoza",IDENTITY_FRAGMENT,Contracted,7022,568,107206,"C Atlético Paranaense",568,107206,"C Atlético Paranaense",False,49,2001,2005-01-31,Defined,30,2005,,,2,1,"DISPLAY_NAME_UNRESOLVED",89,MEDIUM
8830355,"","Saimon Alan",IDENTITY_FRAGMENT,FormationContract,7042,568,107206,"C Atlético Paranaense",568,107206,"C Atlético Paranaense",False,31,2001,,NotDefined,1,1900,,,2,1,"SENTINEL_END_DATE|DISPLAY_NAME_UNRESOLVED",89,MEDIUM
311091,"","Santana da Silva",IDENTITY_FRAGMENT,Contracted,2237,568,107206,"C Atlético Paranaense",568,107206,"C Atlético Paranaense",False,209,2001,2006-01-31,Defined,30,2006,,,2,1,"DISPLAY_NAME_UNRESOLVED",89,MEDIUM
8835086,"","Santos Alcântara",IDENTITY_FRAGMENT,OnLoan,7645,1291,314291,"Confiança (PB)",568,107206,"C Atlético Paranaense",True,234,2001,2006-01-31,Defined,30,2006,234,2004-12-31,2,2,"DISPLAY_NAME_UNRESOLVED",97,HIGH
8830347,"","Sarturi Hess",IDENTITY_FRAGMENT,FormationContract,7034,568,107206,"C Atlético Paranaense",568,107206,"C Atlético Paranaense",False,33,2001,,NotDefined,1,1900,,,2,1,"SENTINEL_END_DATE|DISPLAY_NAME_UNRESOLVED",89,MEDIUM
8825623,"","Schaeffer Batista",IDENTITY_FRAGMENT,Contracted,6781,568,107206,"C Atlético Paranaense",568,107206,"C Atlético Paranaense",False,75,2001,2005-01-31,Defined,30,2005,,,1,1,"DISPLAY_NAME_UNRESOLVED",89,MEDIUM
8830329,"","Silva Lima",IDENTITY_FRAGMENT,Contracted,7016,568,107206,"C Atlético Paranaense",568,107206,"C Atlético Paranaense",False,75,2001,2005-01-31,Defined,30,2005,,,2,1,"DISPLAY_NAME_UNRESOLVED",89,MEDIUM
302177,"","Solivan Roberto",IDENTITY_FRAGMENT,Contracted,774,568,107206,"C Atlético Paranaense",568,107206,"C Atlético Paranaense",False,660,2001,2007-01-31,Defined,30,2007,,,1,1,"DISPLAY_NAME_UNRESOLVED",89,MEDIUM
6900122,"","Stecanela Cerqueira",IDENTITY_FRAGMENT,Contracted,6483,568,107206,"C Atlético Paranaense",568,107206,"C Atlético Paranaense",False,5294,2004,2004-12-20,Defined,354,2004,,,2,1,"DISPLAY_NAME_UNRESOLVED",89,MEDIUM
311938,"","Thiago Cardoso",IDENTITY_FRAGMENT,Contracted,2494,568,107206,"C Atlético Paranaense",568,107206,"C Atlético Paranaense",False,170,2001,2005-01-31,Defined,30,2005,,,1,1,"DISPLAY_NAME_UNRESOLVED",89,MEDIUM
315338,"","Thielle",IDENTITY_FRAGMENT,Contracted,2757,568,107206,"C Atlético Paranaense",568,107206,"C Atlético Paranaense",False,360,2001,2008-01-31,Defined,30,2008,,,1,1,"DISPLAY_NAME_UNRESOLVED",89,MEDIUM
8830339,"","Urnau",IDENTITY_FRAGMENT,FormationContract,7026,568,107206,"C Atlético Paranaense",568,107206,"C Atlético Paranaense",False,32,2001,,NotDefined,1,1900,,,2,1,"SENTINEL_END_DATE|DISPLAY_NAME_UNRESOLVED",89,MEDIUM
3301105,"","Valnei",IDENTITY_FRAGMENT,Contracted,5605,568,107206,"C Atlético Paranaense",568,107206,"C Atlético Paranaense",False,339,2004,2006-01-31,Defined,30,2006,,,2,1,"DISPLAY_NAME_UNRESOLVED",89,MEDIUM
312409,"","Vicente Horst",IDENTITY_FRAGMENT,Contracted,2550,568,107206,"C Atlético Paranaense",568,107206,"C Atlético Paranaense",False,353,2001,2006-01-31,Defined,30,2006,,,2,1,"DISPLAY_NAME_UNRESOLVED",89,MEDIUM
8832809,"","Vieira Silva",IDENTITY_FRAGMENT,FormationContract,7154,568,107206,"C Atlético Paranaense",568,107206,"C Atlético Paranaense",False,30,2004,,NotDefined,1,1900,,,2,1,"SENTINEL_END_DATE|DISPLAY_NAME_UNRESOLVED",89,MEDIUM
317077,"","Zancanaro Busato",IDENTITY_FRAGMENT,Contracted,3576,568,107206,"C Atlético Paranaense",568,107206,"C Atlético Paranaense",False,75,2001,2006-01-31,Defined,30,2006,,,2,1,"DISPLAY_NAME_UNRESOLVED",89,MEDIUM
3900438,"","Aguinaldo Luiz",IDENTITY_FRAGMENT,Contracted,5956,1066,311030,"C Atlético Sorocaba",1066,311030,"C Atlético Sorocaba",False,487,2004,2006-01-31,Defined,30,2006,,,2,1,"DISPLAY_NAME_UNRESOLVED",89,MEDIUM
321013,"","Gomes Xavier",IDENTITY_FRAGMENT,Contracted,4399,1066,311030,"C Atlético Sorocaba",1066,311030,"C Atlético Sorocaba",False,562,2001,2006-01-31,Defined,30,2006,,,2,1,"DISPLAY_NAME_UNRESOLVED",89,MEDIUM
8829994,"","Júnior Baitler",IDENTITY_FRAGMENT,Contracted,6970,1066,311030,"C Atlético Sorocaba",1066,311030,"C Atlético Sorocaba",False,264,2001,2006-01-31,Defined,30,2006,,,2,1,"DISPLAY_NAME_UNRESOLVED",89,MEDIUM
3300844,"","Luizinho Vieira",IDENTITY_FRAGMENT,Contracted,5497,1066,311030,"C Atlético Sorocaba",1066,311030,"C Atlético Sorocaba",False,666,2004,2005-01-31,Defined,30,2005,,,2,1,"DISPLAY_NAME_UNRESOLVED",89,MEDIUM
8829989,"","Silva Madureira",IDENTITY_FRAGMENT,Contracted,6965,1066,311030,"C Atlético Sorocaba",1066,311030,"C Atlético Sorocaba",False,260,2001,2006-01-31,Defined,30,2006,,,2,1,"DISPLAY_NAME_UNRESOLVED",89,MEDIUM
318659,"","Tomás",IDENTITY_FRAGMENT,Contracted,3932,1359,314761,"C Atlético Tocantinense",1359,314761,"C Atlético Tocantinense",False,250,2001,2008-01-31,Defined,30,2008,,,2,1,"DISPLAY_NAME_UNRESOLVED",89,MEDIUM
315360,"","Fabiano Jerônimo",IDENTITY_FRAGMENT,OnLoan,2768,1565,900996,"América FC (RJ)",625,121002,"C Deportivo ItalChacao",True,169,2001,2006-01-31,Defined,30,2006,169,2004-12-31,2,2,"DISPLAY_NAME_UNRESOLVED",97,HIGH
305890,"","Benami Baratz",IDENTITY_FRAGMENT,Contracted,1469,829,301268,"C Esportivo Bento Gonçalves",829,301268,"C Esportivo Bento Gonçalves",False,100,2001,2009-01-31,Defined,30,2009,,,1,1,"DISPLAY_NAME_UNRESOLVED",89,MEDIUM
319300,"","Bosco",IDENTITY_FRAGMENT,Contracted,4020,829,301268,"C Esportivo Bento Gonçalves",829,301268,"C Esportivo Bento Gonçalves",False,75,1999,2006-01-31,Defined,30,2006,,,2,1,"DISPLAY_NAME_UNRESOLVED",89,MEDIUM
8826160,"","Brás do Nascimento",IDENTITY_FRAGMENT,Contracted,6818,829,301268,"C Esportivo Bento Gonçalves",829,301268,"C Esportivo Bento Gonçalves",False,331,2004,2006-01-31,Defined,30,2006,,,2,1,"DISPLAY_NAME_UNRESOLVED",89,MEDIUM
8832745,"","Dângelo",IDENTITY_FRAGMENT,Contracted,7133,829,301268,"C Esportivo Bento Gonçalves",829,301268,"C Esportivo Bento Gonçalves",False,329,2001,2006-06-30,Defined,180,2006,,,2,1,"DISPLAY_NAME_UNRESOLVED",89,MEDIUM
8832744,"","Diego Douglas",IDENTITY_FRAGMENT,Contracted,7132,829,301268,"C Esportivo Bento Gonçalves",829,301268,"C Esportivo Bento Gonçalves",False,75,2001,2007-07-30,Defined,210,2007,,,2,1,"DISPLAY_NAME_UNRESOLVED",89,MEDIUM
319304,"","Eleandro José",IDENTITY_FRAGMENT,Contracted,4023,829,301268,"C Esportivo Bento Gonçalves",829,301268,"C Esportivo Bento Gonçalves",False,75,2001,2006-06-04,Defined,154,2006,,,2,1,"DISPLAY_NAME_UNRESOLVED",89,MEDIUM
319306,"","Ferreira Jobim",IDENTITY_FRAGMENT,Contracted,4025,829,301268,"C Esportivo Bento Gonçalves",829,301268,"C Esportivo Bento Gonçalves",False,75,2002,2006-06-30,Defined,180,2006,,,2,1,"DISPLAY_NAME_UNRESOLVED",89,MEDIUM
319303,"","Fortunato",IDENTITY_FRAGMENT,Contracted,4022,829,301268,"C Esportivo Bento Gonçalves",829,301268,"C Esportivo Bento Gonçalves",False,75,2001,2006-01-31,Defined,30,2006,,,2,1,"DISPLAY_NAME_UNRESOLVED",89,MEDIUM
8832741,"","Gonzatti",IDENTITY_FRAGMENT,Contracted,7130,829,301268,"C Esportivo Bento Gonçalves",829,301268,"C Esportivo Bento Gonçalves",False,75,2001,2005-01-31,Defined,30,2005,,,2,1,"DISPLAY_NAME_UNRESOLVED",89,MEDIUM
8832740,"","Iuster",IDENTITY_FRAGMENT,Contracted,7129,829,301268,"C Esportivo Bento Gonçalves",829,301268,"C Esportivo Bento Gonçalves",False,75,2001,2006-01-31,Defined,30,2006,,,2,1,"DISPLAY_NAME_UNRESOLVED",89,MEDIUM
8832739,"","Jalmison",IDENTITY_FRAGMENT,Contracted,7128,829,301268,"C Esportivo Bento Gonçalves",829,301268,"C Esportivo Bento Gonçalves",False,150,2004,2006-01-31,Defined,30,2006,,,2,1,"DISPLAY_NAME_UNRESOLVED",89,MEDIUM
309563,"","Joel Cavalo",IDENTITY_FRAGMENT,Contracted,2014,829,301268,"C Esportivo Bento Gonçalves",829,301268,"C Esportivo Bento Gonçalves",False,255,2003,2005-01-31,Defined,30,2005,,,2,1,"DISPLAY_NAME_UNRESOLVED",89,MEDIUM
8832738,"","Jorge Leandro",IDENTITY_FRAGMENT,Contracted,7127,829,301268,"C Esportivo Bento Gonçalves",829,301268,"C Esportivo Bento Gonçalves",False,75,2003,2006-06-30,Defined,180,2006,,,2,1,"DISPLAY_NAME_UNRESOLVED",89,MEDIUM
305908,"","Larentis",IDENTITY_FRAGMENT,Contracted,1471,829,301268,"C Esportivo Bento Gonçalves",829,301268,"C Esportivo Bento Gonçalves",False,75,2001,2006-01-31,Defined,30,2006,,,2,1,"DISPLAY_NAME_UNRESOLVED",89,MEDIUM
8832729,"","Leopoldo",IDENTITY_FRAGMENT,Contracted,7122,829,301268,"C Esportivo Bento Gonçalves",829,301268,"C Esportivo Bento Gonçalves",False,250,2001,2008-01-31,Defined,30,2008,,,1,1,"DISPLAY_NAME_UNRESOLVED",89,MEDIUM
319305,"","Maikel",IDENTITY_FRAGMENT,Contracted,4024,829,301268,"C Esportivo Bento Gonçalves",829,301268,"C Esportivo Bento Gonçalves",False,75,2004,2006-06-30,Defined,180,2006,,,2,1,"DISPLAY_NAME_UNRESOLVED",89,MEDIUM
319302,"","Navarini",IDENTITY_FRAGMENT,Contracted,4021,829,301268,"C Esportivo Bento Gonçalves",829,301268,"C Esportivo Bento Gonçalves",False,213,2002,2006-06-30,Defined,180,2006,,,2,1,"DISPLAY_NAME_UNRESOLVED",89,MEDIUM
319308,"","Pagliosa",IDENTITY_FRAGMENT,Contracted,4026,829,301268,"C Esportivo Bento Gonçalves",829,301268,"C Esportivo Bento Gonçalves",False,75,2004,2006-01-31,Defined,30,2006,,,2,1,"DISPLAY_NAME_UNRESOLVED",89,MEDIUM
8832742,"","Trinidade da Silveira",IDENTITY_FRAGMENT,Contracted,7131,829,301268,"C Esportivo Bento Gonçalves",829,301268,"C Esportivo Bento Gonçalves",False,248,2001,2006-01-31,Defined,30,2006,,,2,1,"DISPLAY_NAME_UNRESOLVED",89,MEDIUM
3300836,"","Wolnei",IDENTITY_FRAGMENT,Contracted,5494,829,301268,"C Esportivo Bento Gonçalves",829,301268,"C Esportivo Bento Gonçalves",False,236,2004,2005-01-31,Defined,30,2005,,,2,1,"DISPLAY_NAME_UNRESOLVED",89,MEDIUM
8833526,"","Adson",IDENTITY_FRAGMENT,OnLoan,7379,753,301125,"Juazeiro (BA)",57,328,"C Náutico Capibaribe",True,340,2004,2006-01-31,Defined,30,2006,340,2004-12-31,2,2,"DISPLAY_NAME_UNRESOLVED",97,HIGH
8833517,"","Alan Williams",IDENTITY_FRAGMENT,OnLoan,7370,753,301125,"Juazeiro (BA)",57,328,"C Náutico Capibaribe",True,30,2004,2005-12-31,Defined,364,2005,30,2005-12-31,2,2,"DISPLAY_NAME_UNRESOLVED",97,HIGH
315996,"","Almeida",IDENTITY_FRAGMENT,Contracted,3038,57,328,"C Náutico Capibaribe",57,328,"C Náutico Capibaribe",False,75,2001,2006-01-31,Defined,30,2006,,,2,1,"DISPLAY_NAME_UNRESOLVED",89,MEDIUM
319652,"","Almir Luciano",IDENTITY_FRAGMENT,Contracted,4110,57,328,"C Náutico Capibaribe",57,328,"C Náutico Capibaribe",False,181,2002,2006-12-31,Defined,364,2006,,,2,1,"DISPLAY_NAME_UNRESOLVED",89,MEDIUM
8833519,"","Almir Rogério",IDENTITY_FRAGMENT,Contracted,7372,57,328,"C Náutico Capibaribe",57,328,"C Náutico Capibaribe",False,323,2004,2005-01-31,Defined,30,2005,,,2,1,"DISPLAY_NAME_UNRESOLVED",89,MEDIUM
8833527,"","Alves Mota Andrade",IDENTITY_FRAGMENT,Contracted,7380,57,328,"C Náutico Capibaribe",57,328,"C Náutico Capibaribe",False,181,2004,2005-01-31,Defined,30,2005,,,2,1,"DISPLAY_NAME_UNRESOLVED",89,MEDIUM
311206,"","Anaílson",IDENTITY_FRAGMENT,OnLoan,2306,872,301354,"AD São Caetano",57,328,"C Náutico Capibaribe",True,749,2001,2007-01-03,Defined,2,2007,749,2004-12-31,2,2,"DISPLAY_NAME_UNRESOLVED",97,HIGH
321145,"","Arcanjo dos Anjos",IDENTITY_FRAGMENT,Contracted,4416,57,328,"C Náutico Capibaribe",57,328,"C Náutico Capibaribe",False,207,2001,2006-01-31,Defined,30,2006,,,2,1,"DISPLAY_NAME_UNRESOLVED",89,MEDIUM
315992,"","Azevedo de Oliveira",IDENTITY_FRAGMENT,Contracted,3034,57,328,"C Náutico Capibaribe",57,328,"C Náutico Capibaribe",False,209,2002,2004-12-31,Defined,365,2004,,,2,1,"DISPLAY_NAME_UNRESOLVED",89,MEDIUM
315974,"","Batista Monteiro",IDENTITY_FRAGMENT,Contracted,3017,57,328,"C Náutico Capibaribe",57,328,"C Náutico Capibaribe",False,121,2001,2008-01-31,Defined,30,2008,,,1,1,"DISPLAY_NAME_UNRESOLVED",89,MEDIUM
6900071,"","Bientinezi Valença",IDENTITY_FRAGMENT,Contracted,6450,57,328,"C Náutico Capibaribe",57,328,"C Náutico Capibaribe",False,476,2003,2005-01-31,Defined,30,2005,,,2,1,"DISPLAY_NAME_UNRESOLVED",89,MEDIUM
8833520,"","Carlos Rodolpho",IDENTITY_FRAGMENT,Contracted,7373,57,328,"C Náutico Capibaribe",57,328,"C Náutico Capibaribe",False,79,2004,2005-01-31,Defined,30,2005,,,2,1,"DISPLAY_NAME_UNRESOLVED",89,MEDIUM
316001,"","Cavalcanti",IDENTITY_FRAGMENT,Contracted,3043,57,328,"C Náutico Capibaribe",57,328,"C Náutico Capibaribe",False,75,2001,2006-01-31,Defined,30,2006,,,2,1,"DISPLAY_NAME_UNRESOLVED",89,MEDIUM
315994,"","Cláudio Elias",IDENTITY_FRAGMENT,Contracted,3036,57,328,"C Náutico Capibaribe",57,328,"C Náutico Capibaribe",False,231,2001,2006-07-25,Defined,205,2006,,,2,1,"DISPLAY_NAME_UNRESOLVED",89,MEDIUM
8833521,"","Cláudio Vanderley",IDENTITY_FRAGMENT,Contracted,7374,57,328,"C Náutico Capibaribe",57,328,"C Náutico Capibaribe",False,75,2004,2006-01-31,Defined,30,2006,,,2,1,"DISPLAY_NAME_UNRESOLVED",89,MEDIUM
315997,"","Correia Irineu",IDENTITY_FRAGMENT,Contracted,3039,57,328,"C Náutico Capibaribe",57,328,"C Náutico Capibaribe",False,75,2001,2006-01-31,Defined,30,2006,,,2,1,"DISPLAY_NAME_UNRESOLVED",89,MEDIUM
727152,"","de Assis Santos Prado",IDENTITY_FRAGMENT,Contracted,4696,57,328,"C Náutico Capibaribe",57,328,"C Náutico Capibaribe",False,237,2004,2006-01-31,Defined,30,2006,,,2,1,"DISPLAY_NAME_UNRESOLVED",89,MEDIUM
8825004,"","de Brito Silva",IDENTITY_FRAGMENT,FormationContract,6712,57,328,"C Náutico Capibaribe",57,328,"C Náutico Capibaribe",False,30,2001,,NotDefined,1,1900,,,2,1,"SENTINEL_END_DATE|DISPLAY_NAME_UNRESOLVED",89,MEDIUM
316002,"","de Medeiros Alves",IDENTITY_FRAGMENT,Contracted,3044,57,328,"C Náutico Capibaribe",57,328,"C Náutico Capibaribe",False,75,2001,2006-10-01,Defined,273,2006,,,2,1,"DISPLAY_NAME_UNRESOLVED",89,MEDIUM
7003922,"","de Morais Silva",IDENTITY_FRAGMENT,Contracted,6584,57,328,"C Náutico Capibaribe",57,328,"C Náutico Capibaribe",False,453,2003,2005-01-31,Defined,30,2005,,,2,1,"DISPLAY_NAME_UNRESOLVED",89,MEDIUM
3301557,"","Eberte",IDENTITY_FRAGMENT,Contracted,5808,57,328,"C Náutico Capibaribe",57,328,"C Náutico Capibaribe",False,239,2004,2004-12-05,Defined,339,2004,,,1,1,"DISPLAY_NAME_UNRESOLVED",89,MEDIUM
305448,"","Edylton Caetano",IDENTITY_FRAGMENT,Contracted,1368,57,328,"C Náutico Capibaribe",57,328,"C Náutico Capibaribe",False,223,2004,2006-01-31,Defined,30,2006,,,2,1,"DISPLAY_NAME_UNRESOLVED",89,MEDIUM
8825006,"","Emerson Cafú",IDENTITY_FRAGMENT,Contracted,6714,57,328,"C Náutico Capibaribe",57,328,"C Náutico Capibaribe",False,194,2001,2006-01-31,Defined,30,2006,,,2,1,"DISPLAY_NAME_UNRESOLVED",89,MEDIUM
3301325,"","Érlon Charles",IDENTITY_FRAGMENT,Contracted,5730,57,328,"C Náutico Capibaribe",57,328,"C Náutico Capibaribe",False,526,2003,2006-01-31,Defined,30,2006,,,2,1,"DISPLAY_NAME_UNRESOLVED",89,MEDIUM
5261745,"","Escouto Franco",IDENTITY_FRAGMENT,Contracted,6224,57,328,"C Náutico Capibaribe",57,328,"C Náutico Capibaribe",False,466,2004,2004-12-05,Defined,339,2004,,,2,1,"DISPLAY_NAME_UNRESOLVED",89,MEDIUM
315986,"","Faria Fernandes",IDENTITY_FRAGMENT,Contracted,3029,57,328,"C Náutico Capibaribe",57,328,"C Náutico Capibaribe",False,186,2001,2006-01-31,Defined,30,2006,,,2,1,"DISPLAY_NAME_UNRESOLVED",89,MEDIUM
315978,"","Fernandes de Araújo",IDENTITY_FRAGMENT,Contracted,3021,57,328,"C Náutico Capibaribe",57,328,"C Náutico Capibaribe",False,75,2001,2009-01-31,Defined,30,2009,,,1,1,"DISPLAY_NAME_UNRESOLVED",89,MEDIUM
315987,"","Ferreira Aragão dos Santos",IDENTITY_FRAGMENT,Contracted,3030,57,328,"C Náutico Capibaribe",57,328,"C Náutico Capibaribe",False,272,2001,2006-01-31,Defined,30,2006,,,2,1,"DISPLAY_NAME_UNRESOLVED",89,MEDIUM
8833522,"","Flaviano Bernardo",IDENTITY_FRAGMENT,Contracted,7375,57,328,"C Náutico Capibaribe",57,328,"C Náutico Capibaribe",False,103,2004,2005-01-31,Defined,30,2005,,,2,1,"DISPLAY_NAME_UNRESOLVED",89,MEDIUM
316000,"","Galba",IDENTITY_FRAGMENT,Contracted,3042,57,328,"C Náutico Capibaribe",57,328,"C Náutico Capibaribe",False,75,2001,2006-01-31,Defined,30,2006,,,2,1,"DISPLAY_NAME_UNRESOLVED",89,MEDIUM
319653,"","Gama de Almeida",IDENTITY_FRAGMENT,Contracted,4111,57,328,"C Náutico Capibaribe",57,328,"C Náutico Capibaribe",False,295,2001,2006-01-31,Defined,30,2006,,,2,1,"DISPLAY_NAME_UNRESOLVED",89,MEDIUM
315993,"","Georlan",IDENTITY_FRAGMENT,Contracted,3035,57,328,"C Náutico Capibaribe",57,328,"C Náutico Capibaribe",False,254,2001,2006-01-31,Defined,30,2006,,,2,1,"DISPLAY_NAME_UNRESOLVED",89,MEDIUM
315981,"","Gilberto Félix",IDENTITY_FRAGMENT,Contracted,3024,57,328,"C Náutico Capibaribe",57,328,"C Náutico Capibaribe",False,168,2004,2004-12-05,Defined,339,2004,,,2,1,"DISPLAY_NAME_UNRESOLVED",89,MEDIUM
315973,"","Gomes Couto",IDENTITY_FRAGMENT,Contracted,3016,57,328,"C Náutico Capibaribe",57,328,"C Náutico Capibaribe",False,121,2001,2009-01-31,Defined,30,2009,,,1,1,"DISPLAY_NAME_UNRESOLVED",89,MEDIUM
3301199,"","Gonçalves Barbosa",IDENTITY_FRAGMENT,Contracted,5657,57,328,"C Náutico Capibaribe",57,328,"C Náutico Capibaribe",False,453,2004,2006-01-31,Defined,30,2006,,,2,1,"DISPLAY_NAME_UNRESOLVED",89,MEDIUM
310666,"","Guilherme Alexandre",IDENTITY_FRAGMENT,Contracted,2069,57,328,"C Náutico Capibaribe",57,328,"C Náutico Capibaribe",False,121,2001,2009-01-31,Defined,30,2009,,,2,1,"DISPLAY_NAME_UNRESOLVED",89,MEDIUM
321142,"","Holanda Bezerra",IDENTITY_FRAGMENT,Contracted,4415,57,328,"C Náutico Capibaribe",57,328,"C Náutico Capibaribe",False,75,2001,2006-01-31,Defined,30,2006,,,2,1,"DISPLAY_NAME_UNRESOLVED",89,MEDIUM
3300359,"","Isnardt Dick",IDENTITY_FRAGMENT,Contracted,5339,57,328,"C Náutico Capibaribe",57,328,"C Náutico Capibaribe",False,225,2002,2005-01-31,Defined,30,2005,,,2,1,"DISPLAY_NAME_UNRESOLVED",89,MEDIUM
315999,"","Jakson",IDENTITY_FRAGMENT,Contracted,3041,57,328,"C Náutico Capibaribe",57,328,"C Náutico Capibaribe",False,75,2001,2006-01-31,Defined,30,2006,,,2,1,"DISPLAY_NAME_UNRESOLVED",89,MEDIUM
8830185,"","John Charles",IDENTITY_FRAGMENT,Contracted,6979,57,328,"C Náutico Capibaribe",57,328,"C Náutico Capibaribe",False,75,2001,2006-01-31,Defined,30,2006,,,2,1,"DISPLAY_NAME_UNRESOLVED",89,MEDIUM
315995,"","Jorge Henrique",IDENTITY_FRAGMENT,Contracted,3037,57,328,"C Náutico Capibaribe",57,328,"C Náutico Capibaribe",False,383,2001,2006-04-20,Defined,109,2006,,,2,1,"DISPLAY_NAME_UNRESOLVED",89,MEDIUM
8825005,"","Jorge Henrique",IDENTITY_FRAGMENT,Contracted,6713,57,328,"C Náutico Capibaribe",57,328,"C Náutico Capibaribe",False,193,2002,2005-12-21,Defined,354,2005,,,2,1,"DISPLAY_NAME_UNRESOLVED",89,MEDIUM
304722,"","José Teodoro",IDENTITY_FRAGMENT,Contracted,1236,57,328,"C Náutico Capibaribe",57,328,"C Náutico Capibaribe",False,698,2001,2008-01-31,Defined,30,2008,,,2,1,"DISPLAY_NAME_UNRESOLVED",89,MEDIUM
8833523,"","Joseilson",IDENTITY_FRAGMENT,OnLoan,7376,753,301125,"Juazeiro (BA)",57,328,"C Náutico Capibaribe",True,263,2003,2006-01-31,Defined,30,2006,263,2004-12-31,2,2,"DISPLAY_NAME_UNRESOLVED",97,HIGH
3300293,"","Josenildo Carlos",IDENTITY_FRAGMENT,Contracted,5317,57,328,"C Náutico Capibaribe",57,328,"C Náutico Capibaribe",False,267,2002,2006-01-31,Defined,30,2006,,,2,1,"DISPLAY_NAME_UNRESOLVED",89,MEDIUM
8833524,"","Júnior de Moura",IDENTITY_FRAGMENT,Contracted,7377,57,328,"C Náutico Capibaribe",57,328,"C Náutico Capibaribe",False,75,2004,2009-01-15,Defined,14,2009,,,2,1,"DISPLAY_NAME_UNRESOLVED",89,MEDIUM
3301341,"","Leomar",IDENTITY_FRAGMENT,Contracted,5739,57,328,"C Náutico Capibaribe",57,328,"C Náutico Capibaribe",False,1141,2004,2006-01-31,Defined,30,2006,,,2,1,"DISPLAY_NAME_UNRESOLVED",89,MEDIUM
3300414,"","Marcos André",IDENTITY_FRAGMENT,Contracted,5362,57,328,"C Náutico Capibaribe",57,328,"C Náutico Capibaribe",False,327,2004,2006-01-31,Defined,30,2006,,,2,1,"DISPLAY_NAME_UNRESOLVED",89,MEDIUM
311080,"","Masina Baumgarten",IDENTITY_FRAGMENT,Contracted,2233,57,328,"C Náutico Capibaribe",57,328,"C Náutico Capibaribe",False,270,2004,2006-01-31,Defined,30,2006,,,2,1,"DISPLAY_NAME_UNRESOLVED",89,MEDIUM
315975,"","Melo Cavalcante",IDENTITY_FRAGMENT,Contracted,3018,57,328,"C Náutico Capibaribe",57,328,"C Náutico Capibaribe",False,121,2001,2008-01-31,Defined,30,2008,,,1,1,"DISPLAY_NAME_UNRESOLVED",89,MEDIUM
321224,"","Miranda Filho",IDENTITY_FRAGMENT,OnLoan,4463,66,337,"São Paulo FC",57,328,"C Náutico Capibaribe",True,98,2002,2007-09-15,Defined,257,2007,98,2004-12-31,1,2,"DISPLAY_NAME_UNRESOLVED",97,HIGH
3301115,"","Padrão de Abreu",IDENTITY_FRAGMENT,Contracted,5613,57,328,"C Náutico Capibaribe",57,328,"C Náutico Capibaribe",False,427,2001,2006-01-31,Defined,30,2006,,,2,1,"DISPLAY_NAME_UNRESOLVED",89,MEDIUM
8832907,"","Paulo Eugênio",IDENTITY_FRAGMENT,Contracted,7244,57,328,"C Náutico Capibaribe",57,328,"C Náutico Capibaribe",False,75,2004,2005-01-31,Defined,30,2005,,,2,1,"DISPLAY_NAME_UNRESOLVED",89,MEDIUM
315971,"","Paulo Fernando",IDENTITY_FRAGMENT,Contracted,3015,57,328,"C Náutico Capibaribe",57,328,"C Náutico Capibaribe",False,181,2001,2009-01-31,Defined,30,2009,,,1,1,"DISPLAY_NAME_UNRESOLVED",89,MEDIUM
315976,"","Rilder",IDENTITY_FRAGMENT,Contracted,3019,57,328,"C Náutico Capibaribe",57,328,"C Náutico Capibaribe",False,75,2001,2009-01-31,Defined,30,2009,,,1,1,"DISPLAY_NAME_UNRESOLVED",89,MEDIUM
315982,"","Rodolpho Henrique",IDENTITY_FRAGMENT,Contracted,3025,57,328,"C Náutico Capibaribe",57,328,"C Náutico Capibaribe",False,157,2001,2006-01-31,Defined,30,2006,,,2,1,"DISPLAY_NAME_UNRESOLVED",89,MEDIUM
315998,"","Silvestre Teixeira dos Santos",IDENTITY_FRAGMENT,Contracted,3040,57,328,"C Náutico Capibaribe",57,328,"C Náutico Capibaribe",False,168,2002,2005-12-31,Defined,364,2005,,,2,1,"DISPLAY_NAME_UNRESOLVED",89,MEDIUM
310960,"","Sílvio Luís",IDENTITY_FRAGMENT,Contracted,2178,57,328,"C Náutico Capibaribe",57,328,"C Náutico Capibaribe",False,958,2004,2005-12-05,Defined,338,2005,,,2,1,"DISPLAY_NAME_UNRESOLVED",89,MEDIUM
305733,"","Vicente dos Santos",IDENTITY_FRAGMENT,Contracted,1429,57,328,"C Náutico Capibaribe",57,328,"C Náutico Capibaribe",False,414,2003,2005-01-31,Defined,30,2005,,,2,1,"DISPLAY_NAME_UNRESOLVED",89,MEDIUM
3300358,"","Wellington Paulo",IDENTITY_FRAGMENT,Contracted,5338,57,328,"C Náutico Capibaribe",57,328,"C Náutico Capibaribe",False,134,2004,2004-12-05,Defined,339,2004,,,2,1,"DISPLAY_NAME_UNRESOLVED",89,MEDIUM
8833528,"","Wendel Brasília",IDENTITY_FRAGMENT,Contracted,7381,57,328,"C Náutico Capibaribe",57,328,"C Náutico Capibaribe",False,30,2004,2005-01-31,Defined,30,2005,,,2,1,"DISPLAY_NAME_UNRESOLVED",89,MEDIUM
309668,"","Cássio José",IDENTITY_FRAGMENT,Contracted,2026,514,102924,"C Olimpia",514,102924,"C Olimpia",False,518,2004,2006-08-31,Defined,242,2006,,,1,1,"DISPLAY_NAME_UNRESOLVED",89,MEDIUM
4100277,"","Machado Nascimento",IDENTITY_FRAGMENT,Contracted,5986,514,102924,"C Olimpia",514,102924,"C Olimpia",False,4690,2004,2006-08-31,Defined,242,2006,,,2,1,"DISPLAY_NAME_UNRESOLVED",89,MEDIUM
315657,"","Amintas",IDENTITY_FRAGMENT,Contracted,2887,63,334,"C Remo",63,334,"C Remo",False,75,2001,2007-01-31,Defined,30,2007,,,1,1,"DISPLAY_NAME_UNRESOLVED",89,MEDIUM
315659,"","Ângelo Antônio",IDENTITY_FRAGMENT,Contracted,2889,63,334,"C Remo",63,334,"C Remo",False,160,2001,2006-01-31,Defined,30,2006,,,2,1,"DISPLAY_NAME_UNRESOLVED",89,MEDIUM
3301367,"","Augusto Carlos",IDENTITY_FRAGMENT,Contracted,5752,63,334,"C Remo",63,334,"C Remo",False,410,2004,2004-12-31,Defined,365,2004,,,2,1,"DISPLAY_NAME_UNRESOLVED",89,MEDIUM
3300805,"","Augusto Jucélio",IDENTITY_FRAGMENT,Contracted,5484,63,334,"C Remo",63,334,"C Remo",False,101,2001,2006-02-20,Defined,50,2006,,,1,1,"DISPLAY_NAME_UNRESOLVED",89,MEDIUM
315670,"","Batista Rodrigues",IDENTITY_FRAGMENT,Contracted,2895,63,334,"C Remo",63,334,"C Remo",False,240,2002,2006-01-31,Defined,30,2006,,,2,1,"DISPLAY_NAME_UNRESOLVED",89,MEDIUM
312054,"","Buzetto",IDENTITY_FRAGMENT,OnLoan,2498,864,301338,"Paulista FC",63,334,"C Remo",True,115,2001,2006-01-31,Defined,30,2006,115,2004-12-31,2,2,"DISPLAY_NAME_UNRESOLVED",97,HIGH
320232,"","Campelo da Silva",IDENTITY_FRAGMENT,Contracted,4232,63,334,"C Remo",63,334,"C Remo",False,492,2001,2006-01-31,Defined,30,2006,,,2,1,"DISPLAY_NAME_UNRESOLVED",89,MEDIUM
315845,"","Cardoso Alves",IDENTITY_FRAGMENT,Contracted,2947,63,334,"C Remo",63,334,"C Remo",False,293,2001,2006-01-31,Defined,30,2006,,,2,1,"DISPLAY_NAME_UNRESOLVED",89,MEDIUM
3300799,"","Chicão",IDENTITY_FRAGMENT,Contracted,5482,63,334,"C Remo",63,334,"C Remo",False,481,2001,2006-05-30,Defined,149,2006,,,2,1,"DISPLAY_NAME_UNRESOLVED",89,MEDIUM
315858,"","da Silva Vilhena",IDENTITY_FRAGMENT,Contracted,2958,63,334,"C Remo",63,334,"C Remo",False,75,2001,2006-01-31,Defined,30,2006,,,2,1,"DISPLAY_NAME_UNRESOLVED",89,MEDIUM
315849,"","de Souza Cavalcante",IDENTITY_FRAGMENT,Contracted,2950,63,334,"C Remo",63,334,"C Remo",False,75,2001,2006-01-31,Defined,30,2006,,,2,1,"DISPLAY_NAME_UNRESOLVED",89,MEDIUM
3301121,"","Divanilson",IDENTITY_FRAGMENT,Contracted,5618,63,334,"C Remo",63,334,"C Remo",False,457,2004,2005-01-31,Defined,30,2005,,,2,1,"DISPLAY_NAME_UNRESOLVED",89,MEDIUM
306494,"","Djalma Santos",IDENTITY_FRAGMENT,Contracted,1636,63,334,"C Remo",63,334,"C Remo",False,141,2004,2005-12-31,Defined,364,2005,,,2,1,"DISPLAY_NAME_UNRESOLVED",89,MEDIUM
315653,"","do Espírito Santo",IDENTITY_FRAGMENT,Contracted,2883,63,334,"C Remo",63,334,"C Remo",False,150,2001,2009-01-31,Defined,30,2009,,,1,1,"DISPLAY_NAME_UNRESOLVED",89,MEDIUM
4303,"","Duarte Oliveira",IDENTITY_FRAGMENT,Contracted,132,63,334,"C Remo",63,334,"C Remo",False,836,2004,2004-12-31,Defined,365,2004,,,2,1,"DISPLAY_NAME_UNRESOLVED",89,MEDIUM
315844,"","Edinaldo",IDENTITY_FRAGMENT,Contracted,2946,63,334,"C Remo",63,334,"C Remo",False,75,2001,2006-01-31,Defined,30,2006,,,2,1,"DISPLAY_NAME_UNRESOLVED",89,MEDIUM
315847,"","Élton Carlos",IDENTITY_FRAGMENT,Contracted,2948,63,334,"C Remo",63,334,"C Remo",False,75,2001,2006-03-30,Defined,88,2006,,,2,1,"DISPLAY_NAME_UNRESOLVED",89,MEDIUM
315848,"","Ewerton Armando",IDENTITY_FRAGMENT,Contracted,2949,63,334,"C Remo",63,334,"C Remo",False,75,2001,2006-01-31,Defined,30,2006,,,2,1,"DISPLAY_NAME_UNRESOLVED",89,MEDIUM
305143,"","Fernando César",IDENTITY_FRAGMENT,Contracted,1330,63,334,"C Remo",63,334,"C Remo",False,398,2004,2004-12-31,Defined,365,2004,,,2,1,"DISPLAY_NAME_UNRESOLVED",89,MEDIUM
311710,"","Francisco Inácio",IDENTITY_FRAGMENT,Contracted,2420,63,334,"C Remo",63,334,"C Remo",False,203,2002,2005-01-31,Defined,30,2005,,,2,1,"DISPLAY_NAME_UNRESOLVED",89,MEDIUM
2018603,"","Gian Carlos",IDENTITY_FRAGMENT,Contracted,5140,63,334,"C Remo",63,334,"C Remo",False,788,2004,2004-12-31,Defined,365,2004,,,2,1,"DISPLAY_NAME_UNRESOLVED",89,MEDIUM
3301116,"","Gilberto Carlos",IDENTITY_FRAGMENT,Contracted,5614,63,334,"C Remo",63,334,"C Remo",False,491,2003,2004-12-31,Defined,365,2004,,,2,1,"DISPLAY_NAME_UNRESOLVED",89,MEDIUM
3300864,"","Givanildo José",IDENTITY_FRAGMENT,Contracted,5510,63,334,"C Remo",63,334,"C Remo",False,687,2001,2007-01-31,Defined,30,2007,,,1,1,"DISPLAY_NAME_UNRESOLVED",89,MEDIUM
311715,"","Hélio",IDENTITY_FRAGMENT,Contracted,2422,63,334,"C Remo",63,334,"C Remo",False,745,2002,2006-01-31,Defined,30,2006,,,2,1,"DISPLAY_NAME_UNRESOLVED",89,MEDIUM
306485,"","Ivair",IDENTITY_FRAGMENT,Contracted,1631,63,334,"C Remo",63,334,"C Remo",False,135,2001,2005-01-31,Defined,30,2005,,,2,1,"DISPLAY_NAME_UNRESOLVED",89,MEDIUM
316338,"","Leal dos Santos Júnior",IDENTITY_FRAGMENT,Contracted,3212,63,334,"C Remo",63,334,"C Remo",False,524,2003,2005-01-31,Defined,30,2005,,,2,1,"DISPLAY_NAME_UNRESOLVED",89,MEDIUM
3300820,"","Márcio Castanhal",IDENTITY_FRAGMENT,Contracted,5490,63,334,"C Remo",63,334,"C Remo",False,505,2001,2006-01-31,Defined,30,2006,,,2,1,"DISPLAY_NAME_UNRESOLVED",89,MEDIUM
315656,"","Mário Fernando",IDENTITY_FRAGMENT,Contracted,2886,63,334,"C Remo",63,334,"C Remo",False,100,2001,2007-01-31,Defined,30,2007,,,1,1,"DISPLAY_NAME_UNRESOLVED",89,MEDIUM
315672,"","Marques Macedo",IDENTITY_FRAGMENT,OnLoan,2897,49,320,"Criciúma EC",63,334,"C Remo",True,554,2002,2004-12-31,Defined,365,2004,554,2004-12-31,2,2,"DISPLAY_NAME_UNRESOLVED",97,HIGH
2001652,"","Misomar",IDENTITY_FRAGMENT,Contracted,5015,63,334,"C Remo",63,334,"C Remo",False,619,2004,2004-12-31,Defined,365,2004,,,2,1,"DISPLAY_NAME_UNRESOLVED",89,MEDIUM
315853,"","Ney Leonardo",IDENTITY_FRAGMENT,Contracted,2953,63,334,"C Remo",63,334,"C Remo",False,152,2001,2006-03-30,Defined,88,2006,,,2,1,"DISPLAY_NAME_UNRESOLVED",89,MEDIUM
315854,"","Nilcivan",IDENTITY_FRAGMENT,Contracted,2954,63,334,"C Remo",63,334,"C Remo",False,75,2001,2006-01-31,Defined,30,2006,,,2,1,"DISPLAY_NAME_UNRESOLVED",89,MEDIUM
315855,"","Paulo Carvalho",IDENTITY_FRAGMENT,Contracted,2955,63,334,"C Remo",63,334,"C Remo",False,75,2001,2006-01-31,Defined,30,2006,,,2,1,"DISPLAY_NAME_UNRESOLVED",89,MEDIUM
320233,"","Pinheiro da Silva",IDENTITY_FRAGMENT,Contracted,4233,63,334,"C Remo",63,334,"C Remo",False,276,2003,2007-12-31,Defined,364,2007,,,2,1,"DISPLAY_NAME_UNRESOLVED",89,MEDIUM
315857,"","Ramos da Silva Hora",IDENTITY_FRAGMENT,Contracted,2957,63,334,"C Remo",63,334,"C Remo",False,197,2001,2006-01-31,Defined,30,2006,,,2,1,"DISPLAY_NAME_UNRESOLVED",89,MEDIUM
315662,"","Ribeiro da Silva",IDENTITY_FRAGMENT,Contracted,2891,63,334,"C Remo",63,334,"C Remo",False,315,2002,2006-01-31,Defined,30,2006,,,2,1,"DISPLAY_NAME_UNRESOLVED",89,MEDIUM
310824,"","Sandro Macapá",IDENTITY_FRAGMENT,OnLoan,2124,538,104988,"Ypiranga (AP)",63,334,"C Remo",True,277,2002,2006-01-31,Defined,30,2006,277,2004-12-31,2,2,"DISPLAY_NAME_UNRESOLVED",97,HIGH
2001407,"","Sérgio Henrique",IDENTITY_FRAGMENT,Contracted,4990,63,334,"C Remo",63,334,"C Remo",False,390,2003,2004-12-31,Defined,365,2004,,,1,1,"DISPLAY_NAME_UNRESOLVED",89,MEDIUM
315666,"","Souto",IDENTITY_FRAGMENT,Contracted,2894,63,334,"C Remo",63,334,"C Remo",False,218,2001,2006-01-31,Defined,30,2006,,,2,1,"DISPLAY_NAME_UNRESOLVED",89,MEDIUM
3300729,"","Souza Mascarenhas",IDENTITY_FRAGMENT,Contracted,5460,63,334,"C Remo",63,334,"C Remo",False,159,2001,2006-01-31,Defined,30,2006,,,2,1,"DISPLAY_NAME_UNRESOLVED",89,MEDIUM
315843,"","Souza Portela Rosa",IDENTITY_FRAGMENT,Contracted,2945,63,334,"C Remo",63,334,"C Remo",False,75,2001,2006-01-31,Defined,30,2006,,,2,1,"DISPLAY_NAME_UNRESOLVED",89,MEDIUM
8833529,"","Thiago Alberto",IDENTITY_FRAGMENT,Contracted,7382,63,334,"C Remo",63,334,"C Remo",False,314,2004,2005-01-31,Defined,30,2005,,,2,1,"DISPLAY_NAME_UNRESOLVED",89,MEDIUM
315859,"","Tony Wallace",IDENTITY_FRAGMENT,Contracted,2959,63,334,"C Remo",63,334,"C Remo",False,75,2001,2006-01-31,Defined,30,2006,,,2,1,"DISPLAY_NAME_UNRESOLVED",89,MEDIUM
8825012,"","Valdemir Nonato",IDENTITY_FRAGMENT,OnLoan,6715,582,107234,"Tuna Luso Brasileira",63,334,"C Remo",True,530,2003,2005-09-15,Defined,257,2005,530,2004-11-02,2,2,"DISPLAY_NAME_UNRESOLVED",97,HIGH
2001454,"","Valdino",IDENTITY_FRAGMENT,Contracted,4996,63,334,"C Remo",63,334,"C Remo",False,196,2002,2005-01-31,Defined,30,2005,,,2,1,"DISPLAY_NAME_UNRESOLVED",89,MEDIUM
315676,"","Walderi",IDENTITY_FRAGMENT,Contracted,2898,63,334,"C Remo",63,334,"C Remo",False,311,2001,2006-01-31,Defined,30,2006,,,2,1,"DISPLAY_NAME_UNRESOLVED",89,MEDIUM
315860,"","Wanderson",IDENTITY_FRAGMENT,Contracted,2960,63,334,"C Remo",63,334,"C Remo",False,75,2001,2006-01-31,Defined,30,2006,,,2,1,"DISPLAY_NAME_UNRESOLVED",89,MEDIUM
315658,"","Wanzeler",IDENTITY_FRAGMENT,Contracted,2888,63,334,"C Remo",63,334,"C Remo",False,75,2001,2007-01-31,Defined,30,2007,,,2,1,"DISPLAY_NAME_UNRESOLVED",89,MEDIUM
3300125,"","Belli",IDENTITY_FRAGMENT,Contracted,5234,370,1680,"C.D. Tenerife S.A.D.",370,1680,"C.D. Tenerife S.A.D.",False,8986,2001,2006-07-31,Defined,211,2006,,,2,1,"DISPLAY_NAME_UNRESOLVED",89,MEDIUM
736495,"","Dias dos Santos Júnior",IDENTITY_FRAGMENT,Contracted,4716,319,1474,"C.F. Os Belenenses",319,1474,"C.F. Os Belenenses",False,2200,2004,2006-06-30,Defined,180,2006,,,2,1,"DISPLAY_NAME_UNRESOLVED",89,MEDIUM
735121,"","Fabrício Carlos",IDENTITY_FRAGMENT,Contracted,4707,319,1474,"C.F. Os Belenenses",319,1474,"C.F. Os Belenenses",False,1100,2004,2006-06-30,Defined,180,2006,,,2,1,"DISPLAY_NAME_UNRESOLVED",89,MEDIUM
3301079,"","Clésio Henrique",IDENTITY_FRAGMENT,Contracted,5594,742,301105,"CA Aliança",742,301105,"CA Aliança",False,278,2001,2006-01-31,Defined,30,2006,,,2,1,"DISPLAY_NAME_UNRESOLVED",89,MEDIUM
310818,"","da Conceição Barroso",IDENTITY_FRAGMENT,Contracted,2121,742,301105,"CA Aliança",742,301105,"CA Aliança",False,75,2001,2006-01-31,Defined,30,2006,,,2,1,"DISPLAY_NAME_UNRESOLVED",89,MEDIUM
3801683,"","Eliel",IDENTITY_FRAGMENT,Contracted,5929,742,301105,"CA Aliança",742,301105,"CA Aliança",False,96,2001,2006-01-31,Defined,30,2006,,,2,1,"DISPLAY_NAME_UNRESOLVED",89,MEDIUM
310817,"","Enéias",IDENTITY_FRAGMENT,Contracted,2120,742,301105,"CA Aliança",742,301105,"CA Aliança",False,270,2001,2009-01-31,Defined,30,2009,,,2,1,"DISPLAY_NAME_UNRESOLVED",89,MEDIUM
310821,"","Inanilson",IDENTITY_FRAGMENT,Contracted,2122,742,301105,"CA Aliança",742,301105,"CA Aliança",False,75,2001,2006-01-31,Defined,30,2006,,,1,1,"DISPLAY_NAME_UNRESOLVED",89,MEDIUM
1201525,"","Jalles da Rocha",IDENTITY_FRAGMENT,Contracted,4953,742,301105,"CA Aliança",742,301105,"CA Aliança",False,217,2001,2006-01-31,Defined,30,2006,,,2,1,"DISPLAY_NAME_UNRESOLVED",89,MEDIUM
4102456,"","Josinei",IDENTITY_FRAGMENT,Contracted,6005,742,301105,"CA Aliança",742,301105,"CA Aliança",False,75,2001,2006-01-31,Defined,30,2006,,,2,1,"DISPLAY_NAME_UNRESOLVED",89,MEDIUM
307010,"","Serginho Chulapa",IDENTITY_FRAGMENT,Contracted,1767,846,301300,"CA Alto Vale",846,301300,"CA Alto Vale",False,250,2001,2009-01-31,Defined,30,2009,,,1,1,"DISPLAY_NAME_UNRESOLVED",89,MEDIUM
3300999,"","Alberto Carlos",IDENTITY_FRAGMENT,Contracted,5567,47,317,"CA Bragantino",47,317,"CA Bragantino",False,236,2001,2005-01-31,Defined,30,2005,,,2,1,"DISPLAY_NAME_UNRESOLVED",89,MEDIUM
310999,"","Cerqueira Azevedo",IDENTITY_FRAGMENT,Contracted,2205,47,317,"CA Bragantino",47,317,"CA Bragantino",False,146,2001,2006-01-31,Defined,30,2006,,,2,1,"DISPLAY_NAME_UNRESOLVED",89,MEDIUM
312456,"","Conceição Santos",IDENTITY_FRAGMENT,Contracted,2554,47,317,"CA Bragantino",47,317,"CA Bragantino",False,230,2001,2006-01-31,Defined,30,2006,,,2,1,"DISPLAY_NAME_UNRESOLVED",89,MEDIUM
310997,"","Cruz de Coimbra",IDENTITY_FRAGMENT,Contracted,2203,47,317,"CA Bragantino",47,317,"CA Bragantino",False,276,2001,2006-01-31,Defined,30,2006,,,2,1,"DISPLAY_NAME_UNRESOLVED",89,MEDIUM
304618,"","de Oliveira França",IDENTITY_FRAGMENT,Contracted,1226,47,317,"CA Bragantino",47,317,"CA Bragantino",False,137,2001,2006-01-31,Defined,30,2006,,,2,1,"DISPLAY_NAME_UNRESOLVED",89,MEDIUM
3300848,"","dos Santos Ferreira",IDENTITY_FRAGMENT,Contracted,5498,47,317,"CA Bragantino",47,317,"CA Bragantino",False,231,2001,2005-01-31,Defined,30,2005,,,2,1,"DISPLAY_NAME_UNRESOLVED",89,MEDIUM
3301350,"","Fernando Aparecido",IDENTITY_FRAGMENT,Contracted,5745,47,317,"CA Bragantino",47,317,"CA Bragantino",False,105,2001,2006-01-31,Defined,30,2006,,,1,1,"DISPLAY_NAME_UNRESOLVED",89,MEDIUM
315177,"","Geovani",IDENTITY_FRAGMENT,Contracted,2661,47,317,"CA Bragantino",47,317,"CA Bragantino",False,365,2003,2006-01-31,Defined,30,2006,,,2,1,"DISPLAY_NAME_UNRESOLVED",89,MEDIUM
3301358,"","Kléber Antônio",IDENTITY_FRAGMENT,Contracted,5751,47,317,"CA Bragantino",47,317,"CA Bragantino",False,107,2001,2006-01-31,Defined,30,2006,,,2,1,"DISPLAY_NAME_UNRESOLVED",89,MEDIUM
3301345,"","Lourenço da Silva",IDENTITY_FRAGMENT,Contracted,5741,47,317,"CA Bragantino",47,317,"CA Bragantino",False,189,2001,2006-01-31,Defined,30,2006,,,2,1,"DISPLAY_NAME_UNRESOLVED",89,MEDIUM
303997,"","Luís Wanderley",IDENTITY_FRAGMENT,Contracted,1019,47,317,"CA Bragantino",47,317,"CA Bragantino",False,232,2001,2006-01-31,Defined,30,2006,,,1,1,"DISPLAY_NAME_UNRESOLVED",89,MEDIUM
317274,"","Mateus Antônio",IDENTITY_FRAGMENT,OnLoan,3674,64,335,"Santos FC",47,317,"CA Bragantino",True,75,2001,2006-01-31,Defined,30,2006,75,2004-12-31,2,2,"DISPLAY_NAME_UNRESOLVED",97,HIGH
3300728,"","Nogueira dos Santos Júnior",IDENTITY_FRAGMENT,Contracted,5459,47,317,"CA Bragantino",47,317,"CA Bragantino",False,117,2001,2006-01-31,Defined,30,2006,,,2,1,"DISPLAY_NAME_UNRESOLVED",89,MEDIUM
3300759,"","Paulo Augusto",IDENTITY_FRAGMENT,Contracted,5470,47,317,"CA Bragantino",47,317,"CA Bragantino",False,209,2001,2006-01-31,Defined,30,2006,,,2,1,"DISPLAY_NAME_UNRESOLVED",89,MEDIUM
3301347,"","Peribé",IDENTITY_FRAGMENT,Contracted,5743,47,317,"CA Bragantino",47,317,"CA Bragantino",False,538,2001,2006-01-31,Defined,30,2006,,,2,1,"DISPLAY_NAME_UNRESOLVED",89,MEDIUM
3301357,"","Rodrigo Donizete",IDENTITY_FRAGMENT,Contracted,5750,47,317,"CA Bragantino",47,317,"CA Bragantino",False,424,2001,2006-01-31,Defined,30,2006,,,2,1,"DISPLAY_NAME_UNRESOLVED",89,MEDIUM
316581,"","Sílvio Roberto",IDENTITY_FRAGMENT,OnLoan,3357,64,335,"Santos FC",47,317,"CA Bragantino",True,325,2001,2006-01-31,Defined,30,2006,325,2004-12-31,2,2,"DISPLAY_NAME_UNRESOLVED",97,HIGH
3300751,"","Torquato da Silva Júnior",IDENTITY_FRAGMENT,Contracted,5466,47,317,"CA Bragantino",47,317,"CA Bragantino",False,563,2001,2006-01-31,Defined,30,2006,,,2,1,"DISPLAY_NAME_UNRESOLVED",89,MEDIUM
309174,"","Cardoso dos Santos",IDENTITY_FRAGMENT,Contracted,1998,658,130802,"CA Bucaramanga",658,130802,"CA Bucaramanga",False,488,2001,2005-01-31,Defined,30,2005,,,2,1,"DISPLAY_NAME_UNRESOLVED",89,MEDIUM
315229,"","Willian César",IDENTITY_FRAGMENT,Contracted,2699,1418,317346,"CA Lages",1418,317346,"CA Lages",False,258,2003,2006-01-31,Defined,30,2006,,,2,1,"DISPLAY_NAME_UNRESOLVED",89,MEDIUM
315802,"","Azevedo Ferreira",IDENTITY_FRAGMENT,Contracted,2909,1096,311957,"Cachoeiro FC",1096,311957,"Cachoeiro FC",False,100,2001,2009-01-31,Defined,30,2009,,,1,1,"DISPLAY_NAME_UNRESOLVED",89,MEDIUM
8826383,"","Braga Leal de Andrade",IDENTITY_FRAGMENT,FormationContract,6840,1096,311957,"Cachoeiro FC",1096,311957,"Cachoeiro FC",False,30,2001,,NotDefined,1,1900,,,2,1,"SENTINEL_END_DATE|DISPLAY_NAME_UNRESOLVED",89,MEDIUM
315791,"","Chagas",IDENTITY_FRAGMENT,Contracted,2904,1096,311957,"Cachoeiro FC",1096,311957,"Cachoeiro FC",False,172,2001,2005-01-31,Defined,30,2005,,,2,1,"DISPLAY_NAME_UNRESOLVED",89,MEDIUM
8826391,"","Chamão de Medeiros",IDENTITY_FRAGMENT,FormationContract,6843,1096,311957,"Cachoeiro FC",1096,311957,"Cachoeiro FC",False,30,2001,,NotDefined,1,1900,,,2,1,"SENTINEL_END_DATE|DISPLAY_NAME_UNRESOLVED",89,MEDIUM
8826395,"","Coritiba Fraga",IDENTITY_FRAGMENT,Contracted,6846,1096,311957,"Cachoeiro FC",1096,311957,"Cachoeiro FC",False,37,2001,2005-01-31,Defined,30,2005,,,2,1,"DISPLAY_NAME_UNRESOLVED",89,MEDIUM
8826365,"","Costa Soares",IDENTITY_FRAGMENT,Contracted,6827,1096,311957,"Cachoeiro FC",1096,311957,"Cachoeiro FC",False,361,2001,2006-01-31,Defined,30,2006,,,2,1,"DISPLAY_NAME_UNRESOLVED",89,MEDIUM
8826368,"","da Conceição Oliveira",IDENTITY_FRAGMENT,Contracted,6829,1096,311957,"Cachoeiro FC",1096,311957,"Cachoeiro FC",False,75,2001,2006-01-31,Defined,30,2006,,,2,1,"DISPLAY_NAME_UNRESOLVED",89,MEDIUM
8826369,"","Dasanyhev",IDENTITY_FRAGMENT,Contracted,6830,1096,311957,"Cachoeiro FC",1096,311957,"Cachoeiro FC",False,75,2001,2005-01-31,Defined,30,2005,,,2,1,"DISPLAY_NAME_UNRESOLVED",89,MEDIUM
315803,"","Denizart",IDENTITY_FRAGMENT,Contracted,2910,1096,311957,"Cachoeiro FC",1096,311957,"Cachoeiro FC",False,100,2001,2008-01-31,Defined,30,2008,,,1,1,"DISPLAY_NAME_UNRESOLVED",89,MEDIUM
8826371,"","Egnos",IDENTITY_FRAGMENT,Contracted,6832,1096,311957,"Cachoeiro FC",1096,311957,"Cachoeiro FC",False,75,2001,2006-01-31,Defined,30,2006,,,2,1,"DISPLAY_NAME_UNRESOLVED",89,MEDIUM
8826379,"","Ferreira Pires",IDENTITY_FRAGMENT,Contracted,6837,1096,311957,"Cachoeiro FC",1096,311957,"Cachoeiro FC",False,30,2001,2005-01-31,Defined,30,2005,,,2,1,"DISPLAY_NAME_UNRESOLVED",89,MEDIUM
315801,"","Gastão",IDENTITY_FRAGMENT,Contracted,2908,1096,311957,"Cachoeiro FC",1096,311957,"Cachoeiro FC",False,75,2001,2007-01-31,Defined,30,2007,,,1,1,"DISPLAY_NAME_UNRESOLVED",89,MEDIUM
8826370,"","Gomes dos Reis",IDENTITY_FRAGMENT,Contracted,6831,1096,311957,"Cachoeiro FC",1096,311957,"Cachoeiro FC",False,75,2001,2006-01-31,Defined,30,2006,,,2,1,"DISPLAY_NAME_UNRESOLVED",89,MEDIUM
8826381,"","Goulart Oliveira",IDENTITY_FRAGMENT,Contracted,6839,1096,311957,"Cachoeiro FC",1096,311957,"Cachoeiro FC",False,30,2001,2005-01-31,Defined,30,2005,,,2,1,"DISPLAY_NAME_UNRESOLVED",89,MEDIUM
8826378,"","Idival",IDENTITY_FRAGMENT,Contracted,6836,1096,311957,"Cachoeiro FC",1096,311957,"Cachoeiro FC",False,30,2001,2005-01-31,Defined,30,2005,,,2,1,"DISPLAY_NAME_UNRESOLVED",89,MEDIUM
8826394,"","Kliger",IDENTITY_FRAGMENT,Contracted,6845,1096,311957,"Cachoeiro FC",1096,311957,"Cachoeiro FC",False,30,2001,2005-01-31,Defined,30,2005,,,2,1,"DISPLAY_NAME_UNRESOLVED",89,MEDIUM
8826380,"","Lopes do Prado Neto",IDENTITY_FRAGMENT,Contracted,6838,1096,311957,"Cachoeiro FC",1096,311957,"Cachoeiro FC",False,30,2001,2005-01-31,Defined,30,2005,,,2,1,"DISPLAY_NAME_UNRESOLVED",89,MEDIUM
8826386,"","Marcabini Bianchi",IDENTITY_FRAGMENT,Contracted,6841,1096,311957,"Cachoeiro FC",1096,311957,"Cachoeiro FC",False,36,2001,2005-01-31,Defined,30,2005,,,2,1,"DISPLAY_NAME_UNRESOLVED",89,MEDIUM
8826388,"","Marcus Vinicius",IDENTITY_FRAGMENT,Contracted,6842,1096,311957,"Cachoeiro FC",1096,311957,"Cachoeiro FC",False,30,2001,2005-01-31,Defined,30,2005,,,2,1,"DISPLAY_NAME_UNRESOLVED",89,MEDIUM
8826363,"","Mariola",IDENTITY_FRAGMENT,Contracted,6825,1096,311957,"Cachoeiro FC",1096,311957,"Cachoeiro FC",False,35,2001,2005-01-31,Defined,30,2005,,,2,1,"DISPLAY_NAME_UNRESOLVED",89,MEDIUM
8826374,"","Moraes da Fraga",IDENTITY_FRAGMENT,Contracted,6833,1096,311957,"Cachoeiro FC",1096,311957,"Cachoeiro FC",False,75,2001,2006-01-31,Defined,30,2006,,,2,1,"DISPLAY_NAME_UNRESOLVED",89,MEDIUM
8826375,"","Nogueira Barbosa",IDENTITY_FRAGMENT,Contracted,6834,1096,311957,"Cachoeiro FC",1096,311957,"Cachoeiro FC",False,91,2001,2006-01-31,Defined,30,2006,,,2,1,"DISPLAY_NAME_UNRESOLVED",89,MEDIUM
8826324,"","Ozires",IDENTITY_FRAGMENT,Contracted,6823,1096,311957,"Cachoeiro FC",1096,311957,"Cachoeiro FC",False,250,2001,2009-01-31,Defined,30,2009,,,1,1,"DISPLAY_NAME_UNRESOLVED",89,MEDIUM
8826366,"","Rosa Madeira",IDENTITY_FRAGMENT,Contracted,6828,1096,311957,"Cachoeiro FC",1096,311957,"Cachoeiro FC",False,75,2001,2006-01-31,Defined,30,2006,,,2,1,"DISPLAY_NAME_UNRESOLVED",89,MEDIUM
8826377,"","Sad Volpato",IDENTITY_FRAGMENT,Contracted,6835,1096,311957,"Cachoeiro FC",1096,311957,"Cachoeiro FC",False,47,2001,2005-01-31,Defined,30,2005,,,2,1,"DISPLAY_NAME_UNRESOLVED",89,MEDIUM
3301179,"","Sandro Hélio",IDENTITY_FRAGMENT,Contracted,5645,1096,311957,"Cachoeiro FC",1096,311957,"Cachoeiro FC",False,132,2003,2006-01-31,Defined,30,2006,,,2,1,"DISPLAY_NAME_UNRESOLVED",89,MEDIUM
317685,"","Aroldo",IDENTITY_FRAGMENT,Contracted,3759,748,301115,"Camaçari FC",748,301115,"Camaçari FC",False,297,2001,2007-01-31,Defined,30,2007,,,2,1,"DISPLAY_NAME_UNRESOLVED",89,MEDIUM
302286,"","Chaves de Souza",IDENTITY_FRAGMENT,Contracted,789,748,301115,"Camaçari FC",748,301115,"Camaçari FC",False,334,2001,2006-01-31,Defined,30,2006,,,2,1,"DISPLAY_NAME_UNRESOLVED",89,MEDIUM
317684,"","Fafá",IDENTITY_FRAGMENT,Contracted,3758,748,301115,"Camaçari FC",748,301115,"Camaçari FC",False,186,2003,2005-01-31,Defined,30,2005,,,1,1,"DISPLAY_NAME_UNRESOLVED",89,MEDIUM
307104,"","Amarildo Felipe",IDENTITY_FRAGMENT,Contracted,1800,798,301210,"Campinense C",798,301210,"Campinense C",False,75,2001,2006-01-31,Defined,30,2006,,,2,1,"DISPLAY_NAME_UNRESOLVED",89,MEDIUM
307103,"","Barros de Lima Júnior",IDENTITY_FRAGMENT,Contracted,1799,798,301210,"Campinense C",798,301210,"Campinense C",False,75,2001,2006-01-31,Defined,30,2006,,,2,1,"DISPLAY_NAME_UNRESOLVED",89,MEDIUM
307105,"","Betinho",IDENTITY_FRAGMENT,Contracted,1801,798,301210,"Campinense C",798,301210,"Campinense C",False,78,2001,2006-01-31,Defined,30,2006,,,2,1,"DISPLAY_NAME_UNRESOLVED",89,MEDIUM
307108,"","Cleyton",IDENTITY_FRAGMENT,Contracted,1803,798,301210,"Campinense C",798,301210,"Campinense C",False,75,2001,2006-01-31,Defined,30,2006,,,2,1,"DISPLAY_NAME_UNRESOLVED",89,MEDIUM
8833778,"","Dannyu Francisco",IDENTITY_FRAGMENT,OnLoan,7613,67,338,"Sport C Recife",798,301210,"Campinense C",True,183,2001,2006-01-31,Defined,30,2006,183,2004-12-31,2,2,"DISPLAY_NAME_UNRESOLVED",97,HIGH
307111,"","Davi João",IDENTITY_FRAGMENT,Contracted,1806,798,301210,"Campinense C",798,301210,"Campinense C",False,75,2001,2006-01-31,Defined,30,2006,,,2,1,"DISPLAY_NAME_UNRESOLVED",89,MEDIUM
307106,"","Dourado",IDENTITY_FRAGMENT,Contracted,1802,798,301210,"Campinense C",798,301210,"Campinense C",False,205,2001,2006-01-31,Defined,30,2006,,,2,1,"DISPLAY_NAME_UNRESOLVED",89,MEDIUM
307099,"","Leonardo João",IDENTITY_FRAGMENT,Contracted,1796,798,301210,"Campinense C",798,301210,"Campinense C",False,191,2001,2006-01-31,Defined,30,2006,,,2,1,"DISPLAY_NAME_UNRESOLVED",89,MEDIUM
317411,"","Maurício Simões",IDENTITY_FRAGMENT,Contracted,3718,798,301210,"Campinense C",798,301210,"Campinense C",False,360,2001,2009-01-31,Defined,30,2009,,,2,1,"DISPLAY_NAME_UNRESOLVED",89,MEDIUM
307109,"","Moraes Júnior",IDENTITY_FRAGMENT,Contracted,1804,798,301210,"Campinense C",798,301210,"Campinense C",False,75,2001,2006-01-31,Defined,30,2006,,,2,1,"DISPLAY_NAME_UNRESOLVED",89,MEDIUM
307101,"","Nau",IDENTITY_FRAGMENT,Contracted,1798,798,301210,"Campinense C",798,301210,"Campinense C",False,97,2001,2005-01-31,Defined,30,2005,,,2,1,"DISPLAY_NAME_UNRESOLVED",89,MEDIUM
307112,"","Sandro Cearense",IDENTITY_FRAGMENT,Contracted,1807,798,301210,"Campinense C",798,301210,"Campinense C",False,221,2001,2006-01-31,Defined,30,2006,,,1,1,"DISPLAY_NAME_UNRESOLVED",89,MEDIUM
302227,"","Avelino",IDENTITY_FRAGMENT,Contracted,786,819,301249,"Campo Grande AC",819,301249,"Campo Grande AC",False,250,2001,2007-01-31,Defined,30,2007,,,1,1,"DISPLAY_NAME_UNRESOLVED",89,MEDIUM
317440,"","Jesús dos Anjos",IDENTITY_FRAGMENT,Contracted,3723,896,303010,"Capela EC",896,303010,"Capela EC",False,262,2001,2006-01-31,Defined,30,2006,,,1,1,"DISPLAY_NAME_UNRESOLVED",89,MEDIUM
8829310,"","Laílson",IDENTITY_FRAGMENT,OnLoan,6936,60,331,"Paysandu SC",937,308940,"Carajás EC",True,306,2002,2007-08-14,Defined,225,2007,306,2004-12-31,2,2,"DISPLAY_NAME_UNRESOLVED",97,HIGH
306493,"","Aparecido do Nascimento",IDENTITY_FRAGMENT,Contracted,1635,796,301206,"Castanhal EC",796,301206,"Castanhal EC",False,345,2001,2006-01-31,Defined,30,2006,,,2,1,"DISPLAY_NAME_UNRESOLVED",89,MEDIUM
306498,"","Doriney",IDENTITY_FRAGMENT,Contracted,1637,796,301206,"Castanhal EC",796,301206,"Castanhal EC",False,75,2001,2006-01-31,Defined,30,2006,,,2,1,"DISPLAY_NAME_UNRESOLVED",89,MEDIUM
306488,"","Joseval",IDENTITY_FRAGMENT,Contracted,1632,796,301206,"Castanhal EC",796,301206,"Castanhal EC",False,85,2001,2006-01-31,Defined,30,2006,,,2,1,"DISPLAY_NAME_UNRESOLVED",89,MEDIUM
308975,"","Juraci",IDENTITY_FRAGMENT,Contracted,1973,796,301206,"Castanhal EC",796,301206,"Castanhal EC",False,239,2003,2005-01-31,Defined,30,2005,,,2,1,"DISPLAY_NAME_UNRESOLVED",89,MEDIUM
3300857,"","Agenor",IDENTITY_FRAGMENT,Contracted,5505,1073,311082,"Cataratas AC",1073,311082,"Cataratas AC",False,250,2001,2007-01-31,Defined,30,2007,,,1,1,"DISPLAY_NAME_UNRESOLVED",89,MEDIUM
309438,"","Márcio Cruz",IDENTITY_FRAGMENT,OnLoan,2001,91,426,"CD Los Millonarios",43,312,"CCD Tuluá",True,835,2001,2006-01-31,Defined,30,2006,835,2004-12-31,2,2,"DISPLAY_NAME_UNRESOLVED",97,HIGH
308073,"","Emerson Pereira",IDENTITY_FRAGMENT,Contracted,1863,610,120064,"CD Unión Española",610,120064,"CD Unión Española",False,1394,2004,2005-01-31,Defined,30,2005,,,2,1,"DISPLAY_NAME_UNRESOLVED",89,MEDIUM
8825482,"","Guimarães Lima dos Santos",IDENTITY_FRAGMENT,Contracted,6762,1077,311103,"CE Arraial do Cabo",1077,311103,"CE Arraial do Cabo",False,360,2001,2005-01-31,Defined,30,2005,,,2,1,"DISPLAY_NAME_UNRESOLVED",89,MEDIUM
317431,"","Adriano Marques",IDENTITY_FRAGMENT,Contracted,3722,1095,311955,"CE Nova Esperança",1095,311955,"CE Nova Esperança",False,75,2001,2006-01-31,Defined,30,2006,,,2,1,"DISPLAY_NAME_UNRESOLVED",89,MEDIUM
317541,"","Enaldo Patrício",IDENTITY_FRAGMENT,Contracted,3741,1095,311955,"CE Nova Esperança",1095,311955,"CE Nova Esperança",False,291,2001,2005-01-31,Defined,30,2005,,,1,1,"DISPLAY_NAME_UNRESOLVED",89,MEDIUM
8827289,"","Fábio Passos",IDENTITY_FRAGMENT,Contracted,6875,1095,311955,"CE Nova Esperança",1095,311955,"CE Nova Esperança",False,345,2001,2006-01-31,Defined,30,2006,,,2,1,"DISPLAY_NAME_UNRESOLVED",89,MEDIUM
317416,"","Renê",IDENTITY_FRAGMENT,Contracted,3719,1095,311955,"CE Nova Esperança",1095,311955,"CE Nova Esperança",False,71,2001,2005-01-31,Defined,30,2005,,,2,1,"DISPLAY_NAME_UNRESOLVED",89,MEDIUM
681153,"","Taniélton",IDENTITY_FRAGMENT,Contracted,4632,1095,311955,"CE Nova Esperança",1095,311955,"CE Nova Esperança",False,295,2002,2006-01-31,Defined,30,2006,,,2,1,"DISPLAY_NAME_UNRESOLVED",89,MEDIUM
306226,"","Damir",IDENTITY_FRAGMENT,Contracted,1525,1267,313902,"CE Operário VG",1267,313902,"CE Operário VG",False,75,2001,2006-01-31,Defined,30,2006,,,1,1,"DISPLAY_NAME_UNRESOLVED",89,MEDIUM
307340,"","Alexandre Donizete",IDENTITY_FRAGMENT,Contracted,1839,522,104749,"Ceará SC",522,104749,"Ceará SC",False,338,2004,2004-12-15,Defined,349,2004,,,2,1,"DISPLAY_NAME_UNRESOLVED",89,MEDIUM
315223,"","Antônio Januário",IDENTITY_FRAGMENT,Contracted,2693,522,104749,"Ceará SC",522,104749,"Ceará SC",False,146,2003,2005-01-31,Defined,30,2005,,,2,1,"DISPLAY_NAME_UNRESOLVED",89,MEDIUM
304230,"","Barros Tavares",IDENTITY_FRAGMENT,Contracted,1072,522,104749,"Ceará SC",522,104749,"Ceará SC",False,100,2001,2007-01-31,Defined,30,2007,,,1,1,"DISPLAY_NAME_UNRESOLVED",89,MEDIUM
304227,"","Campos Barros",IDENTITY_FRAGMENT,Contracted,1069,522,104749,"Ceará SC",522,104749,"Ceará SC",False,75,2001,2009-01-31,Defined,30,2009,,,1,1,"DISPLAY_NAME_UNRESOLVED",89,MEDIUM
3300441,"","Carlos César",IDENTITY_FRAGMENT,Contracted,5365,522,104749,"Ceará SC",522,104749,"Ceará SC",False,171,2004,2006-01-31,Defined,30,2006,,,2,1,"DISPLAY_NAME_UNRESOLVED",89,MEDIUM
8833532,"","Chagas Cavalcante",IDENTITY_FRAGMENT,Contracted,7385,522,104749,"Ceará SC",522,104749,"Ceará SC",False,372,2003,2005-12-19,Defined,352,2005,,,2,1,"DISPLAY_NAME_UNRESOLVED",89,MEDIUM
6900004,"","Claudinho Baiano",IDENTITY_FRAGMENT,Contracted,6409,522,104749,"Ceará SC",522,104749,"Ceará SC",False,211,2003,2006-01-31,Defined,30,2006,,,2,1,"DISPLAY_NAME_UNRESOLVED",89,MEDIUM
6900058,"","Cléber Eduardo",IDENTITY_FRAGMENT,Contracted,6440,522,104749,"Ceará SC",522,104749,"Ceará SC",False,837,2004,2006-01-31,Defined,30,2006,,,2,1,"DISPLAY_NAME_UNRESOLVED",89,MEDIUM
6900164,"","Conceição Costa",IDENTITY_FRAGMENT,Contracted,6511,522,104749,"Ceará SC",522,104749,"Ceará SC",False,315,2004,2004-12-31,Defined,365,2004,,,2,1,"DISPLAY_NAME_UNRESOLVED",89,MEDIUM
319682,"","Costa de Lima",IDENTITY_FRAGMENT,Contracted,4125,522,104749,"Ceará SC",522,104749,"Ceará SC",False,97,2001,2006-01-31,Defined,30,2006,,,2,1,"DISPLAY_NAME_UNRESOLVED",89,MEDIUM
319681,"","Costa Lessa",IDENTITY_FRAGMENT,Contracted,4124,522,104749,"Ceará SC",522,104749,"Ceará SC",False,204,2001,2006-01-31,Defined,30,2006,,,2,1,"DISPLAY_NAME_UNRESOLVED",89,MEDIUM
306698,"","da Paixão Santos",IDENTITY_FRAGMENT,Contracted,1673,522,104749,"Ceará SC",522,104749,"Ceará SC",False,452,2002,2006-12-31,Defined,364,2006,,,2,1,"DISPLAY_NAME_UNRESOLVED",89,MEDIUM
3301476,"","Daniel Carlos",IDENTITY_FRAGMENT,Contracted,5774,522,104749,"Ceará SC",522,104749,"Ceará SC",False,215,2004,2006-01-31,Defined,30,2006,,,2,1,"DISPLAY_NAME_UNRESOLVED",89,MEDIUM
319679,"","David Hartley",IDENTITY_FRAGMENT,Contracted,4122,522,104749,"Ceará SC",522,104749,"Ceará SC",False,125,2001,2006-01-31,Defined,30,2006,,,2,1,"DISPLAY_NAME_UNRESOLVED",89,MEDIUM
3300165,"","de Oliveira Camilo",IDENTITY_FRAGMENT,Contracted,5261,522,104749,"Ceará SC",522,104749,"Ceará SC",False,403,2004,2004-12-31,Defined,365,2004,,,2,1,"DISPLAY_NAME_UNRESOLVED",89,MEDIUM
311763,"","Dias Romualdo",IDENTITY_FRAGMENT,Contracted,2441,522,104749,"Ceará SC",522,104749,"Ceará SC",False,415,2003,2004-12-19,Defined,353,2004,,,2,1,"DISPLAY_NAME_UNRESOLVED",89,MEDIUM
319685,"","Dorgival",IDENTITY_FRAGMENT,Contracted,4128,522,104749,"Ceará SC",522,104749,"Ceará SC",False,157,2001,2006-01-31,Defined,30,2006,,,2,1,"DISPLAY_NAME_UNRESOLVED",89,MEDIUM
8833531,"","Ferreira Medeiros",IDENTITY_FRAGMENT,Contracted,7384,522,104749,"Ceará SC",522,104749,"Ceará SC",False,158,2001,2006-01-31,Defined,30,2006,,,2,1,"DISPLAY_NAME_UNRESOLVED",89,MEDIUM
3901093,"","França",IDENTITY_FRAGMENT,Contracted,5969,522,104749,"Ceará SC",522,104749,"Ceará SC",False,343,2001,2005-01-31,Defined,30,2005,,,1,1,"DISPLAY_NAME_UNRESOLVED",89,MEDIUM
307081,"","Francisco Alan",IDENTITY_FRAGMENT,Contracted,1792,522,104749,"Ceará SC",522,104749,"Ceará SC",False,252,2003,2004-12-31,Defined,365,2004,,,2,1,"DISPLAY_NAME_UNRESOLVED",89,MEDIUM
304229,"","Geiordano",IDENTITY_FRAGMENT,Contracted,1071,522,104749,"Ceará SC",522,104749,"Ceará SC",False,100,2001,2009-01-31,Defined,30,2009,,,1,1,"DISPLAY_NAME_UNRESOLVED",89,MEDIUM
315225,"","Gomes da Costa",IDENTITY_FRAGMENT,OnLoan,2695,533,104887,"Americano FC (RJ)",522,104749,"Ceará SC",True,232,2001,2006-01-31,Defined,30,2006,232,2004-12-31,2,2,"DISPLAY_NAME_UNRESOLVED",97,HIGH
319683,"","Jéferson",IDENTITY_FRAGMENT,Contracted,4126,522,104749,"Ceará SC",522,104749,"Ceará SC",False,145,2001,2005-01-31,Defined,30,2005,,,2,1,"DISPLAY_NAME_UNRESOLVED",89,MEDIUM
321268,"","José Gerardo",IDENTITY_FRAGMENT,OnLoan,4470,755,301129,"Ferroviário AC (CE)",522,104749,"Ceará SC",True,277,2001,2006-01-31,Defined,30,2006,277,2004-12-31,2,2,"DISPLAY_NAME_UNRESOLVED",97,HIGH
319692,"","Júnior dos Santos",IDENTITY_FRAGMENT,Contracted,4135,522,104749,"Ceará SC",522,104749,"Ceará SC",False,343,2001,2006-01-31,Defined,30,2006,,,2,1,"DISPLAY_NAME_UNRESOLVED",89,MEDIUM
304228,"","Lucimar",IDENTITY_FRAGMENT,Contracted,1070,522,104749,"Ceará SC",522,104749,"Ceará SC",False,75,2001,2009-01-31,Defined,30,2009,,,1,1,"DISPLAY_NAME_UNRESOLVED",89,MEDIUM
303378,"","Luís Antônio",IDENTITY_FRAGMENT,Contracted,924,522,104749,"Ceará SC",522,104749,"Ceará SC",False,737,2001,2009-01-31,Defined,30,2009,,,2,1,"DISPLAY_NAME_UNRESOLVED",89,MEDIUM
304149,"","Marcelo Cláudio",IDENTITY_FRAGMENT,Contracted,1053,522,104749,"Ceará SC",522,104749,"Ceará SC",False,638,2003,2004-04-30,Defined,120,2004,,,2,1,"DISPLAY_NAME_UNRESOLVED",89,MEDIUM
319678,"","Marcelo Clênio",IDENTITY_FRAGMENT,Contracted,4121,522,104749,"Ceará SC",522,104749,"Ceará SC",False,313,2001,2006-01-31,Defined,30,2006,,,2,1,"DISPLAY_NAME_UNRESOLVED",89,MEDIUM
6900120,"","Marciano Marcelo",IDENTITY_FRAGMENT,Contracted,6481,522,104749,"Ceará SC",522,104749,"Ceará SC",False,448,2002,2004-12-31,Defined,365,2004,,,2,1,"DISPLAY_NAME_UNRESOLVED",89,MEDIUM
3301175,"","Marcos Marcelino",IDENTITY_FRAGMENT,Contracted,5643,522,104749,"Ceará SC",522,104749,"Ceará SC",False,424,2001,2006-01-31,Defined,30,2006,,,2,1,"DISPLAY_NAME_UNRESOLVED",89,MEDIUM
6900136,"","Max Sandro",IDENTITY_FRAGMENT,Contracted,6491,522,104749,"Ceará SC",522,104749,"Ceará SC",False,173,2004,2004-12-15,Defined,349,2004,,,2,1,"DISPLAY_NAME_UNRESOLVED",89,MEDIUM
319688,"","Monte Vassalo",IDENTITY_FRAGMENT,Contracted,4131,522,104749,"Ceará SC",522,104749,"Ceará SC",False,257,2001,2006-01-31,Defined,30,2006,,,2,1,"DISPLAY_NAME_UNRESOLVED",89,MEDIUM
310946,"","Oliveira de Lima",IDENTITY_FRAGMENT,Contracted,2169,522,104749,"Ceará SC",522,104749,"Ceará SC",False,223,2003,2005-01-31,Defined,30,2005,,,2,1,"DISPLAY_NAME_UNRESOLVED",89,MEDIUM
7003783,"","Pescarollo Martins",IDENTITY_FRAGMENT,Contracted,6583,522,104749,"Ceará SC",522,104749,"Ceará SC",False,483,2004,2004-12-15,Defined,349,2004,,,2,1,"DISPLAY_NAME_UNRESOLVED",89,MEDIUM
319693,"","Reginaldo Régis",IDENTITY_FRAGMENT,Contracted,4136,522,104749,"Ceará SC",522,104749,"Ceará SC",False,178,2001,2006-01-31,Defined,30,2006,,,2,1,"DISPLAY_NAME_UNRESOLVED",89,MEDIUM
310858,"","Richardson",IDENTITY_FRAGMENT,Contracted,2134,522,104749,"Ceará SC",522,104749,"Ceará SC",False,200,2003,2006-01-31,Defined,30,2006,,,1,1,"DISPLAY_NAME_UNRESOLVED",89,MEDIUM
533460,"","Thiago José",IDENTITY_FRAGMENT,Contracted,4586,522,104749,"Ceará SC",522,104749,"Ceará SC",False,258,2003,2006-01-31,Defined,30,2006,,,1,1,"DISPLAY_NAME_UNRESOLVED",89,MEDIUM
8830528,"","Veiga Santos",IDENTITY_FRAGMENT,Contracted,7076,522,104749,"Ceará SC",522,104749,"Ceará SC",False,276,2004,2006-01-31,Defined,30,2006,,,2,1,"DISPLAY_NAME_UNRESOLVED",89,MEDIUM
303108,"","Vítor",IDENTITY_FRAGMENT,Contracted,891,522,104749,"Ceará SC",522,104749,"Ceará SC",False,486,2003,2006-01-31,Defined,30,2006,,,2,1,"DISPLAY_NAME_UNRESOLVED",89,MEDIUM
318184,"","Wilton",IDENTITY_FRAGMENT,OnLoan,3858,578,107226,"Rio Branco (SP)",522,104749,"Ceará SC",True,397,2001,2006-01-15,Defined,14,2006,397,2004-12-15,2,2,"DISPLAY_NAME_UNRESOLVED",97,HIGH
318022,"","Cassius",IDENTITY_FRAGMENT,Contracted,3809,1058,311000,"Ceilândia EC",1058,311000,"Ceilândia EC",False,273,2001,2006-01-31,Defined,30,2006,,,2,1,"DISPLAY_NAME_UNRESOLVED",89,MEDIUM
315317,"","Barbosa Pinto",IDENTITY_FRAGMENT,Contracted,2745,579,107228,"CF Zico (RJ)",579,107228,"CF Zico (RJ)",False,75,2001,2006-01-31,Defined,30,2006,,,2,1,"DISPLAY_NAME_UNRESOLVED",89,MEDIUM
317311,"","Chrystiano",IDENTITY_FRAGMENT,Contracted,3697,579,107228,"CF Zico (RJ)",579,107228,"CF Zico (RJ)",False,30,2001,2005-01-31,Defined,30,2005,,,2,1,"DISPLAY_NAME_UNRESOLVED",89,MEDIUM
315323,"","Cruz Pedroza",IDENTITY_FRAGMENT,Contracted,2747,579,107228,"CF Zico (RJ)",579,107228,"CF Zico (RJ)",False,458,2001,2006-01-31,Defined,30,2006,,,2,1,"DISPLAY_NAME_UNRESOLVED",89,MEDIUM
308354,"","de Ávila Santos",IDENTITY_FRAGMENT,Contracted,1919,579,107228,"CF Zico (RJ)",579,107228,"CF Zico (RJ)",False,75,2001,2006-01-31,Defined,30,2006,,,2,1,"DISPLAY_NAME_UNRESOLVED",89,MEDIUM
315324,"","de Souza Pinto Júnior",IDENTITY_FRAGMENT,Contracted,2748,579,107228,"CF Zico (RJ)",579,107228,"CF Zico (RJ)",False,432,2001,2006-01-31,Defined,30,2006,,,1,1,"DISPLAY_NAME_UNRESOLVED",89,MEDIUM
303888,"","dos Santos Correia",IDENTITY_FRAGMENT,Contracted,974,579,107228,"CF Zico (RJ)",579,107228,"CF Zico (RJ)",False,75,2001,2006-01-31,Defined,30,2006,,,2,1,"DISPLAY_NAME_UNRESOLVED",89,MEDIUM
320592,"","Thiago Coimbra",IDENTITY_FRAGMENT,Contracted,4345,579,107228,"CF Zico (RJ)",579,107228,"CF Zico (RJ)",False,321,2004,2005-12-31,Defined,364,2005,,,2,1,"DISPLAY_NAME_UNRESOLVED",89,MEDIUM
317190,"","Bioldini",IDENTITY_FRAGMENT,Contracted,3626,1211,313352,"CF Zico de Brasília SE (DF)",1211,313352,"CF Zico de Brasília SE (DF)",False,313,2001,2009-01-31,Defined,30,2009,,,2,1,"DISPLAY_NAME_UNRESOLVED",89,MEDIUM
305837,"","Bruno Aureliano",IDENTITY_FRAGMENT,Contracted,1455,1211,313352,"CF Zico de Brasília SE (DF)",1211,313352,"CF Zico de Brasília SE (DF)",False,75,2001,2006-01-31,Defined,30,2006,,,1,1,"DISPLAY_NAME_UNRESOLVED",89,MEDIUM
317968,"","de Souza Morais",IDENTITY_FRAGMENT,Contracted,3798,1211,313352,"CF Zico de Brasília SE (DF)",1211,313352,"CF Zico de Brasília SE (DF)",False,75,2001,2006-01-31,Defined,30,2006,,,2,1,"DISPLAY_NAME_UNRESOLVED",89,MEDIUM
6900077,"","Jesús Vieira",IDENTITY_FRAGMENT,Contracted,6455,1211,313352,"CF Zico de Brasília SE (DF)",1211,313352,"CF Zico de Brasília SE (DF)",False,425,2003,2006-01-31,Defined,30,2006,,,2,1,"DISPLAY_NAME_UNRESOLVED",89,MEDIUM
6900079,"","Kabila",IDENTITY_FRAGMENT,Contracted,6456,1211,313352,"CF Zico de Brasília SE (DF)",1211,313352,"CF Zico de Brasília SE (DF)",False,539,2002,2006-01-31,Defined,30,2006,,,2,1,"DISPLAY_NAME_UNRESOLVED",89,MEDIUM
320280,"","Macaé",IDENTITY_FRAGMENT,Contracted,4256,1211,313352,"CF Zico de Brasília SE (DF)",1211,313352,"CF Zico de Brasília SE (DF)",False,75,2001,2006-01-31,Defined,30,2006,,,2,1,"DISPLAY_NAME_UNRESOLVED",89,MEDIUM
317969,"","Melo",IDENTITY_FRAGMENT,Contracted,3799,1211,313352,"CF Zico de Brasília SE (DF)",1211,313352,"CF Zico de Brasília SE (DF)",False,75,2001,2006-01-31,Defined,30,2006,,,2,1,"DISPLAY_NAME_UNRESOLVED",89,MEDIUM
318080,"","Osmair",IDENTITY_FRAGMENT,Contracted,3812,1211,313352,"CF Zico de Brasília SE (DF)",1211,313352,"CF Zico de Brasília SE (DF)",False,196,2004,2006-01-31,Defined,30,2006,,,2,1,"DISPLAY_NAME_UNRESOLVED",89,MEDIUM
317973,"","Pereira Marques",IDENTITY_FRAGMENT,Contracted,3803,1211,313352,"CF Zico de Brasília SE (DF)",1211,313352,"CF Zico de Brasília SE (DF)",False,283,2001,2006-01-31,Defined,30,2006,,,2,1,"DISPLAY_NAME_UNRESOLVED",89,MEDIUM
320281,"","Vieira Lemos",IDENTITY_FRAGMENT,Contracted,4257,1211,313352,"CF Zico de Brasília SE (DF)",1211,313352,"CF Zico de Brasília SE (DF)",False,100,2001,2006-01-31,Defined,30,2006,,,2,1,"DISPLAY_NAME_UNRESOLVED",89,MEDIUM
317970,"","Weiss do Nascimento",IDENTITY_FRAGMENT,Contracted,3800,1211,313352,"CF Zico de Brasília SE (DF)",1211,313352,"CF Zico de Brasília SE (DF)",False,75,2001,2006-01-31,Defined,30,2006,,,2,1,"DISPLAY_NAME_UNRESOLVED",89,MEDIUM
319274,"","Zildo",IDENTITY_FRAGMENT,OnLoan,4002,987,309670,"Brasiliense FC",1211,313352,"CF Zico de Brasília SE (DF)",True,164,2001,2006-01-31,Defined,30,2006,164,2004-10-27,2,2,"DISPLAY_NAME_UNRESOLVED",97,HIGH
311730,"","Raimundinho Lopes",IDENTITY_FRAGMENT,Contracted,2428,1453,318918,"Chapadinha FC",1453,318918,"Chapadinha FC",False,250,2001,2007-01-31,Defined,30,2007,,,1,1,"DISPLAY_NAME_UNRESOLVED",89,MEDIUM
3801406,"","Siqueira de Oliveira",IDENTITY_FRAGMENT,Contracted,5909,248,1122,"Chievo Verona",248,1122,"Chievo Verona",False,5000,2001,2007-06-30,Defined,180,2007,,,2,1,"DISPLAY_NAME_UNRESOLVED",89,MEDIUM
318125,"","Antônio Caio",IDENTITY_FRAGMENT,OnLoan,3832,573,107216,"Ituano SCF",560,106812,"Chunnam Dragons",True,2403,2001,2006-01-31,Defined,30,2006,2403,2004-12-31,2,2,"DISPLAY_NAME_UNRESOLVED",97,HIGH
6704004,"","Joao",IDENTITY_FRAGMENT,Contracted,6403,560,106812,"Chunnam Dragons",560,106812,"Chunnam Dragons",False,3197,2004,2006-01-31,Defined,30,2006,,,2,1,"DISPLAY_NAME_UNRESOLVED",89,MEDIUM
310866,"","Savionek",IDENTITY_FRAGMENT,OnLoan,2137,59,330,"Paraná C",1325,314600,"Cianorte FC",True,266,2001,2006-01-31,Defined,30,2006,266,2004-12-31,2,2,"DISPLAY_NAME_UNRESOLVED",97,HIGH
315118,"","Simões de Oliveira",IDENTITY_FRAGMENT,Contracted,2611,29,186,"Club Brugge KV",29,186,"Club Brugge KV",False,1850,2004,2006-06-30,Defined,180,2006,,,2,1,"DISPLAY_NAME_UNRESOLVED",89,MEDIUM
2001443,"","Feitosa Dias",IDENTITY_FRAGMENT,Contracted,4994,288,1253,"Club de Fútbol América",288,1253,"Club de Fútbol América",False,13500,2004,2005-07-31,Defined,211,2005,,,2,1,"DISPLAY_NAME_UNRESOLVED",89,MEDIUM
5230011,"","Alex Fernandes",IDENTITY_FRAGMENT,Contracted,6204,291,1257,"Club de Fútbol Monterrey",291,1257,"Club de Fútbol Monterrey",False,2966,2002,2005-07-31,Defined,211,2005,,,2,1,"DISPLAY_NAME_UNRESOLVED",89,MEDIUM
5660188,"","Argemiro",IDENTITY_FRAGMENT,Contracted,6297,291,1257,"Club de Fútbol Monterrey",291,1257,"Club de Fútbol Monterrey",False,2363,2002,2005-07-31,Defined,211,2005,,,2,1,"DISPLAY_NAME_UNRESOLVED",89,MEDIUM
5230006,"","José Aílton",IDENTITY_FRAGMENT,Contracted,6203,294,1260,"Club de Fútbol Universidad",294,1260,"Club de Fútbol Universidad",False,3327,2003,2006-07-31,Defined,211,2006,,,2,1,"DISPLAY_NAME_UNRESOLVED",89,MEDIUM
3301177,"","Leandro Augusto",IDENTITY_FRAGMENT,Contracted,5644,294,1260,"Club de Fútbol Universidad",294,1260,"Club de Fútbol Universidad",False,1891,2001,2007-06-04,Defined,154,2007,,,2,1,"DISPLAY_NAME_UNRESOLVED",89,MEDIUM
6702686,"","Pedro Iarley",IDENTITY_FRAGMENT,Contracted,6400,1770,5666338,"Club Dorados de Culiacán",1770,5666338,"Club Dorados de Culiacán",False,8966,2004,2006-07-31,Defined,211,2006,,,2,1,"DISPLAY_NAME_UNRESOLVED",89,MEDIUM
5660090,"","Santos Damasceno",IDENTITY_FRAGMENT,Contracted,6296,520,104388,"Club Jaguares de Chiapas",520,104388,"Club Jaguares de Chiapas",False,1394,1997,2005-07-31,Defined,211,2005,,,2,1,"DISPLAY_NAME_UNRESOLVED",89,MEDIUM
6900098,"","Vergne de Assis Barbosa",IDENTITY_FRAGMENT,OnLoan,6468,573,107216,"Ituano SCF",520,104388,"Club Jaguares de Chiapas",True,317,2002,2006-01-31,Defined,30,2006,317,2004-12-31,2,2,"DISPLAY_NAME_UNRESOLVED",97,HIGH
128022,"","Marcón",IDENTITY_FRAGMENT,Contracted,631,495,102390,"Club Tecos de la UAG",495,102390,"Club Tecos de la UAG",False,4756,2004,2006-07-31,Defined,211,2006,,,2,1,"DISPLAY_NAME_UNRESOLVED",89,MEDIUM
6900040,"","Kléber João",IDENTITY_FRAGMENT,Contracted,6428,657,130799,"Club Tiburones Rojos de Veracruz",657,130799,"Club Tiburones Rojos de Veracruz",False,12523,2003,2006-07-31,Defined,211,2006,,,2,1,"DISPLAY_NAME_UNRESOLVED",89,MEDIUM
302613,"","Irênio José",IDENTITY_FRAGMENT,Contracted,839,517,104360,"Club Universitario de Nuevo León",517,104360,"Club Universitario de Nuevo León",False,11171,2002,2006-07-31,Defined,211,2006,,,2,1,"DISPLAY_NAME_UNRESOLVED",89,MEDIUM
133837,"","Casemiro",IDENTITY_FRAGMENT,Contracted,664,471,2433,"Clube Desportivo Nacional",471,2433,"Clube Desportivo Nacional",False,3394,2003,2007-06-30,Defined,180,2007,,,1,1,"DISPLAY_NAME_UNRESOLVED",89,MEDIUM
312134,"","dos Santos Barbosa",IDENTITY_FRAGMENT,Contracted,2510,471,2433,"Clube Desportivo Nacional",471,2433,"Clube Desportivo Nacional",False,2000,2004,2007-06-30,Defined,180,2007,,,2,1,"DISPLAY_NAME_UNRESOLVED",89,MEDIUM
304948,"","Elisérgio",IDENTITY_FRAGMENT,Contracted,1285,471,2433,"Clube Desportivo Nacional",471,2433,"Clube Desportivo Nacional",False,1500,2003,2008-06-30,Defined,181,2008,,,2,1,"DISPLAY_NAME_UNRESOLVED",89,MEDIUM
736066,"","Goulart",IDENTITY_FRAGMENT,Contracted,4715,471,2433,"Clube Desportivo Nacional",471,2433,"Clube Desportivo Nacional",False,1900,2003,2007-06-30,Defined,180,2007,,,2,1,"DISPLAY_NAME_UNRESOLVED",89,MEDIUM
735504,"","Josieslei",IDENTITY_FRAGMENT,Contracted,4711,471,2433,"Clube Desportivo Nacional",471,2433,"Clube Desportivo Nacional",False,1900,2004,2006-06-30,Defined,180,2006,,,2,1,"DISPLAY_NAME_UNRESOLVED",89,MEDIUM
307494,"","Neves Dias",IDENTITY_FRAGMENT,Contracted,1857,471,2433,"Clube Desportivo Nacional",471,2433,"Clube Desportivo Nacional",False,1489,2001,2006-06-30,Defined,180,2006,,,2,1,"DISPLAY_NAME_UNRESOLVED",89,MEDIUM
150533,"","Vieira Louzada",IDENTITY_FRAGMENT,Contracted,696,471,2433,"Clube Desportivo Nacional",471,2433,"Clube Desportivo Nacional",False,1900,2002,2006-06-30,Defined,180,2006,,,2,1,"DISPLAY_NAME_UNRESOLVED",89,MEDIUM
315236,"","Carlos Hermano",IDENTITY_FRAGMENT,Contracted,2705,472,2436,"Clube Desportivo Olivais e Moscavide",472,2436,"Clube Desportivo Olivais e Moscavide",False,124,2003,2006-06-30,Defined,180,2006,,,2,1,"DISPLAY_NAME_UNRESOLVED",89,MEDIUM
3301465,"","Ernesto Paulo",IDENTITY_FRAGMENT,Contracted,5773,320,1475,"Clube Futebol União Madeira",320,1475,"Clube Futebol União Madeira",False,1050,2001,2008-06-30,Defined,181,2008,,,2,1,"DISPLAY_NAME_UNRESOLVED",89,MEDIUM
735519,"","Alan",IDENTITY_FRAGMENT,Contracted,4712,321,1476,"Clube Sport Marítimo",321,1476,"Clube Sport Marítimo",False,900,2001,2006-06-30,Defined,180,2006,,,2,1,"DISPLAY_NAME_UNRESOLVED",89,MEDIUM
3300229,"","Leo Lima",IDENTITY_FRAGMENT,Contracted,5300,321,1476,"Clube Sport Marítimo",321,1476,"Clube Sport Marítimo",False,1998,2001,2006-06-30,Defined,180,2006,,,2,1,"DISPLAY_NAME_UNRESOLVED",89,MEDIUM
3300732,"","Sebastião Marcos",IDENTITY_FRAGMENT,Contracted,5461,321,1476,"Clube Sport Marítimo",321,1476,"Clube Sport Marítimo",False,1200,2003,2006-06-30,Defined,180,2006,,,2,1,"DISPLAY_NAME_UNRESOLVED",89,MEDIUM
741833,"","Wenio",IDENTITY_FRAGMENT,Contracted,4718,321,1476,"Clube Sport Marítimo",321,1476,"Clube Sport Marítimo",False,900,2002,2007-06-30,Defined,180,2007,,,2,1,"DISPLAY_NAME_UNRESOLVED",89,MEDIUM
306265,"","Borges da Paixão",IDENTITY_FRAGMENT,Contracted,1532,854,301316,"CN Marcílio Dias",854,301316,"CN Marcílio Dias",False,192,2001,2005-01-31,Defined,30,2005,,,1,1,"DISPLAY_NAME_UNRESOLVED",89,MEDIUM
8825168,"","Fágner Marcelo",IDENTITY_FRAGMENT,Contracted,6745,854,301316,"CN Marcílio Dias",854,301316,"CN Marcílio Dias",False,158,2001,2006-01-31,Defined,30,2006,,,2,1,"DISPLAY_NAME_UNRESOLVED",89,MEDIUM
3300866,"","Luiz Gonzaga",IDENTITY_FRAGMENT,Contracted,5511,854,301316,"CN Marcílio Dias",854,301316,"CN Marcílio Dias",False,250,2001,2009-01-31,Defined,30,2009,,,1,1,"DISPLAY_NAME_UNRESOLVED",89,MEDIUM
3300336,"","Prateat",IDENTITY_FRAGMENT,Contracted,5332,854,301316,"CN Marcílio Dias",854,301316,"CN Marcílio Dias",False,299,2001,2005-01-31,Defined,30,2005,,,2,1,"DISPLAY_NAME_UNRESOLVED",89,MEDIUM
320255,"","Ednaldo",IDENTITY_FRAGMENT,Contracted,4249,1201,313337,"Colinas EC",1201,313337,"Colinas EC",False,250,2001,2009-01-31,Defined,30,2009,,,1,1,"DISPLAY_NAME_UNRESOLVED",89,MEDIUM
302300,"","Miguel Carlos",IDENTITY_FRAGMENT,Contracted,790,749,301117,"Colo-Colo (BA)",749,301117,"Colo-Colo (BA)",False,75,2001,2006-01-31,Defined,30,2006,,,2,1,"DISPLAY_NAME_UNRESOLVED",89,MEDIUM
302304,"","Vantuíres Rezende",IDENTITY_FRAGMENT,Contracted,791,749,301117,"Colo-Colo (BA)",749,301117,"Colo-Colo (BA)",False,480,2001,2006-01-31,Defined,30,2006,,,1,1,"DISPLAY_NAME_UNRESOLVED",89,MEDIUM
8834821,"","Vieira de Araújo Júnior",IDENTITY_FRAGMENT,Contracted,7629,863,301336,"Comercial FC (SP)",863,301336,"Comercial FC (SP)",False,250,2001,2009-01-31,Defined,30,2009,,,1,1,"DISPLAY_NAME_UNRESOLVED",89,MEDIUM
307164,"","Aílton Luís",IDENTITY_FRAGMENT,Contracted,1822,857,301323,"Confiança (SE)",857,301323,"Confiança (SE)",False,304,2001,2005-01-31,Defined,30,2005,,,2,1,"DISPLAY_NAME_UNRESOLVED",89,MEDIUM
307153,"","Ânderson",IDENTITY_FRAGMENT,Contracted,1817,857,301323,"Confiança (SE)",857,301323,"Confiança (SE)",False,140,2001,2006-01-31,Defined,30,2006,,,2,1,"DISPLAY_NAME_UNRESOLVED",89,MEDIUM
8830522,"","de Oliveira Menezes",IDENTITY_FRAGMENT,Contracted,7071,857,301323,"Confiança (SE)",857,301323,"Confiança (SE)",False,167,2001,2006-01-31,Defined,30,2006,,,2,1,"DISPLAY_NAME_UNRESOLVED",89,MEDIUM
307162,"","Heriberton",IDENTITY_FRAGMENT,Contracted,1820,857,301323,"Confiança (SE)",857,301323,"Confiança (SE)",False,335,2001,2006-01-31,Defined,30,2006,,,2,1,"DISPLAY_NAME_UNRESOLVED",89,MEDIUM
8830531,"","José Márcio",IDENTITY_FRAGMENT,Contracted,7079,857,301323,"Confiança (SE)",857,301323,"Confiança (SE)",False,270,2001,2006-01-31,Defined,30,2006,,,2,1,"DISPLAY_NAME_UNRESOLVED",89,MEDIUM
6900196,"","Marinho Pereira",IDENTITY_FRAGMENT,Contracted,6529,857,301323,"Confiança (SE)",857,301323,"Confiança (SE)",False,324,2002,2006-01-31,Defined,30,2006,,,2,1,"DISPLAY_NAME_UNRESOLVED",89,MEDIUM
303917,"","Michel Ricardo",IDENTITY_FRAGMENT,Contracted,980,857,301323,"Confiança (SE)",857,301323,"Confiança (SE)",False,214,2002,2006-01-31,Defined,30,2006,,,1,1,"DISPLAY_NAME_UNRESOLVED",89,MEDIUM
307158,"","Missinho",IDENTITY_FRAGMENT,Contracted,1818,857,301323,"Confiança (SE)",857,301323,"Confiança (SE)",False,97,2001,2006-01-31,Defined,30,2006,,,2,1,"DISPLAY_NAME_UNRESOLVED",89,MEDIUM
317285,"","Rudney",IDENTITY_FRAGMENT,Contracted,3676,857,301323,"Confiança (SE)",857,301323,"Confiança (SE)",False,266,2001,2006-01-31,Defined,30,2006,,,1,1,"DISPLAY_NAME_UNRESOLVED",89,MEDIUM
306705,"","da Costa Santana",IDENTITY_FRAGMENT,Contracted,1674,968,309629,"Coríntians (RN)",968,309629,"Coríntians (RN)",False,238,2001,2006-01-31,Defined,30,2006,,,2,1,"DISPLAY_NAME_UNRESOLVED",89,MEDIUM
303113,"","Dorival",IDENTITY_FRAGMENT,Contracted,893,968,309629,"Coríntians (RN)",968,309629,"Coríntians (RN)",False,400,2001,2005-01-31,Defined,30,2005,,,2,1,"DISPLAY_NAME_UNRESOLVED",89,MEDIUM
302790,"","Moraes Lourenço",IDENTITY_FRAGMENT,Contracted,857,968,309629,"Coríntians (RN)",968,309629,"Coríntians (RN)",False,160,2001,2005-01-31,Defined,30,2005,,,2,1,"DISPLAY_NAME_UNRESOLVED",89,MEDIUM
307113,"","Pedrinho Albuquerque",IDENTITY_FRAGMENT,Contracted,1808,968,309629,"Coríntians (RN)",968,309629,"Coríntians (RN)",False,283,2001,2009-01-31,Defined,30,2009,,,2,1,"DISPLAY_NAME_UNRESOLVED",89,MEDIUM
312196,"","Pereira da Cruz",IDENTITY_FRAGMENT,Contracted,2519,968,309629,"Coríntians (RN)",968,309629,"Coríntians (RN)",False,75,2001,2006-01-31,Defined,30,2006,,,1,1,"DISPLAY_NAME_UNRESOLVED",89,MEDIUM
3300487,"","Sirlei",IDENTITY_FRAGMENT,Contracted,5379,968,309629,"Coríntians (RN)",968,309629,"Coríntians (RN)",False,150,2001,2005-01-31,Defined,30,2005,,,2,1,"DISPLAY_NAME_UNRESOLVED",89,MEDIUM
3900663,"","Vitorino da Silva",IDENTITY_FRAGMENT,Contracted,5962,968,309629,"Coríntians (RN)",968,309629,"Coríntians (RN)",False,302,2001,2006-01-31,Defined,30,2006,,,1,1,"DISPLAY_NAME_UNRESOLVED",89,MEDIUM
311193,"","Alcinei",IDENTITY_FRAGMENT,Contracted,2294,525,104776,"Coritiba FC",525,104776,"Coritiba FC",False,741,2001,2009-01-31,Defined,30,2009,,,2,1,"DISPLAY_NAME_UNRESOLVED",89,MEDIUM
301793,"","Alves Júnior",IDENTITY_FRAGMENT,Contracted,738,525,104776,"Coritiba FC",525,104776,"Coritiba FC",False,148,2001,2006-01-31,Defined,30,2006,,,2,1,"DISPLAY_NAME_UNRESOLVED",89,MEDIUM
3301495,"","Brum Vallado",IDENTITY_FRAGMENT,Contracted,5780,525,104776,"Coritiba FC",525,104776,"Coritiba FC",False,790,2002,2006-01-31,Defined,30,2006,,,2,1,"DISPLAY_NAME_UNRESOLVED",89,MEDIUM
303515,"","Buttenbender Prass",IDENTITY_FRAGMENT,Contracted,943,525,104776,"Coritiba FC",525,104776,"Coritiba FC",False,411,2002,2006-01-31,Defined,30,2006,,,2,1,"DISPLAY_NAME_UNRESOLVED",89,MEDIUM
315876,"","Cardoso Filho",IDENTITY_FRAGMENT,Contracted,2974,525,104776,"Coritiba FC",525,104776,"Coritiba FC",False,75,2001,2006-01-31,Defined,30,2006,,,2,1,"DISPLAY_NAME_UNRESOLVED",89,MEDIUM
8832928,"","Carlos Adriano",IDENTITY_FRAGMENT,Contracted,7247,525,104776,"Coritiba FC",525,104776,"Coritiba FC",False,75,2004,2004-12-31,Defined,365,2004,,,1,1,"DISPLAY_NAME_UNRESOLVED",89,MEDIUM
315606,"","Cassius Marcellus",IDENTITY_FRAGMENT,Contracted,2871,525,104776,"Coritiba FC",525,104776,"Coritiba FC",False,588,2001,2007-01-31,Defined,30,2007,,,2,1,"DISPLAY_NAME_UNRESOLVED",89,MEDIUM
305803,"","Cléberson Eduardo",IDENTITY_FRAGMENT,OnLoan,1446,1407,314976,"SC Ulbra",525,104776,"Coritiba FC",True,488,2001,2006-01-31,Defined,30,2006,488,2004-12-31,2,2,"DISPLAY_NAME_UNRESOLVED",97,HIGH
315865,"","Correia Claro",IDENTITY_FRAGMENT,Contracted,2964,525,104776,"Coritiba FC",525,104776,"Coritiba FC",False,430,2001,2005-08-31,Defined,242,2005,,,2,1,"DISPLAY_NAME_UNRESOLVED",89,MEDIUM
8833067,"","Correia Diogo Nunes",IDENTITY_FRAGMENT,Contracted,7293,525,104776,"Coritiba FC",525,104776,"Coritiba FC",False,249,2003,2007-01-31,Defined,30,2007,,,2,1,"DISPLAY_NAME_UNRESOLVED",89,MEDIUM
315879,"","Damasceno Pereira",IDENTITY_FRAGMENT,Contracted,2977,525,104776,"Coritiba FC",525,104776,"Coritiba FC",False,75,2001,2006-01-31,Defined,30,2006,,,2,1,"DISPLAY_NAME_UNRESOLVED",89,MEDIUM
8832753,"","Dasiomir",IDENTITY_FRAGMENT,Contracted,7134,525,104776,"Coritiba FC",525,104776,"Coritiba FC",False,274,2004,2004-11-04,Defined,308,2004,,,1,1,"DISPLAY_NAME_UNRESOLVED",89,MEDIUM
315885,"","de Souza Moraes",IDENTITY_FRAGMENT,Contracted,2983,525,104776,"Coritiba FC",525,104776,"Coritiba FC",False,75,2001,2005-01-31,Defined,30,2005,,,2,1,"DISPLAY_NAME_UNRESOLVED",89,MEDIUM
317301,"","Dens",IDENTITY_FRAGMENT,Contracted,3688,525,104776,"Coritiba FC",525,104776,"Coritiba FC",False,39,2001,2005-01-31,Defined,30,2005,,,2,1,"DISPLAY_NAME_UNRESOLVED",89,MEDIUM
304595,"","Djames",IDENTITY_FRAGMENT,Contracted,1221,525,104776,"Coritiba FC",525,104776,"Coritiba FC",False,485,2003,2006-01-31,Defined,30,2006,,,2,1,"DISPLAY_NAME_UNRESOLVED",89,MEDIUM
315869,"","Fávaro",IDENTITY_FRAGMENT,Contracted,2967,525,104776,"Coritiba FC",525,104776,"Coritiba FC",False,366,2001,2006-01-31,Defined,30,2006,,,2,1,"DISPLAY_NAME_UNRESOLVED",89,MEDIUM
315871,"","Fernando Mello",IDENTITY_FRAGMENT,Contracted,2969,525,104776,"Coritiba FC",525,104776,"Coritiba FC",False,490,2001,2006-01-31,Defined,30,2006,,,1,1,"DISPLAY_NAME_UNRESOLVED",89,MEDIUM
304356,"","Ferreira Hidalgo",IDENTITY_FRAGMENT,Contracted,1112,525,104776,"Coritiba FC",525,104776,"Coritiba FC",False,588,2001,2007-01-31,Defined,30,2007,,,1,1,"DISPLAY_NAME_UNRESOLVED",89,MEDIUM
3301228,"","Flávio Rogério",IDENTITY_FRAGMENT,Contracted,5675,525,104776,"Coritiba FC",525,104776,"Coritiba FC",False,251,2004,2006-01-31,Defined,30,2006,,,2,1,"DISPLAY_NAME_UNRESOLVED",89,MEDIUM
315875,"","Fossa",IDENTITY_FRAGMENT,Contracted,2973,525,104776,"Coritiba FC",525,104776,"Coritiba FC",False,75,2001,2006-01-31,Defined,30,2006,,,2,1,"DISPLAY_NAME_UNRESOLVED",89,MEDIUM
8832810,"","Fressato Cardoso",IDENTITY_FRAGMENT,Contracted,7155,525,104776,"Coritiba FC",525,104776,"Coritiba FC",False,198,2004,2005-01-31,Defined,30,2005,,,2,1,"DISPLAY_NAME_UNRESOLVED",89,MEDIUM
315878,"","Fulgêncio",IDENTITY_FRAGMENT,Contracted,2976,525,104776,"Coritiba FC",525,104776,"Coritiba FC",False,75,2001,2006-01-31,Defined,30,2006,,,2,1,"DISPLAY_NAME_UNRESOLVED",89,MEDIUM
315884,"","Geisel",IDENTITY_FRAGMENT,Contracted,2982,525,104776,"Coritiba FC",525,104776,"Coritiba FC",False,75,2001,2006-01-31,Defined,30,2006,,,2,1,"DISPLAY_NAME_UNRESOLVED",89,MEDIUM
310790,"","Gerônimo da Silva",IDENTITY_FRAGMENT,Contracted,2112,525,104776,"Coritiba FC",525,104776,"Coritiba FC",False,75,2001,2006-01-31,Defined,30,2006,,,2,1,"DISPLAY_NAME_UNRESOLVED",89,MEDIUM
315880,"","Gonçalves Silva Júnior",IDENTITY_FRAGMENT,Contracted,2978,525,104776,"Coritiba FC",525,104776,"Coritiba FC",False,75,2001,2005-01-31,Defined,30,2005,,,2,1,"DISPLAY_NAME_UNRESOLVED",89,MEDIUM
304829,"","Gonzaga Leite",IDENTITY_FRAGMENT,OnLoan,1265,873,301356,"São José (SP)",525,104776,"Coritiba FC",True,221,2001,2006-01-31,Defined,30,2006,221,2004-12-31,2,2,"DISPLAY_NAME_UNRESOLVED",97,HIGH
315887,"","Granjeiro de Oliveira",IDENTITY_FRAGMENT,Contracted,2985,525,104776,"Coritiba FC",525,104776,"Coritiba FC",False,75,2001,2005-01-31,Defined,30,2005,,,1,1,"DISPLAY_NAME_UNRESOLVED",89,MEDIUM
301718,"","Hélio Sérgio",IDENTITY_FRAGMENT,Contracted,733,525,104776,"Coritiba FC",525,104776,"Coritiba FC",False,294,2001,2008-01-31,Defined,30,2008,,,2,1,"DISPLAY_NAME_UNRESOLVED",89,MEDIUM
3300967,"","Inocêncio",IDENTITY_FRAGMENT,OnLoan,5551,872,301354,"AD São Caetano",525,104776,"Coritiba FC",True,633,2002,2006-01-31,Defined,30,2006,633,2004-12-31,2,2,"DISPLAY_NAME_UNRESOLVED",97,HIGH
310782,"","Ivo Ricardo",IDENTITY_FRAGMENT,Contracted,2108,525,104776,"Coritiba FC",525,104776,"Coritiba FC",False,389,2001,2006-01-31,Defined,30,2006,,,2,1,"DISPLAY_NAME_UNRESOLVED",89,MEDIUM
315863,"","Jacinto Soler",IDENTITY_FRAGMENT,Contracted,2962,525,104776,"Coritiba FC",525,104776,"Coritiba FC",False,164,2001,2006-01-31,Defined,30,2006,,,2,1,"DISPLAY_NAME_UNRESOLVED",89,MEDIUM
315450,"","Josafá",IDENTITY_FRAGMENT,OnLoan,2793,575,107220,"Madureira EC",525,104776,"Coritiba FC",True,369,2001,2006-01-31,Defined,30,2006,369,2004-12-31,2,2,"DISPLAY_NAME_UNRESOLVED",97,HIGH
3300737,"","Jucemar Luiz",IDENTITY_FRAGMENT,OnLoan,5463,49,320,"Criciúma EC",525,104776,"Coritiba FC",True,565,2001,2006-01-31,Defined,30,2006,565,2004-12-31,2,2,"DISPLAY_NAME_UNRESOLVED",97,HIGH
315866,"","Lirodiou",IDENTITY_FRAGMENT,Contracted,2965,525,104776,"Coritiba FC",525,104776,"Coritiba FC",False,253,2001,2006-01-31,Defined,30,2006,,,2,1,"DISPLAY_NAME_UNRESOLVED",89,MEDIUM
315881,"","Liw Emanoel",IDENTITY_FRAGMENT,Contracted,2979,525,104776,"Coritiba FC",525,104776,"Coritiba FC",False,75,2001,2006-01-31,Defined,30,2006,,,2,1,"DISPLAY_NAME_UNRESOLVED",89,MEDIUM
3300216,"","Lopes dos Santos Nascimento",IDENTITY_FRAGMENT,Contracted,5290,525,104776,"Coritiba FC",525,104776,"Coritiba FC",False,2347,2001,2009-01-31,Defined,30,2009,,,2,1,"DISPLAY_NAME_UNRESOLVED",89,MEDIUM
304357,"","Lúcio Sérgio",IDENTITY_FRAGMENT,Contracted,1113,525,104776,"Coritiba FC",525,104776,"Coritiba FC",False,294,2001,2008-01-31,Defined,30,2008,,,1,1,"DISPLAY_NAME_UNRESOLVED",89,MEDIUM
311149,"","Malzoni Conceição",IDENTITY_FRAGMENT,Contracted,2265,525,104776,"Coritiba FC",525,104776,"Coritiba FC",False,348,2002,2005-12-31,Defined,364,2005,,,2,1,"DISPLAY_NAME_UNRESOLVED",89,MEDIUM
8833066,"","Márcio Macolino",IDENTITY_FRAGMENT,Contracted,7292,525,104776,"Coritiba FC",525,104776,"Coritiba FC",False,262,2003,2006-12-31,Defined,364,2006,,,2,1,"DISPLAY_NAME_UNRESOLVED",89,MEDIUM
8833533,"","Márcio Rafael",IDENTITY_FRAGMENT,Contracted,7386,525,104776,"Coritiba FC",525,104776,"Coritiba FC",False,75,2004,2006-12-31,Defined,364,2006,,,2,1,"DISPLAY_NAME_UNRESOLVED",89,MEDIUM
315883,"","Marlúcio",IDENTITY_FRAGMENT,Contracted,2981,525,104776,"Coritiba FC",525,104776,"Coritiba FC",False,75,2001,2006-01-31,Defined,30,2006,,,2,1,"DISPLAY_NAME_UNRESOLVED",89,MEDIUM
151146,"","Massai",IDENTITY_FRAGMENT,Contracted,698,525,104776,"Coritiba FC",525,104776,"Coritiba FC",False,308,2004,2006-12-31,Defined,364,2006,,,1,1,"DISPLAY_NAME_UNRESOLVED",89,MEDIUM
8832812,"","Miranda de Souza Filho",IDENTITY_FRAGMENT,Contracted,7157,525,104776,"Coritiba FC",525,104776,"Coritiba FC",False,265,2002,2006-12-31,Defined,364,2006,,,2,1,"DISPLAY_NAME_UNRESOLVED",89,MEDIUM
301753,"","Moacir",IDENTITY_FRAGMENT,Contracted,734,525,104776,"Coritiba FC",525,104776,"Coritiba FC",False,448,2001,2006-01-31,Defined,30,2006,,,2,1,"DISPLAY_NAME_UNRESOLVED",89,MEDIUM
316554,"","Rafael Vágner",IDENTITY_FRAGMENT,OnLoan,3338,44,314,"C Atlético Mineiro",525,104776,"Coritiba FC",True,50,2002,2006-01-31,Defined,30,2006,50,2004-12-31,2,2,"DISPLAY_NAME_UNRESOLVED",97,HIGH
8832811,"","Ramos Júnior",IDENTITY_FRAGMENT,Contracted,7156,525,104776,"Coritiba FC",525,104776,"Coritiba FC",False,353,2003,2008-12-31,Defined,365,2008,,,2,1,"DISPLAY_NAME_UNRESOLVED",89,MEDIUM
3301229,"","Reginaldo Inácio",IDENTITY_FRAGMENT,Contracted,5676,525,104776,"Coritiba FC",525,104776,"Coritiba FC",False,1163,2001,2006-01-31,Defined,30,2006,,,2,1,"DISPLAY_NAME_UNRESOLVED",89,MEDIUM
301717,"","Remez",IDENTITY_FRAGMENT,Contracted,732,525,104776,"Coritiba FC",525,104776,"Coritiba FC",False,294,2001,2007-01-31,Defined,30,2007,,,1,1,"DISPLAY_NAME_UNRESOLVED",89,MEDIUM
310990,"","Richartz",IDENTITY_FRAGMENT,Contracted,2198,525,104776,"Coritiba FC",525,104776,"Coritiba FC",False,251,2001,2006-01-31,Defined,30,2006,,,2,1,"DISPLAY_NAME_UNRESOLVED",89,MEDIUM
307441,"","Romeu",IDENTITY_FRAGMENT,Contracted,1854,525,104776,"Coritiba FC",525,104776,"Coritiba FC",False,228,2004,2006-01-31,Defined,30,2006,,,2,1,"DISPLAY_NAME_UNRESOLVED",89,MEDIUM
315867,"","Tesser",IDENTITY_FRAGMENT,Contracted,2966,525,104776,"Coritiba FC",525,104776,"Coritiba FC",False,244,2001,2004-12-31,Defined,365,2004,,,2,1,"DISPLAY_NAME_UNRESOLVED",89,MEDIUM
315862,"","Vendrechovski Júnior",IDENTITY_FRAGMENT,Contracted,2961,525,104776,"Coritiba FC",525,104776,"Coritiba FC",False,75,2001,2006-01-31,Defined,30,2006,,,2,1,"DISPLAY_NAME_UNRESOLVED",89,MEDIUM
8832814,"","Vicente Manrique",IDENTITY_FRAGMENT,Contracted,7158,525,104776,"Coritiba FC",525,104776,"Coritiba FC",False,235,2004,2006-01-31,Defined,30,2006,,,2,1,"DISPLAY_NAME_UNRESOLVED",89,MEDIUM
312097,"","Vizzotto",IDENTITY_FRAGMENT,Contracted,2506,525,104776,"Coritiba FC",525,104776,"Coritiba FC",False,185,2001,2006-01-31,Defined,30,2006,,,2,1,"DISPLAY_NAME_UNRESOLVED",89,MEDIUM
320471,"","Amoroso",IDENTITY_FRAGMENT,Contracted,4304,740,301102,"CR Brasil",740,301102,"CR Brasil",False,132,2001,2006-01-31,Defined,30,2006,,,2,1,"DISPLAY_NAME_UNRESOLVED",89,MEDIUM
316211,"","Anderson José",IDENTITY_FRAGMENT,Contracted,3141,740,301102,"CR Brasil",740,301102,"CR Brasil",False,368,2002,2004-06-30,Defined,181,2004,,,2,1,"DISPLAY_NAME_UNRESOLVED",89,MEDIUM
316607,"","Antônio Narcélio",IDENTITY_FRAGMENT,OnLoan,3377,58,329,"SE Palmeiras",740,301102,"CR Brasil",True,75,2003,2009-09-23,Defined,265,2009,75,2004-12-31,2,2,"DISPLAY_NAME_UNRESOLVED",97,HIGH
317098,"","Cléberson",IDENTITY_FRAGMENT,Contracted,3592,740,301102,"CR Brasil",740,301102,"CR Brasil",False,430,2003,2006-01-31,Defined,30,2006,,,2,1,"DISPLAY_NAME_UNRESOLVED",89,MEDIUM
315178,"","de Castro Teixeira",IDENTITY_FRAGMENT,Contracted,2662,740,301102,"CR Brasil",740,301102,"CR Brasil",False,235,2001,2006-01-31,Defined,30,2006,,,1,1,"DISPLAY_NAME_UNRESOLVED",89,MEDIUM
4102341,"","de Santana Leite",IDENTITY_FRAGMENT,Contracted,6003,740,301102,"CR Brasil",740,301102,"CR Brasil",False,103,2001,2006-01-31,Defined,30,2006,,,2,1,"DISPLAY_NAME_UNRESOLVED",89,MEDIUM
321189,"","Eduardo Potiguar",IDENTITY_FRAGMENT,Contracted,4434,740,301102,"CR Brasil",740,301102,"CR Brasil",False,619,2001,2006-01-31,Defined,30,2006,,,2,1,"DISPLAY_NAME_UNRESOLVED",89,MEDIUM
8833539,"","Eduardo Vander",IDENTITY_FRAGMENT,Contracted,7392,740,301102,"CR Brasil",740,301102,"CR Brasil",False,125,2001,2005-01-31,Defined,30,2005,,,2,1,"DISPLAY_NAME_UNRESOLVED",89,MEDIUM
321188,"","Fabiano Lúcio",IDENTITY_FRAGMENT,Contracted,4433,740,301102,"CR Brasil",740,301102,"CR Brasil",False,187,2001,2006-01-31,Defined,30,2006,,,2,1,"DISPLAY_NAME_UNRESOLVED",89,MEDIUM
309491,"","Fábio Dennysson",IDENTITY_FRAGMENT,Contracted,2010,740,301102,"CR Brasil",740,301102,"CR Brasil",False,75,2003,2008-01-07,Defined,6,2008,,,2,1,"DISPLAY_NAME_UNRESOLVED",89,MEDIUM
315190,"","Felipe Gabriel",IDENTITY_FRAGMENT,Contracted,2669,740,301102,"CR Brasil",740,301102,"CR Brasil",False,30,2001,2005-01-31,Defined,30,2005,,,2,1,"DISPLAY_NAME_UNRESOLVED",89,MEDIUM
321190,"","Fernando Cléber",IDENTITY_FRAGMENT,Contracted,4435,740,301102,"CR Brasil",740,301102,"CR Brasil",False,377,2001,2006-01-31,Defined,30,2006,,,2,1,"DISPLAY_NAME_UNRESOLVED",89,MEDIUM
321186,"","Ferreira de Carvalho",IDENTITY_FRAGMENT,Contracted,4431,740,301102,"CR Brasil",740,301102,"CR Brasil",False,143,2001,2006-01-31,Defined,30,2006,,,2,1,"DISPLAY_NAME_UNRESOLVED",89,MEDIUM
320474,"","Ferriera da Silva",IDENTITY_FRAGMENT,Contracted,4307,740,301102,"CR Brasil",740,301102,"CR Brasil",False,75,2001,2006-01-31,Defined,30,2006,,,2,1,"DISPLAY_NAME_UNRESOLVED",89,MEDIUM
318813,"","Francisco Marcos",IDENTITY_FRAGMENT,Contracted,3961,740,301102,"CR Brasil",740,301102,"CR Brasil",False,548,2002,2004-12-31,Defined,365,2004,,,2,1,"DISPLAY_NAME_UNRESOLVED",89,MEDIUM
317262,"","Freitas",IDENTITY_FRAGMENT,Contracted,3667,740,301102,"CR Brasil",740,301102,"CR Brasil",False,100,2001,2007-01-31,Defined,30,2007,,,2,1,"DISPLAY_NAME_UNRESOLVED",89,MEDIUM
320473,"","Gaby Márcio Alexandre",IDENTITY_FRAGMENT,Contracted,4306,740,301102,"CR Brasil",740,301102,"CR Brasil",False,75,2001,2005-01-31,Defined,30,2005,,,2,1,"DISPLAY_NAME_UNRESOLVED",89,MEDIUM
4100851,"","Gilberto César",IDENTITY_FRAGMENT,Contracted,5993,740,301102,"CR Brasil",740,301102,"CR Brasil",False,389,2004,2004-09-30,Defined,273,2004,,,1,1,"DISPLAY_NAME_UNRESOLVED",89,MEDIUM
8833536,"","Gonçalves Costa",IDENTITY_FRAGMENT,Contracted,7389,740,301102,"CR Brasil",740,301102,"CR Brasil",False,347,2001,2006-01-31,Defined,30,2006,,,2,1,"DISPLAY_NAME_UNRESOLVED",89,MEDIUM
321187,"","Guilherme Ernesto",IDENTITY_FRAGMENT,Contracted,4432,740,301102,"CR Brasil",740,301102,"CR Brasil",False,184,2001,2006-01-31,Defined,30,2006,,,2,1,"DISPLAY_NAME_UNRESOLVED",89,MEDIUM
3301009,"","Heron Ricardo",IDENTITY_FRAGMENT,Contracted,5573,740,301102,"CR Brasil",740,301102,"CR Brasil",False,630,2001,2009-01-31,Defined,30,2009,,,2,1,"DISPLAY_NAME_UNRESOLVED",89,MEDIUM
320475,"","Ítalo Melo",IDENTITY_FRAGMENT,Contracted,4308,740,301102,"CR Brasil",740,301102,"CR Brasil",False,251,2003,2006-01-06,Defined,5,2006,,,1,1,"DISPLAY_NAME_UNRESOLVED",89,MEDIUM
302976,"","Jair Neilson",IDENTITY_FRAGMENT,Contracted,883,740,301102,"CR Brasil",740,301102,"CR Brasil",False,161,2003,2004-12-31,Defined,365,2004,,,2,1,"DISPLAY_NAME_UNRESOLVED",89,MEDIUM
304611,"","João Fumaça",IDENTITY_FRAGMENT,Contracted,1224,740,301102,"CR Brasil",740,301102,"CR Brasil",False,411,2004,2006-01-31,Defined,30,2006,,,1,1,"DISPLAY_NAME_UNRESOLVED",89,MEDIUM
321151,"","João Herculano",IDENTITY_FRAGMENT,OnLoan,4418,57,328,"C Náutico Capibaribe",740,301102,"CR Brasil",True,195,2004,2006-01-31,Defined,30,2006,195,2004-12-31,2,2,"DISPLAY_NAME_UNRESOLVED",97,HIGH
304210,"","Lima Fontes Conceição",IDENTITY_FRAGMENT,Contracted,1060,740,301102,"CR Brasil",740,301102,"CR Brasil",False,135,2001,2005-01-31,Defined,30,2005,,,2,1,"DISPLAY_NAME_UNRESOLVED",89,MEDIUM
311341,"","Macena da Silva",IDENTITY_FRAGMENT,Contracted,2352,740,301102,"CR Brasil",740,301102,"CR Brasil",False,344,2003,2006-01-31,Defined,30,2006,,,1,1,"DISPLAY_NAME_UNRESOLVED",89,MEDIUM
320075,"","Machado Maciel",IDENTITY_FRAGMENT,Contracted,4226,740,301102,"CR Brasil",740,301102,"CR Brasil",False,176,2004,2006-01-31,Defined,30,2006,,,2,1,"DISPLAY_NAME_UNRESOLVED",89,MEDIUM
3300876,"","Marcelo Francisco",IDENTITY_FRAGMENT,Contracted,5518,740,301102,"CR Brasil",740,301102,"CR Brasil",False,287,2002,2005-01-31,Defined,30,2005,,,2,1,"DISPLAY_NAME_UNRESOLVED",89,MEDIUM
8501,"","Morais de Araújo",IDENTITY_FRAGMENT,Contracted,193,740,301102,"CR Brasil",740,301102,"CR Brasil",False,429,2004,2004-09-30,Defined,273,2004,,,2,1,"DISPLAY_NAME_UNRESOLVED",89,MEDIUM
8833535,"","Moreira Santos",IDENTITY_FRAGMENT,Contracted,7388,740,301102,"CR Brasil",740,301102,"CR Brasil",False,138,2001,2006-01-31,Defined,30,2006,,,2,1,"DISPLAY_NAME_UNRESOLVED",89,MEDIUM
309487,"","Pedro Roberto",IDENTITY_FRAGMENT,Contracted,2007,740,301102,"CR Brasil",740,301102,"CR Brasil",False,100,2001,2007-01-31,Defined,30,2007,,,1,1,"DISPLAY_NAME_UNRESOLVED",89,MEDIUM
309489,"","Peixe",IDENTITY_FRAGMENT,Contracted,2009,740,301102,"CR Brasil",740,301102,"CR Brasil",False,100,2001,2007-01-31,Defined,30,2007,,,2,1,"DISPLAY_NAME_UNRESOLVED",89,MEDIUM
8833534,"","Queiroz dos Santos",IDENTITY_FRAGMENT,Contracted,7387,740,301102,"CR Brasil",740,301102,"CR Brasil",False,110,2001,2006-01-31,Defined,30,2006,,,2,1,"DISPLAY_NAME_UNRESOLVED",89,MEDIUM
320470,"","Santana da Silva Júnior",IDENTITY_FRAGMENT,Contracted,4303,740,301102,"CR Brasil",740,301102,"CR Brasil",False,75,2001,2006-01-31,Defined,30,2006,,,2,1,"DISPLAY_NAME_UNRESOLVED",89,MEDIUM
311777,"","Selmo",IDENTITY_FRAGMENT,OnLoan,2447,576,107222,"Mogi Mirim EC",740,301102,"CR Brasil",True,290,2001,2006-01-31,Defined,30,2006,290,2004-12-31,2,2,"DISPLAY_NAME_UNRESOLVED",97,HIGH
320472,"","Silva de Santana",IDENTITY_FRAGMENT,Contracted,4305,740,301102,"CR Brasil",740,301102,"CR Brasil",False,75,2001,2006-01-31,Defined,30,2006,,,2,1,"DISPLAY_NAME_UNRESOLVED",89,MEDIUM
304579,"","Vanderley",IDENTITY_FRAGMENT,Contracted,1209,740,301102,"CR Brasil",740,301102,"CR Brasil",False,245,2003,2006-01-31,Defined,30,2006,,,2,1,"DISPLAY_NAME_UNRESOLVED",89,MEDIUM
316218,"","Wágner Diniz",IDENTITY_FRAGMENT,Contracted,3143,740,301102,"CR Brasil",740,301102,"CR Brasil",False,153,2000,2005-06-17,Defined,167,2005,,,2,1,"DISPLAY_NAME_UNRESOLVED",89,MEDIUM
316221,"","Wágner Weslei",IDENTITY_FRAGMENT,Contracted,3144,740,301102,"CR Brasil",740,301102,"CR Brasil",False,309,2001,2006-01-31,Defined,30,2006,,,1,1,"DISPLAY_NAME_UNRESOLVED",89,MEDIUM
309486,"","Williams",IDENTITY_FRAGMENT,Contracted,2006,740,301102,"CR Brasil",740,301102,"CR Brasil",False,75,2001,2009-01-31,Defined,30,2009,,,1,1,"DISPLAY_NAME_UNRESOLVED",89,MEDIUM
142358,"","Anderson Luiz",IDENTITY_FRAGMENT,Contracted,679,51,322,"CR Flamengo",51,322,"CR Flamengo",False,75,2001,2006-01-31,Defined,30,2006,,,2,1,"DISPLAY_NAME_UNRESOLVED",89,MEDIUM
3300420,"","Andrade da Silva",IDENTITY_FRAGMENT,Contracted,5364,51,322,"CR Flamengo",51,322,"CR Flamengo",False,873,2001,2009-01-31,Defined,30,2009,,,2,1,"DISPLAY_NAME_UNRESOLVED",89,MEDIUM
315184,"","André Silva",IDENTITY_FRAGMENT,Contracted,2666,51,322,"CR Flamengo",51,322,"CR Flamengo",False,53,2001,2005-01-31,Defined,30,2005,,,2,1,"DISPLAY_NAME_UNRESOLVED",89,MEDIUM
315179,"","Armênio",IDENTITY_FRAGMENT,Contracted,2663,51,322,"CR Flamengo",51,322,"CR Flamengo",False,733,2001,2008-01-31,Defined,30,2008,,,2,1,"DISPLAY_NAME_UNRESOLVED",89,MEDIUM
3301274,"","Barbosa Conceição",IDENTITY_FRAGMENT,Contracted,5702,51,322,"CR Flamengo",51,322,"CR Flamengo",False,2827,2004,2005-01-31,Defined,30,2005,,,2,1,"DISPLAY_NAME_UNRESOLVED",89,MEDIUM
311518,"","Borges dos Santos",IDENTITY_FRAGMENT,Contracted,2397,51,322,"CR Flamengo",51,322,"CR Flamengo",False,931,2001,2008-01-31,Defined,30,2008,,,1,1,"DISPLAY_NAME_UNRESOLVED",89,MEDIUM
8832815,"","Bruno Santos",IDENTITY_FRAGMENT,Contracted,7159,51,322,"CR Flamengo",51,322,"CR Flamengo",False,471,2002,2005-08-30,Defined,241,2005,,,2,1,"DISPLAY_NAME_UNRESOLVED",89,MEDIUM
315120,"","Carlos César",IDENTITY_FRAGMENT,Contracted,2613,51,322,"CR Flamengo",51,322,"CR Flamengo",False,733,2001,2009-01-31,Defined,30,2009,,,2,1,"DISPLAY_NAME_UNRESOLVED",89,MEDIUM
315099,"","Carlos Renan",IDENTITY_FRAGMENT,Contracted,2598,51,322,"CR Flamengo",51,322,"CR Flamengo",False,75,2001,2006-01-31,Defined,30,2006,,,2,1,"DISPLAY_NAME_UNRESOLVED",89,MEDIUM
3300632,"","Coelho Lugão",IDENTITY_FRAGMENT,OnLoan,5408,585,107240,"Volta Redonda FC",51,322,"CR Flamengo",True,82,2001,2006-01-31,Defined,30,2006,82,2004-12-31,2,2,"DISPLAY_NAME_UNRESOLVED",97,HIGH
3300188,"","Crizan César",IDENTITY_FRAGMENT,Contracted,5277,51,322,"CR Flamengo",51,322,"CR Flamengo",False,1071,2004,2005-01-31,Defined,30,2005,,,2,1,"DISPLAY_NAME_UNRESOLVED",89,MEDIUM
306526,"","da Costa Pinheiro",IDENTITY_FRAGMENT,Contracted,1642,51,322,"CR Flamengo",51,322,"CR Flamengo",False,75,2001,2006-01-31,Defined,30,2006,,,1,1,"DISPLAY_NAME_UNRESOLVED",89,MEDIUM
306484,"","de Assis Clarentino Valentim",IDENTITY_FRAGMENT,Contracted,1630,51,322,"CR Flamengo",51,322,"CR Flamengo",False,272,2004,2006-01-31,Defined,30,2006,,,2,1,"DISPLAY_NAME_UNRESOLVED",89,MEDIUM
315189,"","de Meriji Gouveia",IDENTITY_FRAGMENT,Contracted,2668,51,322,"CR Flamengo",51,322,"CR Flamengo",False,341,2001,2006-01-31,Defined,30,2006,,,2,1,"DISPLAY_NAME_UNRESOLVED",89,MEDIUM
315107,"","Domingos",IDENTITY_FRAGMENT,Contracted,2603,51,322,"CR Flamengo",51,322,"CR Flamengo",False,307,2001,2006-01-31,Defined,30,2006,,,2,1,"DISPLAY_NAME_UNRESOLVED",89,MEDIUM
311934,"","Edson Francisco",IDENTITY_FRAGMENT,Contracted,2491,51,322,"CR Flamengo",51,322,"CR Flamengo",False,75,2001,2006-01-31,Defined,30,2006,,,2,1,"DISPLAY_NAME_UNRESOLVED",89,MEDIUM
3300005,"","Felipe Jorge",IDENTITY_FRAGMENT,Contracted,5220,51,322,"CR Flamengo",51,322,"CR Flamengo",False,5113,2003,2004-12-31,Defined,365,2004,,,2,1,"DISPLAY_NAME_UNRESOLVED",89,MEDIUM
8832817,"","Flores Bonfim",IDENTITY_FRAGMENT,FormationContract,7160,51,322,"CR Flamengo",51,322,"CR Flamengo",False,33,2001,,NotDefined,1,1900,,,1,1,"SENTINEL_END_DATE|DISPLAY_NAME_UNRESOLVED",89,MEDIUM
320572,"","Fracchi Fernandes",IDENTITY_FRAGMENT,FormationContract,4335,51,322,"CR Flamengo",51,322,"CR Flamengo",False,31,2001,,NotDefined,1,1900,,,2,1,"SENTINEL_END_DATE|DISPLAY_NAME_UNRESOLVED",89,MEDIUM
8832818,"","Frederico",IDENTITY_FRAGMENT,Contracted,7161,51,322,"CR Flamengo",51,322,"CR Flamengo",False,433,2001,2008-01-31,Defined,30,2008,,,2,1,"DISPLAY_NAME_UNRESOLVED",89,MEDIUM
320563,"","Gabriel Michel",IDENTITY_FRAGMENT,FormationContract,4327,51,322,"CR Flamengo",51,322,"CR Flamengo",False,32,2001,,NotDefined,1,1900,,,2,1,"SENTINEL_END_DATE|DISPLAY_NAME_UNRESOLVED",89,MEDIUM
308331,"","Garcia Nunes",IDENTITY_FRAGMENT,Contracted,1910,51,322,"CR Flamengo",51,322,"CR Flamengo",False,733,2001,2009-01-31,Defined,30,2009,,,2,1,"DISPLAY_NAME_UNRESOLVED",89,MEDIUM
320555,"","Gaspar Bonfim",IDENTITY_FRAGMENT,FormationContract,4319,51,322,"CR Flamengo",51,322,"CR Flamengo",False,33,2001,,NotDefined,1,1900,,,2,1,"SENTINEL_END_DATE|DISPLAY_NAME_UNRESOLVED",89,MEDIUM
315095,"","Getúlio Vargas",IDENTITY_FRAGMENT,Contracted,2594,51,322,"CR Flamengo",51,322,"CR Flamengo",False,198,2001,2005-01-31,Defined,30,2005,,,2,1,"DISPLAY_NAME_UNRESOLVED",89,MEDIUM
315191,"","Gilmar Augusto",IDENTITY_FRAGMENT,Contracted,2670,51,322,"CR Flamengo",51,322,"CR Flamengo",False,75,2001,2005-01-31,Defined,30,2005,,,2,1,"DISPLAY_NAME_UNRESOLVED",89,MEDIUM
315200,"","Giuseppe",IDENTITY_FRAGMENT,Contracted,2676,51,322,"CR Flamengo",51,322,"CR Flamengo",False,433,2001,2007-01-31,Defined,30,2007,,,2,1,"DISPLAY_NAME_UNRESOLVED",89,MEDIUM
400650,"","Gomes Raimundo",IDENTITY_FRAGMENT,Contracted,4476,51,322,"CR Flamengo",51,322,"CR Flamengo",False,2467,2001,2007-01-31,Defined,30,2007,,,1,1,"DISPLAY_NAME_UNRESOLVED",89,MEDIUM
315183,"","Hélder",IDENTITY_FRAGMENT,Contracted,2665,51,322,"CR Flamengo",51,322,"CR Flamengo",False,53,2002,2005-01-31,Defined,30,2005,,,2,1,"DISPLAY_NAME_UNRESOLVED",89,MEDIUM
315111,"","Ibson",IDENTITY_FRAGMENT,Contracted,2607,51,322,"CR Flamengo",51,322,"CR Flamengo",False,388,2001,2005-01-31,Defined,30,2005,,,2,1,"DISPLAY_NAME_UNRESOLVED",89,MEDIUM
315187,"","Ilaílson",IDENTITY_FRAGMENT,Contracted,2667,51,322,"CR Flamengo",51,322,"CR Flamengo",False,55,2002,2005-01-31,Defined,30,2005,,,2,1,"DISPLAY_NAME_UNRESOLVED",89,MEDIUM
315116,"Jean","Jean",KNOWN_DISPLAY_NAME,Contracted,2610,51,322,"CR Flamengo",51,322,"CR Flamengo",False,672,2001,2006-01-31,Defined,30,2006,,,2,1,"IDENTITY_NOT_RESOLVED",89,MEDIUM
315192,"","João Alexandre",IDENTITY_FRAGMENT,Contracted,2671,51,322,"CR Flamengo",51,322,"CR Flamengo",False,75,2002,2005-12-31,Defined,364,2005,,,2,1,"DISPLAY_NAME_UNRESOLVED",89,MEDIUM
8832820,"","José Edicarlos",IDENTITY_FRAGMENT,OnLoan,7163,798,301210,"Campinense C",51,322,"CR Flamengo",True,453,2004,2006-01-31,Defined,30,2006,453,2004-12-31,2,2,"DISPLAY_NAME_UNRESOLVED",97,HIGH
120919,"","Juliano Elizeu",IDENTITY_FRAGMENT,Contracted,602,51,322,"CR Flamengo",51,322,"CR Flamengo",False,504,2004,2004-12-31,Defined,365,2004,,,2,1,"DISPLAY_NAME_UNRESOLVED",89,MEDIUM
302722,"","Leme",IDENTITY_FRAGMENT,Contracted,848,51,322,"CR Flamengo",51,322,"CR Flamengo",False,733,2001,2007-01-31,Defined,30,2007,,,1,1,"DISPLAY_NAME_UNRESOLVED",89,MEDIUM
315252,"","Leonardo Bruno",IDENTITY_FRAGMENT,OnLoan,2716,585,107240,"Volta Redonda FC",51,322,"CR Flamengo",True,80,2003,2005-05-08,Defined,127,2005,80,2004-12-31,2,2,"DISPLAY_NAME_UNRESOLVED",97,HIGH
8827465,"","Lima de Menezes",IDENTITY_FRAGMENT,Contracted,6885,51,322,"CR Flamengo",51,322,"CR Flamengo",False,207,2001,2005-01-31,Defined,30,2005,,,2,1,"DISPLAY_NAME_UNRESOLVED",89,MEDIUM
315180,"","Lomba do Nascimento",IDENTITY_FRAGMENT,Contracted,2664,51,322,"CR Flamengo",51,322,"CR Flamengo",False,31,2001,2005-01-31,Defined,30,2005,,,2,1,"DISPLAY_NAME_UNRESOLVED",89,MEDIUM
320591,"","Macedo Castellani",IDENTITY_FRAGMENT,Contracted,4344,51,322,"CR Flamengo",51,322,"CR Flamengo",False,346,2001,2005-01-31,Defined,30,2005,,,2,1,"DISPLAY_NAME_UNRESOLVED",89,MEDIUM
311146,"","Maciel Lourenço",IDENTITY_FRAGMENT,Contracted,2263,51,322,"CR Flamengo",51,322,"CR Flamengo",False,75,2001,2005-01-31,Defined,30,2005,,,2,1,"DISPLAY_NAME_UNRESOLVED",89,MEDIUM
311145,"","Miranda da Silva Júnior",IDENTITY_FRAGMENT,Contracted,2262,51,322,"CR Flamengo",51,322,"CR Flamengo",False,75,2001,2005-01-31,Defined,30,2005,,,2,1,"DISPLAY_NAME_UNRESOLVED",89,MEDIUM
301834,"","Moracy",IDENTITY_FRAGMENT,Contracted,742,51,322,"CR Flamengo",51,322,"CR Flamengo",False,759,2001,2008-01-31,Defined,30,2008,,,2,1,"DISPLAY_NAME_UNRESOLVED",89,MEDIUM
8832819,"","Moreira Fernandes",IDENTITY_FRAGMENT,Contracted,7162,51,322,"CR Flamengo",51,322,"CR Flamengo",False,75,2004,2006-01-31,Defined,30,2006,,,2,1,"DISPLAY_NAME_UNRESOLVED",89,MEDIUM
8832821,"","Niélsen",IDENTITY_FRAGMENT,Contracted,7164,51,322,"CR Flamengo",51,322,"CR Flamengo",False,76,2004,2004-12-31,Defined,365,2004,,,1,1,"DISPLAY_NAME_UNRESOLVED",89,MEDIUM
315194,"","Rodrigo Marcelino",IDENTITY_FRAGMENT,Contracted,2673,51,322,"CR Flamengo",51,322,"CR Flamengo",False,75,2001,2005-01-31,Defined,30,2005,,,1,1,"DISPLAY_NAME_UNRESOLVED",89,MEDIUM
315096,"","Rodrigues de Moura Júnior",IDENTITY_FRAGMENT,Contracted,2595,51,322,"CR Flamengo",51,322,"CR Flamengo",False,53,2001,2005-01-31,Defined,30,2005,,,2,1,"DISPLAY_NAME_UNRESOLVED",89,MEDIUM
319213,"","Roger",IDENTITY_FRAGMENT,OnLoan,3980,48,319,"SC Corinthians Paulista",51,322,"CR Flamengo",True,225,2002,2006-06-01,Defined,151,2006,225,2004-12-31,2,2,"DISPLAY_NAME_UNRESOLVED",97,HIGH
315094,"","Salgado Costa Menezes",IDENTITY_FRAGMENT,Contracted,2593,51,322,"CR Flamengo",51,322,"CR Flamengo",False,159,2001,2006-01-31,Defined,30,2006,,,2,1,"DISPLAY_NAME_UNRESOLVED",89,MEDIUM
311172,"","Sanz",IDENTITY_FRAGMENT,Contracted,2277,51,322,"CR Flamengo",51,322,"CR Flamengo",False,733,2001,2007-01-31,Defined,30,2007,,,1,1,"DISPLAY_NAME_UNRESOLVED",89,MEDIUM
8833586,"","Saraiva Fagundes",IDENTITY_FRAGMENT,OnLoan,7439,53,324,"Grêmio FBPA",51,322,"CR Flamengo",True,235,2004,2006-03-21,Defined,79,2006,235,2004-12-31,2,2,"DISPLAY_NAME_UNRESOLVED",97,HIGH
315108,"","Schneider",IDENTITY_FRAGMENT,Contracted,2604,51,322,"CR Flamengo",51,322,"CR Flamengo",False,311,2001,2006-01-31,Defined,30,2006,,,2,1,"DISPLAY_NAME_UNRESOLVED",89,MEDIUM
315199,"","Seraphim",IDENTITY_FRAGMENT,Contracted,2675,51,322,"CR Flamengo",51,322,"CR Flamengo",False,433,2001,2008-01-31,Defined,30,2008,,,1,1,"DISPLAY_NAME_UNRESOLVED",89,MEDIUM
315103,"","Silva Cabral",IDENTITY_FRAGMENT,Contracted,2600,51,322,"CR Flamengo",51,322,"CR Flamengo",False,299,2001,2006-01-31,Defined,30,2006,,,2,1,"DISPLAY_NAME_UNRESOLVED",89,MEDIUM
320569,"","Soares de Oliveira Augusto",IDENTITY_FRAGMENT,FormationContract,4332,51,322,"CR Flamengo",51,322,"CR Flamengo",False,32,2001,,NotDefined,1,1900,,,2,1,"SENTINEL_END_DATE|DISPLAY_NAME_UNRESOLVED",89,MEDIUM
321139,"","Thiago Campos",IDENTITY_FRAGMENT,Contracted,4413,51,322,"CR Flamengo",51,322,"CR Flamengo",False,75,2001,2005-01-31,Defined,30,2005,,,1,1,"DISPLAY_NAME_UNRESOLVED",89,MEDIUM
302702,"","Toninho Oliveira",IDENTITY_FRAGMENT,Contracted,847,51,322,"CR Flamengo",51,322,"CR Flamengo",False,733,2001,2007-01-31,Defined,30,2007,,,1,1,"DISPLAY_NAME_UNRESOLVED",89,MEDIUM
8830358,"","Valdenir",IDENTITY_FRAGMENT,OnLoan,7045,575,107220,"Madureira EC",51,322,"CR Flamengo",True,591,2001,2006-01-31,Defined,30,2006,591,2004-12-31,2,2,"DISPLAY_NAME_UNRESOLVED",97,HIGH
317217,"","Ventura Rodrigues",IDENTITY_FRAGMENT,Contracted,3643,51,322,"CR Flamengo",51,322,"CR Flamengo",False,34,2001,2005-01-31,Defined,30,2005,,,2,1,"DISPLAY_NAME_UNRESOLVED",89,MEDIUM
8832567,"","Vinícius Pacheco",IDENTITY_FRAGMENT,Contracted,7119,51,322,"CR Flamengo",51,322,"CR Flamengo",False,256,2001,2005-01-31,Defined,30,2005,,,2,1,"DISPLAY_NAME_UNRESOLVED",89,MEDIUM
7002985,"","Whelliton",IDENTITY_FRAGMENT,Contracted,6580,51,322,"CR Flamengo",51,322,"CR Flamengo",False,600,2004,2005-01-31,Defined,30,2005,,,2,1,"DISPLAY_NAME_UNRESOLVED",89,MEDIUM
315098,"","Yuri",IDENTITY_FRAGMENT,Contracted,2597,51,322,"CR Flamengo",51,322,"CR Flamengo",False,54,2001,2005-01-31,Defined,30,2005,,,2,1,"DISPLAY_NAME_UNRESOLVED",89,MEDIUM
3300673,"","Déo",IDENTITY_FRAGMENT,Contracted,5425,1059,311002,"CR Guará",1059,311002,"CR Guará",False,250,2001,2008-01-31,Defined,30,2008,,,2,1,"DISPLAY_NAME_UNRESOLVED",89,MEDIUM
305745,"","Alex Silva",IDENTITY_FRAGMENT,Contracted,1431,68,339,"CR Vasco da Gama",68,339,"CR Vasco da Gama",False,242,2003,2006-01-31,Defined,30,2006,,,1,1,"DISPLAY_NAME_UNRESOLVED",89,MEDIUM
8830362,"","Almeida Júnior",IDENTITY_FRAGMENT,Contracted,7049,68,339,"CR Vasco da Gama",68,339,"CR Vasco da Gama",False,75,2003,2006-01-31,Defined,30,2006,,,2,1,"DISPLAY_NAME_UNRESOLVED",89,MEDIUM
315160,"","André da Cal",IDENTITY_FRAGMENT,Contracted,2647,68,339,"CR Vasco da Gama",68,339,"CR Vasco da Gama",False,75,2001,2006-01-31,Defined,30,2006,,,2,1,"DISPLAY_NAME_UNRESOLVED",89,MEDIUM
320766,"","Antônio Augusto",IDENTITY_FRAGMENT,Contracted,4371,68,339,"CR Vasco da Gama",68,339,"CR Vasco da Gama",False,70,2001,2005-01-31,Defined,30,2005,,,2,1,"DISPLAY_NAME_UNRESOLVED",89,MEDIUM
8832827,"","Barreto Adão",IDENTITY_FRAGMENT,Contracted,7169,68,339,"CR Vasco da Gama",68,339,"CR Vasco da Gama",False,52,2004,2006-01-01,Defined,0,2006,,,2,1,"DISPLAY_NAME_UNRESOLVED",89,MEDIUM
8827470,"","Barreto da Silva",IDENTITY_FRAGMENT,Contracted,6887,68,339,"CR Vasco da Gama",68,339,"CR Vasco da Gama",False,320,2001,2005-01-31,Defined,30,2005,,,2,1,"DISPLAY_NAME_UNRESOLVED",89,MEDIUM
8832824,"","Barreto Silva Lima",IDENTITY_FRAGMENT,Contracted,7167,68,339,"CR Vasco da Gama",68,339,"CR Vasco da Gama",False,336,2004,2005-01-31,Defined,30,2005,,,2,1,"DISPLAY_NAME_UNRESOLVED",89,MEDIUM
315165,"","Bernardo",IDENTITY_FRAGMENT,Contracted,2652,68,339,"CR Vasco da Gama",68,339,"CR Vasco da Gama",False,75,2001,2006-01-31,Defined,30,2006,,,2,1,"DISPLAY_NAME_UNRESOLVED",89,MEDIUM
8827471,"","Borges Leal",IDENTITY_FRAGMENT,Contracted,6888,68,339,"CR Vasco da Gama",68,339,"CR Vasco da Gama",False,75,2001,2005-01-31,Defined,30,2005,,,2,1,"DISPLAY_NAME_UNRESOLVED",89,MEDIUM
311221,"","Bragança",IDENTITY_FRAGMENT,Contracted,2320,68,339,"CR Vasco da Gama",68,339,"CR Vasco da Gama",False,708,2001,2009-01-31,Defined,30,2009,,,1,1,"DISPLAY_NAME_UNRESOLVED",89,MEDIUM
320768,"","Breda Rodrigues",IDENTITY_FRAGMENT,Contracted,4373,68,339,"CR Vasco da Gama",68,339,"CR Vasco da Gama",False,52,2001,2005-01-31,Defined,30,2005,,,1,1,"DISPLAY_NAME_UNRESOLVED",89,MEDIUM
315171,"","Cabral Santos",IDENTITY_FRAGMENT,Contracted,2656,68,339,"CR Vasco da Gama",68,339,"CR Vasco da Gama",False,210,2001,2006-01-31,Defined,30,2006,,,2,1,"DISPLAY_NAME_UNRESOLVED",89,MEDIUM
315152,"","Carvalho Borges",IDENTITY_FRAGMENT,Contracted,2641,68,339,"CR Vasco da Gama",68,339,"CR Vasco da Gama",False,75,2001,2005-01-31,Defined,30,2005,,,2,1,"DISPLAY_NAME_UNRESOLVED",89,MEDIUM
8833540,"","Celso Eduardo",IDENTITY_FRAGMENT,Contracted,7393,68,339,"CR Vasco da Gama",68,339,"CR Vasco da Gama",False,75,2004,2005-01-31,Defined,30,2005,,,2,1,"DISPLAY_NAME_UNRESOLVED",89,MEDIUM
315752,"","Coelho de Azevedo",IDENTITY_FRAGMENT,OnLoan,2901,818,301247,"AD Cabofriense",68,339,"CR Vasco da Gama",True,351,2001,2006-01-31,Defined,30,2006,351,2005-01-05,1,2,"DISPLAY_NAME_UNRESOLVED",97,HIGH
320291,"","Coutinho Barcellos dos Santos",IDENTITY_FRAGMENT,Contracted,4267,68,339,"CR Vasco da Gama",68,339,"CR Vasco da Gama",False,293,2004,2009-02-28,Defined,58,2009,,,2,1,"DISPLAY_NAME_UNRESOLVED",89,MEDIUM
8832828,"","da Conceição Silva",IDENTITY_FRAGMENT,OnLoan,7170,575,107220,"Madureira EC",68,339,"CR Vasco da Gama",True,293,2004,2005-01-31,Defined,30,2005,293,2004-12-31,1,2,"DISPLAY_NAME_UNRESOLVED",97,HIGH
315161,"","da Silva Carvalho Júnior",IDENTITY_FRAGMENT,Contracted,2648,68,339,"CR Vasco da Gama",68,339,"CR Vasco da Gama",False,75,2001,2005-01-31,Defined,30,2005,,,2,1,"DISPLAY_NAME_UNRESOLVED",89,MEDIUM
320286,"","da Silva de Oliveira",IDENTITY_FRAGMENT,Contracted,4262,68,339,"CR Vasco da Gama",68,339,"CR Vasco da Gama",False,75,2001,2005-01-31,Defined,30,2005,,,2,1,"DISPLAY_NAME_UNRESOLVED",89,MEDIUM
320283,"","de Lima Souto",IDENTITY_FRAGMENT,Contracted,4259,68,339,"CR Vasco da Gama",68,339,"CR Vasco da Gama",False,75,2001,2006-01-31,Defined,30,2006,,,2,1,"DISPLAY_NAME_UNRESOLVED",89,MEDIUM
301531,"","de Moraes Filho",IDENTITY_FRAGMENT,Contracted,710,68,339,"CR Vasco da Gama",68,339,"CR Vasco da Gama",False,2668,2002,2005-01-31,Defined,30,2005,,,1,1,"DISPLAY_NAME_UNRESOLVED",89,MEDIUM
311920,"","Denivaldo",IDENTITY_FRAGMENT,Contracted,2483,68,339,"CR Vasco da Gama",68,339,"CR Vasco da Gama",False,227,2001,2006-01-31,Defined,30,2006,,,2,1,"DISPLAY_NAME_UNRESOLVED",89,MEDIUM
8830359,"","Dias de Carvalho",IDENTITY_FRAGMENT,Contracted,7046,68,339,"CR Vasco da Gama",68,339,"CR Vasco da Gama",False,75,2003,2006-01-31,Defined,30,2006,,,1,1,"DISPLAY_NAME_UNRESOLVED",89,MEDIUM
315157,"","Duarte Barbirato",IDENTITY_FRAGMENT,Contracted,2645,68,339,"CR Vasco da Gama",68,339,"CR Vasco da Gama",False,75,2001,2006-01-31,Defined,30,2006,,,2,1,"DISPLAY_NAME_UNRESOLVED",89,MEDIUM
2001468,"","Emerson Moisés",IDENTITY_FRAGMENT,Contracted,4998,68,339,"CR Vasco da Gama",68,339,"CR Vasco da Gama",False,2556,2004,2006-01-31,Defined,30,2006,,,2,1,"DISPLAY_NAME_UNRESOLVED",89,MEDIUM
303204,"","Fábio Deivson",IDENTITY_FRAGMENT,Contracted,898,68,339,"CR Vasco da Gama",68,339,"CR Vasco da Gama",False,1616,2001,2006-07-20,Defined,200,2006,,,2,1,"DISPLAY_NAME_UNRESOLVED",89,MEDIUM
315327,"","Fábio Marcelo",IDENTITY_FRAGMENT,Contracted,2750,68,339,"CR Vasco da Gama",68,339,"CR Vasco da Gama",False,408,2001,2007-01-31,Defined,30,2007,,,1,1,"DISPLAY_NAME_UNRESOLVED",89,MEDIUM
2001401,"","Fabrício Eduardo",IDENTITY_FRAGMENT,Contracted,4987,68,339,"CR Vasco da Gama",68,339,"CR Vasco da Gama",False,306,2001,2006-01-31,Defined,30,2006,,,2,1,"DISPLAY_NAME_UNRESOLVED",89,MEDIUM
3300215,"","Fernandes Carzola",IDENTITY_FRAGMENT,Contracted,5289,68,339,"CR Vasco da Gama",68,339,"CR Vasco da Gama",False,211,2001,2005-01-31,Defined,30,2005,,,1,1,"DISPLAY_NAME_UNRESOLVED",89,MEDIUM
315394,"","Glaydson Marcelino",IDENTITY_FRAGMENT,Contracted,2782,68,339,"CR Vasco da Gama",68,339,"CR Vasco da Gama",False,238,2001,2006-01-31,Defined,30,2006,,,1,1,"DISPLAY_NAME_UNRESOLVED",89,MEDIUM
315159,"","Gomes",IDENTITY_FRAGMENT,Contracted,2646,68,339,"CR Vasco da Gama",68,339,"CR Vasco da Gama",False,75,2001,2006-01-31,Defined,30,2006,,,2,1,"DISPLAY_NAME_UNRESOLVED",89,MEDIUM
3300003,"","Gonçalves Miranda",IDENTITY_FRAGMENT,Contracted,5218,68,339,"CR Vasco da Gama",68,339,"CR Vasco da Gama",False,393,2001,2006-01-31,Defined,30,2006,,,2,1,"DISPLAY_NAME_UNRESOLVED",89,MEDIUM
315168,"","Guido",IDENTITY_FRAGMENT,Contracted,2654,68,339,"CR Vasco da Gama",68,339,"CR Vasco da Gama",False,75,2001,2006-01-31,Defined,30,2006,,,2,1,"DISPLAY_NAME_UNRESOLVED",89,MEDIUM
318314,"","Gustavo César",IDENTITY_FRAGMENT,OnLoan,3904,1357,314757,"C Atlético Hermann Aichinger",68,339,"CR Vasco da Gama",True,206,2001,2006-01-31,Defined,30,2006,206,2004-12-31,2,2,"DISPLAY_NAME_UNRESOLVED",97,HIGH
127536,"","Joel Natalino",IDENTITY_FRAGMENT,Contracted,623,68,339,"CR Vasco da Gama",68,339,"CR Vasco da Gama",False,2589,2004,2009-01-31,Defined,30,2009,,,2,1,"DISPLAY_NAME_UNRESOLVED",89,MEDIUM
302913,"","Léo Macaé",IDENTITY_FRAGMENT,Contracted,870,68,339,"CR Vasco da Gama",68,339,"CR Vasco da Gama",False,80,2001,2006-01-31,Defined,30,2006,,,2,1,"DISPLAY_NAME_UNRESOLVED",89,MEDIUM
8830361,"","Leonardo Henrique",IDENTITY_FRAGMENT,Contracted,7048,68,339,"CR Vasco da Gama",68,339,"CR Vasco da Gama",False,220,2003,2006-01-31,Defined,30,2006,,,2,1,"DISPLAY_NAME_UNRESOLVED",89,MEDIUM
315169,"","Maciel Santiago",IDENTITY_FRAGMENT,Contracted,2655,68,339,"CR Vasco da Gama",68,339,"CR Vasco da Gama",False,75,2001,2006-01-31,Defined,30,2006,,,2,1,"DISPLAY_NAME_UNRESOLVED",89,MEDIUM
315174,"","Marcelo Constantino",IDENTITY_FRAGMENT,Contracted,2658,68,339,"CR Vasco da Gama",68,339,"CR Vasco da Gama",False,75,2001,2006-01-31,Defined,30,2006,,,2,1,"DISPLAY_NAME_UNRESOLVED",89,MEDIUM
3301494,"","Marcos Luís",IDENTITY_FRAGMENT,Contracted,5779,68,339,"CR Vasco da Gama",68,339,"CR Vasco da Gama",False,346,2001,2006-01-31,Defined,30,2006,,,2,1,"DISPLAY_NAME_UNRESOLVED",89,MEDIUM
315175,"","Maxinio",IDENTITY_FRAGMENT,Contracted,2659,68,339,"CR Vasco da Gama",68,339,"CR Vasco da Gama",False,75,2001,2006-01-31,Defined,30,2006,,,2,1,"DISPLAY_NAME_UNRESOLVED",89,MEDIUM
2001531,"","Nogueira da Silva",IDENTITY_FRAGMENT,OnLoan,5003,523,104750,"Fortaleza EC",68,339,"CR Vasco da Gama",True,236,2000,2004-12-31,Defined,365,2004,236,2004-12-31,1,2,"DISPLAY_NAME_UNRESOLVED",97,HIGH
8828897,"","Osmar Donizete",IDENTITY_FRAGMENT,Contracted,6927,68,339,"CR Vasco da Gama",68,339,"CR Vasco da Gama",False,2427,2003,2005-01-31,Defined,30,2005,,,2,1,"DISPLAY_NAME_UNRESOLVED",89,MEDIUM
315173,"","Passos Moura da Silva",IDENTITY_FRAGMENT,FormationContract,2657,68,339,"CR Vasco da Gama",68,339,"CR Vasco da Gama",False,32,2001,,NotDefined,1,1900,,,2,1,"SENTINEL_END_DATE|DISPLAY_NAME_UNRESOLVED",89,MEDIUM
320282,"","Pereira Corrêa",IDENTITY_FRAGMENT,Contracted,4258,68,339,"CR Vasco da Gama",68,339,"CR Vasco da Gama",False,335,2002,2007-12-25,Defined,358,2007,,,2,1,"DISPLAY_NAME_UNRESOLVED",89,MEDIUM
8832829,"","Quiqueto",IDENTITY_FRAGMENT,Contracted,7171,68,339,"CR Vasco da Gama",68,339,"CR Vasco da Gama",False,708,2001,2007-01-31,Defined,30,2007,,,2,1,"DISPLAY_NAME_UNRESOLVED",89,MEDIUM
311218,"","Ramos Feijó",IDENTITY_FRAGMENT,Contracted,2317,68,339,"CR Vasco da Gama",68,339,"CR Vasco da Gama",False,310,2001,2006-01-31,Defined,30,2006,,,1,1,"DISPLAY_NAME_UNRESOLVED",89,MEDIUM
8832830,"","Renan Carlos",IDENTITY_FRAGMENT,Contracted,7172,68,339,"CR Vasco da Gama",68,339,"CR Vasco da Gama",False,137,2004,2005-01-31,Defined,30,2005,,,2,1,"DISPLAY_NAME_UNRESOLVED",89,MEDIUM
3300692,"","Ribeiro Souto",IDENTITY_FRAGMENT,Contracted,5439,68,339,"CR Vasco da Gama",68,339,"CR Vasco da Gama",False,351,2002,2006-01-31,Defined,30,2006,,,2,1,"DISPLAY_NAME_UNRESOLVED",89,MEDIUM
308573,"","Ridênio",IDENTITY_FRAGMENT,Contracted,1944,68,339,"CR Vasco da Gama",68,339,"CR Vasco da Gama",False,708,2001,2009-01-31,Defined,30,2009,,,1,1,"DISPLAY_NAME_UNRESOLVED",89,MEDIUM
5230018,"","Róbson Luiz",IDENTITY_FRAGMENT,OnLoan,6206,69,340,"EC Vitória",68,339,"CR Vasco da Gama",True,706,2003,2006-01-31,Defined,30,2006,706,2004-12-31,2,2,"DISPLAY_NAME_UNRESOLVED",97,HIGH
320290,"","Rougger Xavier",IDENTITY_FRAGMENT,Contracted,4266,68,339,"CR Vasco da Gama",68,339,"CR Vasco da Gama",False,75,2001,2005-01-31,Defined,30,2005,,,2,1,"DISPLAY_NAME_UNRESOLVED",89,MEDIUM
320561,"","Sandro Lewis",IDENTITY_FRAGMENT,FormationContract,4325,68,339,"CR Vasco da Gama",68,339,"CR Vasco da Gama",False,30,2001,,NotDefined,1,1900,,,2,1,"SENTINEL_END_DATE|DISPLAY_NAME_UNRESOLVED",89,MEDIUM
315326,"","Síldes",IDENTITY_FRAGMENT,Contracted,2749,68,339,"CR Vasco da Gama",68,339,"CR Vasco da Gama",False,708,2001,2008-01-31,Defined,30,2008,,,1,1,"DISPLAY_NAME_UNRESOLVED",89,MEDIUM
320289,"","Soares Micho Filho",IDENTITY_FRAGMENT,Contracted,4265,68,339,"CR Vasco da Gama",68,339,"CR Vasco da Gama",False,386,2001,2005-01-31,Defined,30,2005,,,2,1,"DISPLAY_NAME_UNRESOLVED",89,MEDIUM
320285,"","Takeshi Janiques Osako",IDENTITY_FRAGMENT,Contracted,4261,68,339,"CR Vasco da Gama",68,339,"CR Vasco da Gama",False,75,2001,2006-01-31,Defined,30,2006,,,2,1,"DISPLAY_NAME_UNRESOLVED",89,MEDIUM
320287,"","Vieira Torres",IDENTITY_FRAGMENT,Contracted,4263,68,339,"CR Vasco da Gama",68,339,"CR Vasco da Gama",False,75,2001,2005-01-31,Defined,30,2005,,,2,1,"DISPLAY_NAME_UNRESOLVED",89,MEDIUM
317313,"","Wagerson",IDENTITY_FRAGMENT,Contracted,3699,68,339,"CR Vasco da Gama",68,339,"CR Vasco da Gama",False,53,2003,2006-12-31,Defined,364,2006,,,2,1,"DISPLAY_NAME_UNRESOLVED",89,MEDIUM
14532,"","Wágner José",IDENTITY_FRAGMENT,Contracted,358,68,339,"CR Vasco da Gama",68,339,"CR Vasco da Gama",False,332,2001,2006-01-31,Defined,30,2006,,,2,1,"DISPLAY_NAME_UNRESOLVED",89,MEDIUM
315162,"","Ygor",IDENTITY_FRAGMENT,Contracted,2649,68,339,"CR Vasco da Gama",68,339,"CR Vasco da Gama",False,255,2001,2005-01-31,Defined,30,2005,,,2,1,"DISPLAY_NAME_UNRESOLVED",89,MEDIUM
8827480,"","Antonelli",IDENTITY_FRAGMENT,Contracted,6891,901,303018,"CRA Catalano",901,303018,"CRA Catalano",False,314,2001,2006-01-31,Defined,30,2006,,,2,1,"DISPLAY_NAME_UNRESOLVED",89,MEDIUM
309481,"","de Melo Júnior",IDENTITY_FRAGMENT,Contracted,2003,901,303018,"CRA Catalano",901,303018,"CRA Catalano",False,179,2001,2005-01-31,Defined,30,2005,,,1,1,"DISPLAY_NAME_UNRESOLVED",89,MEDIUM
8827481,"","Rodrigo Antonelli",IDENTITY_FRAGMENT,Contracted,6892,901,303018,"CRA Catalano",901,303018,"CRA Catalano",False,145,2001,2006-01-31,Defined,30,2006,,,1,1,"DISPLAY_NAME_UNRESOLVED",89,MEDIUM
307015,"","Wanderley",IDENTITY_FRAGMENT,Contracted,1771,901,303018,"CRA Catalano",901,303018,"CRA Catalano",False,495,2001,2009-01-31,Defined,30,2009,,,1,1,"DISPLAY_NAME_UNRESOLVED",89,MEDIUM
316257,"","Alexsandro Manoel",IDENTITY_FRAGMENT,OnLoan,3175,69,340,"EC Vitória",49,320,"Criciúma EC",True,312,2001,2006-01-31,Defined,30,2006,312,2004-12-31,2,2,"DISPLAY_NAME_UNRESOLVED",97,HIGH
728195,"","Alves Santa Clara",IDENTITY_FRAGMENT,OnLoan,4700,69,340,"EC Vitória",49,320,"Criciúma EC",True,442,2001,2006-01-31,Defined,30,2006,442,2004-12-31,2,2,"DISPLAY_NAME_UNRESOLVED",97,HIGH
303444,"","André Joésio",IDENTITY_FRAGMENT,Contracted,933,49,320,"Criciúma EC",49,320,"Criciúma EC",False,261,2001,2006-01-31,Defined,30,2006,,,2,1,"DISPLAY_NAME_UNRESOLVED",89,MEDIUM
5629265,"","André Leonel",IDENTITY_FRAGMENT,Contracted,6285,49,320,"Criciúma EC",49,320,"Criciúma EC",False,627,2004,2004-12-31,Defined,365,2004,,,1,1,"DISPLAY_NAME_UNRESOLVED",89,MEDIUM
311894,"","Andreis",IDENTITY_FRAGMENT,Contracted,2468,49,320,"Criciúma EC",49,320,"Criciúma EC",False,432,2001,2009-01-31,Defined,30,2009,,,1,1,"DISPLAY_NAME_UNRESOLVED",89,MEDIUM
3503440,"","Athos",IDENTITY_FRAGMENT,OnLoan,5855,59,330,"Paraná C",49,320,"Criciúma EC",True,352,2003,2006-01-31,Defined,30,2006,352,2004-12-31,2,2,"DISPLAY_NAME_UNRESOLVED",97,HIGH
304218,"","Benazzi de Andrade",IDENTITY_FRAGMENT,Contracted,1068,49,320,"Criciúma EC",49,320,"Criciúma EC",False,1785,2001,2008-01-31,Defined,30,2008,,,1,1,"DISPLAY_NAME_UNRESOLVED",89,MEDIUM
316399,"","Bruno Alexandre",IDENTITY_FRAGMENT,Contracted,3259,49,320,"Criciúma EC",49,320,"Criciúma EC",False,255,2001,2006-01-31,Defined,30,2006,,,2,1,"DISPLAY_NAME_UNRESOLVED",89,MEDIUM
309106,"","Cícero Rubiano",IDENTITY_FRAGMENT,OnLoan,1978,55,326,"SC Internacional",49,320,"Criciúma EC",True,234,2002,2005-12-31,Defined,364,2005,234,2004-12-31,2,2,"DISPLAY_NAME_UNRESOLVED",97,HIGH
316398,"","Cléber Nelson",IDENTITY_FRAGMENT,Contracted,3258,49,320,"Criciúma EC",49,320,"Criciúma EC",False,529,2001,2005-01-31,Defined,30,2005,,,2,1,"DISPLAY_NAME_UNRESOLVED",89,MEDIUM
8835094,"","da Silva Pinho",IDENTITY_FRAGMENT,OnLoan,7652,1367,314774,"Guaratinguetá EC",49,320,"Criciúma EC",True,345,2003,2006-01-31,Defined,30,2006,345,2004-12-31,1,2,"DISPLAY_NAME_UNRESOLVED",97,HIGH
8833070,"","Dagostini",IDENTITY_FRAGMENT,Contracted,7294,49,320,"Criciúma EC",49,320,"Criciúma EC",False,104,2001,2005-01-31,Defined,30,2005,,,2,1,"DISPLAY_NAME_UNRESOLVED",89,MEDIUM
311432,"","de Andrade Cordeiro",IDENTITY_FRAGMENT,Contracted,2386,49,320,"Criciúma EC",49,320,"Criciúma EC",False,399,2003,2006-01-31,Defined,30,2006,,,2,1,"DISPLAY_NAME_UNRESOLVED",89,MEDIUM
8825505,"","dos Anjos Sávio",IDENTITY_FRAGMENT,Contracted,6767,49,320,"Criciúma EC",49,320,"Criciúma EC",False,75,2001,2005-01-31,Defined,30,2005,,,2,1,"DISPLAY_NAME_UNRESOLVED",89,MEDIUM
310927,"","Duílio Adriano",IDENTITY_FRAGMENT,Contracted,2158,49,320,"Criciúma EC",49,320,"Criciúma EC",False,239,2003,2006-01-31,Defined,30,2006,,,1,1,"DISPLAY_NAME_UNRESOLVED",89,MEDIUM
304271,"","Élder Alencar",IDENTITY_FRAGMENT,Contracted,1091,49,320,"Criciúma EC",49,320,"Criciúma EC",False,751,2004,2006-12-31,Defined,364,2006,,,2,1,"DISPLAY_NAME_UNRESOLVED",89,MEDIUM
6900121,"","Emerson Cris",IDENTITY_FRAGMENT,Contracted,6482,49,320,"Criciúma EC",49,320,"Criciúma EC",False,650,2004,2006-12-31,Defined,364,2006,,,2,1,"DISPLAY_NAME_UNRESOLVED",89,MEDIUM
316401,"","Emerson Henrique",IDENTITY_FRAGMENT,Contracted,3261,49,320,"Criciúma EC",49,320,"Criciúma EC",False,295,2001,2006-01-31,Defined,30,2006,,,2,1,"DISPLAY_NAME_UNRESOLVED",89,MEDIUM
5627285,"","Fábio Oliveira",IDENTITY_FRAGMENT,OnLoan,6283,59,330,"Paraná C",49,320,"Criciúma EC",True,393,2004,2004-12-31,Defined,365,2004,393,2004-12-31,1,2,"DISPLAY_NAME_UNRESOLVED",97,HIGH
775148,"","Fachini Júnior",IDENTITY_FRAGMENT,Contracted,4730,49,320,"Criciúma EC",49,320,"Criciúma EC",False,432,2001,2007-01-31,Defined,30,2007,,,2,1,"DISPLAY_NAME_UNRESOLVED",89,MEDIUM
8833516,"","Ferreira Luna",IDENTITY_FRAGMENT,OnLoan,7369,987,309670,"Brasiliense FC",49,320,"Criciúma EC",True,177,2001,2006-01-31,Defined,30,2006,177,2004-12-31,2,2,"DISPLAY_NAME_UNRESOLVED",97,HIGH
317349,"","França Tufariello",IDENTITY_FRAGMENT,OnLoan,3700,58,329,"SE Palmeiras",49,320,"Criciúma EC",True,81,2003,2004-12-31,Defined,365,2004,81,2004-12-31,2,2,"DISPLAY_NAME_UNRESOLVED",97,HIGH
316192,"","Genivaldo Francisco",IDENTITY_FRAGMENT,OnLoan,3131,55,326,"SC Internacional",49,320,"Criciúma EC",True,451,2002,2005-12-31,Defined,364,2005,451,2004-12-31,2,2,"DISPLAY_NAME_UNRESOLVED",97,HIGH
316393,"","Genivaldo Wenceslau",IDENTITY_FRAGMENT,Contracted,3253,49,320,"Criciúma EC",49,320,"Criciúma EC",False,120,2001,2006-01-31,Defined,30,2006,,,2,1,"DISPLAY_NAME_UNRESOLVED",89,MEDIUM
304362,"","Gilmar Lima",IDENTITY_FRAGMENT,OnLoan,1117,578,107226,"Rio Branco (SP)",49,320,"Criciúma EC",True,294,2001,2005-12-31,Defined,364,2005,294,2004-12-31,2,2,"DISPLAY_NAME_UNRESOLVED",97,HIGH
8831166,"","Gleidson Ricardo",IDENTITY_FRAGMENT,Contracted,7100,49,320,"Criciúma EC",49,320,"Criciúma EC",False,75,2001,2005-01-31,Defined,30,2005,,,1,1,"DISPLAY_NAME_UNRESOLVED",89,MEDIUM
310721,"","Gonçalves Toledo",IDENTITY_FRAGMENT,OnLoan,2080,578,107226,"Rio Branco (SP)",49,320,"Criciúma EC",True,479,2001,2005-12-31,Defined,364,2005,479,2004-12-31,1,2,"DISPLAY_NAME_UNRESOLVED",97,HIGH
735474,"","Idelbrando",IDENTITY_FRAGMENT,Contracted,4710,49,320,"Criciúma EC",49,320,"Criciúma EC",False,998,2004,2005-12-31,Defined,364,2005,,,2,1,"DISPLAY_NAME_UNRESOLVED",89,MEDIUM
3300854,"","Isoppo",IDENTITY_FRAGMENT,Contracted,5502,49,320,"Criciúma EC",49,320,"Criciúma EC",False,432,2001,2008-01-31,Defined,30,2008,,,1,1,"DISPLAY_NAME_UNRESOLVED",89,MEDIUM
311336,"","Izazé Emílio",IDENTITY_FRAGMENT,Contracted,2347,49,320,"Criciúma EC",49,320,"Criciúma EC",False,432,2001,2007-01-31,Defined,30,2007,,,1,1,"DISPLAY_NAME_UNRESOLVED",89,MEDIUM
8825198,"","Leal Fonseca",IDENTITY_FRAGMENT,Contracted,6746,49,320,"Criciúma EC",49,320,"Criciúma EC",False,121,2001,2006-01-31,Defined,30,2006,,,2,1,"DISPLAY_NAME_UNRESOLVED",89,MEDIUM
8825823,"","Lins de Oliveira",IDENTITY_FRAGMENT,Contracted,6808,49,320,"Criciúma EC",49,320,"Criciúma EC",False,79,2001,2006-01-31,Defined,30,2006,,,2,1,"DISPLAY_NAME_UNRESOLVED",89,MEDIUM
8835089,"","Lourenção Baroni",IDENTITY_FRAGMENT,OnLoan,7648,854,301316,"CN Marcílio Dias",49,320,"Criciúma EC",True,166,2004,2006-01-31,Defined,30,2006,166,2004-12-31,2,2,"DISPLAY_NAME_UNRESOLVED",97,HIGH
302471,"","Luís Paulo",IDENTITY_FRAGMENT,OnLoan,815,59,330,"Paraná C",49,320,"Criciúma EC",True,461,2002,2006-01-31,Defined,30,2006,461,2004-12-31,2,2,"DISPLAY_NAME_UNRESOLVED",97,HIGH
315882,"","Márcio Richardes",IDENTITY_FRAGMENT,OnLoan,2980,525,104776,"Coritiba FC",49,320,"Criciúma EC",True,75,2001,2006-01-31,Defined,30,2006,75,2004-12-31,2,2,"DISPLAY_NAME_UNRESOLVED",97,HIGH
304134,"","Martins Ivo",IDENTITY_FRAGMENT,Contracted,1048,49,320,"Criciúma EC",49,320,"Criciúma EC",False,1020,2004,2004-12-31,Defined,365,2004,,,2,1,"DISPLAY_NAME_UNRESOLVED",89,MEDIUM
310871,"","Martins Pedro",IDENTITY_FRAGMENT,Contracted,2141,49,320,"Criciúma EC",49,320,"Criciúma EC",False,144,2001,2006-01-31,Defined,30,2006,,,2,1,"DISPLAY_NAME_UNRESOLVED",89,MEDIUM
8827345,"","Molon Júnior",IDENTITY_FRAGMENT,Contracted,6880,49,320,"Criciúma EC",49,320,"Criciúma EC",False,75,2001,2006-01-31,Defined,30,2006,,,2,1,"DISPLAY_NAME_UNRESOLVED",89,MEDIUM
8830365,"","Patrício",IDENTITY_FRAGMENT,Contracted,7052,49,320,"Criciúma EC",49,320,"Criciúma EC",False,432,2001,2007-01-31,Defined,30,2007,,,1,1,"DISPLAY_NAME_UNRESOLVED",89,MEDIUM
316394,"","Róbson",IDENTITY_FRAGMENT,Contracted,3254,49,320,"Criciúma EC",49,320,"Criciúma EC",False,221,2001,2006-01-31,Defined,30,2006,,,2,1,"DISPLAY_NAME_UNRESOLVED",89,MEDIUM
8835091,"","Rodrigo Couto",IDENTITY_FRAGMENT,OnLoan,7649,854,301316,"CN Marcílio Dias",49,320,"Criciúma EC",True,283,2004,2005-01-31,Defined,30,2005,283,2004-12-31,2,2,"DISPLAY_NAME_UNRESOLVED",97,HIGH
8835092,"","Ronny Carlos",IDENTITY_FRAGMENT,OnLoan,7650,1413,316781,"Sertãozinho FC",49,320,"Criciúma EC",True,252,2004,2006-01-31,Defined,30,2006,252,2004-12-31,2,2,"DISPLAY_NAME_UNRESOLVED",97,HIGH
304276,"","Samuel José",IDENTITY_FRAGMENT,Contracted,1092,49,320,"Criciúma EC",49,320,"Criciúma EC",False,256,2002,2006-01-31,Defined,30,2006,,,1,1,"DISPLAY_NAME_UNRESOLVED",89,MEDIUM
320363,"","Saulo Luís",IDENTITY_FRAGMENT,Contracted,4296,49,320,"Criciúma EC",49,320,"Criciúma EC",False,75,2001,2006-01-31,Defined,30,2006,,,2,1,"DISPLAY_NAME_UNRESOLVED",89,MEDIUM
3300303,"","Silva de Almeida",IDENTITY_FRAGMENT,Contracted,5318,49,320,"Criciúma EC",49,320,"Criciúma EC",False,250,2002,2006-01-31,Defined,30,2006,,,2,1,"DISPLAY_NAME_UNRESOLVED",89,MEDIUM
305647,"","Silvino João",IDENTITY_FRAGMENT,Contracted,1408,49,320,"Criciúma EC",49,320,"Criciúma EC",False,75,2004,2004-12-31,Defined,365,2004,,,2,1,"DISPLAY_NAME_UNRESOLVED",89,MEDIUM
311339,"","Venâncio",IDENTITY_FRAGMENT,Contracted,2350,49,320,"Criciúma EC",49,320,"Criciúma EC",False,216,2001,2009-01-31,Defined,30,2009,,,1,1,"DISPLAY_NAME_UNRESOLVED",89,MEDIUM
3301017,"","Volpatto Netto",IDENTITY_FRAGMENT,Contracted,5577,49,320,"Criciúma EC",49,320,"Criciúma EC",False,195,2004,2006-01-31,Defined,30,2006,,,2,1,"DISPLAY_NAME_UNRESOLVED",89,MEDIUM
316395,"","Walter Carlos",IDENTITY_FRAGMENT,Contracted,3255,49,320,"Criciúma EC",49,320,"Criciúma EC",False,170,2001,2006-01-31,Defined,30,2006,,,2,1,"DISPLAY_NAME_UNRESOLVED",89,MEDIUM
310749,"","Willian Alípio",IDENTITY_FRAGMENT,Contracted,2087,49,320,"Criciúma EC",49,320,"Criciúma EC",False,160,2003,2006-01-31,Defined,30,2006,,,1,1,"DISPLAY_NAME_UNRESOLVED",89,MEDIUM
302345,"","Ramos Costa",IDENTITY_FRAGMENT,Contracted,793,751,301121,"Cruzeiro (BA)",751,301121,"Cruzeiro (BA)",False,374,2001,2006-01-31,Defined,30,2006,,,2,1,"DISPLAY_NAME_UNRESOLVED",89,MEDIUM
301840,"","Abonízio de Souza",IDENTITY_FRAGMENT,Contracted,748,50,321,"Cruzeiro EC",50,321,"Cruzeiro EC",False,3167,2003,2006-02-06,Defined,36,2006,,,2,1,"DISPLAY_NAME_UNRESOLVED",89,MEDIUM
8832833,"","Alencar de Lima Júnior",IDENTITY_FRAGMENT,Contracted,7174,50,321,"Cruzeiro EC",50,321,"Cruzeiro EC",False,93,2004,2005-01-31,Defined,30,2005,,,2,1,"DISPLAY_NAME_UNRESOLVED",89,MEDIUM
303225,"","Aloísio Carlos",IDENTITY_FRAGMENT,Contracted,910,50,321,"Cruzeiro EC",50,321,"Cruzeiro EC",False,570,2001,2009-01-31,Defined,30,2009,,,1,1,"DISPLAY_NAME_UNRESOLVED",89,MEDIUM
3301093,"","Antônio Ronaldo",IDENTITY_FRAGMENT,Contracted,5599,50,321,"Cruzeiro EC",50,321,"Cruzeiro EC",False,570,2001,2008-01-31,Defined,30,2008,,,1,1,"DISPLAY_NAME_UNRESOLVED",89,MEDIUM
315870,"","Aparecido Francisco",IDENTITY_FRAGMENT,Contracted,2968,50,321,"Cruzeiro EC",50,321,"Cruzeiro EC",False,480,2004,2006-12-31,Defined,364,2006,,,2,1,"DISPLAY_NAME_UNRESOLVED",89,MEDIUM
310877,"","Arantes de Oliveira",IDENTITY_FRAGMENT,Contracted,2145,50,321,"Cruzeiro EC",50,321,"Cruzeiro EC",False,96,2001,2006-04-30,Defined,119,2006,,,2,1,"DISPLAY_NAME_UNRESOLVED",89,MEDIUM
312053,"","Artur Guilherme",IDENTITY_FRAGMENT,Contracted,2497,50,321,"Cruzeiro EC",50,321,"Cruzeiro EC",False,249,2004,2005-12-31,Defined,364,2005,,,2,1,"DISPLAY_NAME_UNRESOLVED",89,MEDIUM
312451,"","Augusto",IDENTITY_FRAGMENT,Contracted,2553,50,321,"Cruzeiro EC",50,321,"Cruzeiro EC",False,500,2001,2007-03-25,Defined,83,2007,,,2,1,"DISPLAY_NAME_UNRESOLVED",89,MEDIUM
8825125,"","Braga Souza",IDENTITY_FRAGMENT,Contracted,6737,50,321,"Cruzeiro EC",50,321,"Cruzeiro EC",False,95,2001,2005-01-31,Defined,30,2005,,,2,1,"DISPLAY_NAME_UNRESOLVED",89,MEDIUM
451619,"","Bruno Éwerton",IDENTITY_FRAGMENT,Contracted,4501,50,321,"Cruzeiro EC",50,321,"Cruzeiro EC",False,555,2003,2004-12-31,Defined,365,2004,,,2,1,"DISPLAY_NAME_UNRESOLVED",89,MEDIUM
318806,"","Calixto Couto",IDENTITY_FRAGMENT,Contracted,3955,50,321,"Cruzeiro EC",50,321,"Cruzeiro EC",False,88,2001,2005-07-22,Defined,202,2005,,,2,1,"DISPLAY_NAME_UNRESOLVED",89,MEDIUM
320571,"","Carlos Vinícius",IDENTITY_FRAGMENT,FormationContract,4334,50,321,"Cruzeiro EC",50,321,"Cruzeiro EC",False,39,2001,,NotDefined,1,1900,,,2,1,"SENTINEL_END_DATE|DISPLAY_NAME_UNRESOLVED",89,MEDIUM
321081,"","Chaves Guedes",IDENTITY_FRAGMENT,Contracted,4405,50,321,"Cruzeiro EC",50,321,"Cruzeiro EC",False,554,2004,2009-06-30,Defined,180,2009,,,2,1,"DISPLAY_NAME_UNRESOLVED",89,MEDIUM
310876,"","Correia Veloso",IDENTITY_FRAGMENT,Contracted,2144,50,321,"Cruzeiro EC",50,321,"Cruzeiro EC",False,88,2001,2006-01-31,Defined,30,2006,,,2,1,"DISPLAY_NAME_UNRESOLVED",89,MEDIUM
303218,"","Cristian Luciano",IDENTITY_FRAGMENT,Contracted,904,50,321,"Cruzeiro EC",50,321,"Cruzeiro EC",False,75,2001,2005-01-11,Defined,10,2005,,,1,1,"DISPLAY_NAME_UNRESOLVED",89,MEDIUM
317372,"","Danilo Valério",IDENTITY_FRAGMENT,Contracted,3706,50,321,"Cruzeiro EC",50,321,"Cruzeiro EC",False,394,2001,2006-01-31,Defined,30,2006,,,2,1,"DISPLAY_NAME_UNRESOLVED",89,MEDIUM
3300185,"","de Cássio Alves",IDENTITY_FRAGMENT,Contracted,5276,50,321,"Cruzeiro EC",50,321,"Cruzeiro EC",False,4000,2004,2004-12-31,Defined,365,2004,,,2,1,"DISPLAY_NAME_UNRESOLVED",89,MEDIUM
312449,"","Diego José",IDENTITY_FRAGMENT,Contracted,2552,50,321,"Cruzeiro EC",50,321,"Cruzeiro EC",False,500,2001,2005-01-31,Defined,30,2005,,,2,1,"DISPLAY_NAME_UNRESOLVED",89,MEDIUM
3301210,"","Diniz Silva",IDENTITY_FRAGMENT,Contracted,5666,50,321,"Cruzeiro EC",50,321,"Cruzeiro EC",False,780,2004,2004-12-31,Defined,365,2004,,,2,1,"DISPLAY_NAME_UNRESOLVED",89,MEDIUM
3300874,"","Donieber Alexandre",IDENTITY_FRAGMENT,OnLoan,5517,48,319,"SC Corinthians Paulista",50,321,"Cruzeiro EC",True,333,2001,2005-07-21,Defined,201,2005,333,2004-12-31,2,2,"DISPLAY_NAME_UNRESOLVED",97,HIGH
320301,"","Ênio",IDENTITY_FRAGMENT,Contracted,4270,50,321,"Cruzeiro EC",50,321,"Cruzeiro EC",False,75,2001,2005-01-31,Defined,30,2005,,,2,1,"DISPLAY_NAME_UNRESOLVED",89,MEDIUM
8830366,"","Fanco",IDENTITY_FRAGMENT,Contracted,7053,50,321,"Cruzeiro EC",50,321,"Cruzeiro EC",False,870,2001,2008-01-31,Defined,30,2008,,,2,1,"DISPLAY_NAME_UNRESOLVED",89,MEDIUM
303222,"","Francisco Adolfo",IDENTITY_FRAGMENT,Contracted,908,50,321,"Cruzeiro EC",50,321,"Cruzeiro EC",False,870,2001,2007-01-31,Defined,30,2007,,,1,1,"DISPLAY_NAME_UNRESOLVED",89,MEDIUM
317129,"","Gedeon",IDENTITY_FRAGMENT,Contracted,3609,50,321,"Cruzeiro EC",50,321,"Cruzeiro EC",False,382,2004,2004-06-30,Defined,181,2004,,,2,1,"DISPLAY_NAME_UNRESOLVED",89,MEDIUM
302847,"","Gisley",IDENTITY_FRAGMENT,Contracted,866,50,321,"Cruzeiro EC",50,321,"Cruzeiro EC",False,374,2001,2004-04-15,Defined,105,2004,,,2,1,"DISPLAY_NAME_UNRESOLVED",89,MEDIUM
319185,"","Gladstone",IDENTITY_FRAGMENT,Contracted,3964,50,321,"Cruzeiro EC",50,321,"Cruzeiro EC",False,89,2003,2007-04-16,Defined,105,2007,,,2,1,"DISPLAY_NAME_UNRESOLVED",89,MEDIUM
303226,"","Gonçalves Freire",IDENTITY_FRAGMENT,Contracted,911,50,321,"Cruzeiro EC",50,321,"Cruzeiro EC",False,570,2001,2008-01-31,Defined,30,2008,,,1,1,"DISPLAY_NAME_UNRESOLVED",89,MEDIUM
304256,"","Guioto",IDENTITY_FRAGMENT,Contracted,1086,50,321,"Cruzeiro EC",50,321,"Cruzeiro EC",False,280,2002,2005-01-11,Defined,10,2005,,,2,1,"DISPLAY_NAME_UNRESOLVED",89,MEDIUM
8825128,"","Jardel",IDENTITY_FRAGMENT,Contracted,6738,50,321,"Cruzeiro EC",50,321,"Cruzeiro EC",False,370,2001,2006-11-11,Defined,314,2006,,,1,1,"DISPLAY_NAME_UNRESOLVED",89,MEDIUM
317302,"","Jonathan Cícero",IDENTITY_FRAGMENT,Contracted,3689,50,321,"Cruzeiro EC",50,321,"Cruzeiro EC",False,67,2001,2005-01-31,Defined,30,2005,,,2,1,"DISPLAY_NAME_UNRESOLVED",89,MEDIUM
310879,"","Jussiê",IDENTITY_FRAGMENT,Contracted,2146,50,321,"Cruzeiro EC",50,321,"Cruzeiro EC",False,596,2001,2006-10-29,Defined,301,2006,,,2,1,"DISPLAY_NAME_UNRESOLVED",89,MEDIUM
320570,"","Kerlon",IDENTITY_FRAGMENT,FormationContract,4333,50,321,"Cruzeiro EC",50,321,"Cruzeiro EC",False,37,2003,,NotDefined,1,1900,,,2,1,"SENTINEL_END_DATE|DISPLAY_NAME_UNRESOLVED",89,MEDIUM
6900101,"","Lojudice Martinez",IDENTITY_FRAGMENT,Contracted,6470,50,321,"Cruzeiro EC",50,321,"Cruzeiro EC",False,818,2003,2005-12-31,Defined,364,2005,,,2,1,"DISPLAY_NAME_UNRESOLVED",89,MEDIUM
8834810,"","Márcio Diogo",IDENTITY_FRAGMENT,Contracted,7623,50,321,"Cruzeiro EC",50,321,"Cruzeiro EC",False,81,2003,2006-12-01,Defined,334,2006,,,1,1,"DISPLAY_NAME_UNRESOLVED",89,MEDIUM
315109,"","Melo de Carvalho",IDENTITY_FRAGMENT,Contracted,2605,50,321,"Cruzeiro EC",50,321,"Cruzeiro EC",False,639,2004,2007-01-11,Defined,10,2007,,,2,1,"DISPLAY_NAME_UNRESOLVED",89,MEDIUM
308381,"","Miranda Lima",IDENTITY_FRAGMENT,Contracted,1923,50,321,"Cruzeiro EC",50,321,"Cruzeiro EC",False,75,2001,2006-01-31,Defined,30,2006,,,2,1,"DISPLAY_NAME_UNRESOLVED",89,MEDIUM
311154,"","Nélio José",IDENTITY_FRAGMENT,OnLoan,2269,51,322,"CR Flamengo",50,321,"Cruzeiro EC",True,204,2001,2005-01-31,Defined,30,2005,204,2004-12-31,2,2,"DISPLAY_NAME_UNRESOLVED",97,HIGH
303221,"","Quintiliano",IDENTITY_FRAGMENT,Contracted,907,50,321,"Cruzeiro EC",50,321,"Cruzeiro EC",False,870,2001,2008-01-31,Defined,30,2008,,,1,1,"DISPLAY_NAME_UNRESOLVED",89,MEDIUM
315384,"","Rodrigues Macedo",IDENTITY_FRAGMENT,OnLoan,2778,887,302108,"Estrela do Norte FC",50,321,"Cruzeiro EC",True,328,2001,2006-01-31,Defined,30,2006,328,2004-12-31,2,2,"DISPLAY_NAME_UNRESOLVED",97,HIGH
320573,"","Rômulo Leandro",IDENTITY_FRAGMENT,FormationContract,4336,50,321,"Cruzeiro EC",50,321,"Cruzeiro EC",False,37,2001,,NotDefined,1,1900,,,2,1,"SENTINEL_END_DATE|DISPLAY_NAME_UNRESOLVED",89,MEDIUM
8832832,"","Savério Gatti",IDENTITY_FRAGMENT,Contracted,7173,50,321,"Cruzeiro EC",50,321,"Cruzeiro EC",False,75,2004,2006-03-31,Defined,89,2006,,,2,1,"DISPLAY_NAME_UNRESOLVED",89,MEDIUM
6900166,"","Silva Wanderley",IDENTITY_FRAGMENT,Contracted,6512,50,321,"Cruzeiro EC",50,321,"Cruzeiro EC",False,4681,2004,2006-06-21,Defined,171,2006,,,2,1,"DISPLAY_NAME_UNRESOLVED",89,MEDIUM
320576,"","Siqueira Pessanha",IDENTITY_FRAGMENT,FormationContract,4339,50,321,"Cruzeiro EC",50,321,"Cruzeiro EC",False,36,2001,,NotDefined,1,1900,,,2,1,"SENTINEL_END_DATE|DISPLAY_NAME_UNRESOLVED",89,MEDIUM
303223,"","Tênius",IDENTITY_FRAGMENT,Contracted,909,50,321,"Cruzeiro EC",50,321,"Cruzeiro EC",False,870,2001,2007-01-31,Defined,30,2007,,,1,1,"DISPLAY_NAME_UNRESOLVED",89,MEDIUM
303210,"","Veloso Mendonça Gaviolle",IDENTITY_FRAGMENT,Contracted,901,50,321,"Cruzeiro EC",50,321,"Cruzeiro EC",False,342,2001,2006-01-31,Defined,30,2006,,,2,1,"DISPLAY_NAME_UNRESOLVED",89,MEDIUM
304762,"","Viriato Mendes",IDENTITY_FRAGMENT,Contracted,1242,50,321,"Cruzeiro EC",50,321,"Cruzeiro EC",False,845,2003,2005-01-13,Defined,12,2005,,,2,1,"DISPLAY_NAME_UNRESOLVED",89,MEDIUM
8832876,"","Walax Davi",IDENTITY_FRAGMENT,FormationContract,7214,50,321,"Cruzeiro EC",50,321,"Cruzeiro EC",False,44,2004,,NotDefined,1,1900,,,2,1,"SENTINEL_END_DATE|DISPLAY_NAME_UNRESOLVED",89,MEDIUM
310880,"","Walter Júnior",IDENTITY_FRAGMENT,Contracted,2147,50,321,"Cruzeiro EC",50,321,"Cruzeiro EC",False,93,2001,2006-01-31,Defined,30,2006,,,2,1,"DISPLAY_NAME_UNRESOLVED",89,MEDIUM
3300213,"","Wendel Geraldo",IDENTITY_FRAGMENT,Contracted,5287,50,321,"Cruzeiro EC",50,321,"Cruzeiro EC",False,530,2001,2006-06-30,Defined,180,2006,,,2,1,"DISPLAY_NAME_UNRESOLVED",89,MEDIUM
318330,"","Becão",IDENTITY_FRAGMENT,Contracted,3908,1187,313312,"Cruzeiro EC (RO)",1187,313312,"Cruzeiro EC (RO)",False,250,2001,2008-01-31,Defined,30,2008,,,1,1,"DISPLAY_NAME_UNRESOLVED",89,MEDIUM
317084,"","Adriano Camilo",IDENTITY_FRAGMENT,Contracted,3579,570,107210,"CS Alagoano",570,107210,"CS Alagoano",False,75,2001,2006-01-31,Defined,30,2006,,,2,1,"DISPLAY_NAME_UNRESOLVED",89,MEDIUM
3301398,"","Alisson James",IDENTITY_FRAGMENT,Contracted,5754,570,107210,"CS Alagoano",570,107210,"CS Alagoano",False,157,2002,2006-01-31,Defined,30,2006,,,2,1,"DISPLAY_NAME_UNRESOLVED",89,MEDIUM
2001578,"","Amorim de Souza",IDENTITY_FRAGMENT,Contracted,5009,570,107210,"CS Alagoano",570,107210,"CS Alagoano",False,163,2001,2006-01-31,Defined,30,2006,,,2,1,"DISPLAY_NAME_UNRESOLVED",89,MEDIUM
317102,"","Aparecido Martins",IDENTITY_FRAGMENT,Contracted,3596,570,107210,"CS Alagoano",570,107210,"CS Alagoano",False,75,2001,2005-01-31,Defined,30,2005,,,2,1,"DISPLAY_NAME_UNRESOLVED",89,MEDIUM
317087,"","Barros dos Santos",IDENTITY_FRAGMENT,Contracted,3582,570,107210,"CS Alagoano",570,107210,"CS Alagoano",False,75,2001,2006-01-31,Defined,30,2006,,,2,1,"DISPLAY_NAME_UNRESOLVED",89,MEDIUM
303912,"","Bartolomeu José",IDENTITY_FRAGMENT,Contracted,979,570,107210,"CS Alagoano",570,107210,"CS Alagoano",False,256,2002,2006-01-31,Defined,30,2006,,,2,1,"DISPLAY_NAME_UNRESOLVED",89,MEDIUM
316752,"","Campelo Martins",IDENTITY_FRAGMENT,Contracted,3489,570,107210,"CS Alagoano",570,107210,"CS Alagoano",False,145,2001,2006-01-31,Defined,30,2006,,,2,1,"DISPLAY_NAME_UNRESOLVED",89,MEDIUM
306141,"","Clementino",IDENTITY_FRAGMENT,Contracted,1516,570,107210,"CS Alagoano",570,107210,"CS Alagoano",False,399,2002,2005-01-31,Defined,30,2005,,,2,1,"DISPLAY_NAME_UNRESOLVED",89,MEDIUM
316754,"","da Silva Lira",IDENTITY_FRAGMENT,Contracted,3491,570,107210,"CS Alagoano",570,107210,"CS Alagoano",False,214,2001,2006-01-31,Defined,30,2006,,,2,1,"DISPLAY_NAME_UNRESOLVED",89,MEDIUM
316750,"","dos Santos Bento",IDENTITY_FRAGMENT,Contracted,3487,570,107210,"CS Alagoano",570,107210,"CS Alagoano",False,306,2001,2006-01-31,Defined,30,2006,,,2,1,"DISPLAY_NAME_UNRESOLVED",89,MEDIUM
2001572,"","dos Santos Vieira",IDENTITY_FRAGMENT,Contracted,5007,570,107210,"CS Alagoano",570,107210,"CS Alagoano",False,119,2001,2006-01-31,Defined,30,2006,,,2,1,"DISPLAY_NAME_UNRESOLVED",89,MEDIUM
317096,"","Eren Benini",IDENTITY_FRAGMENT,Contracted,3590,570,107210,"CS Alagoano",570,107210,"CS Alagoano",False,75,2001,2006-01-31,Defined,30,2006,,,2,1,"DISPLAY_NAME_UNRESOLVED",89,MEDIUM
317095,"","Esterche Paredes",IDENTITY_FRAGMENT,Contracted,3589,570,107210,"CS Alagoano",570,107210,"CS Alagoano",False,75,2001,2006-01-31,Defined,30,2006,,,2,1,"DISPLAY_NAME_UNRESOLVED",89,MEDIUM
317089,"","Gonçalves Cardoso",IDENTITY_FRAGMENT,Contracted,3584,570,107210,"CS Alagoano",570,107210,"CS Alagoano",False,75,2001,2006-01-31,Defined,30,2006,,,2,1,"DISPLAY_NAME_UNRESOLVED",89,MEDIUM
6900672,"","Ivo Fernando",IDENTITY_FRAGMENT,Contracted,6577,570,107210,"CS Alagoano",570,107210,"CS Alagoano",False,585,2001,2009-01-31,Defined,30,2009,,,2,1,"DISPLAY_NAME_UNRESOLVED",89,MEDIUM
317091,"","Jesivaldo Germano",IDENTITY_FRAGMENT,Contracted,3586,570,107210,"CS Alagoano",570,107210,"CS Alagoano",False,75,2001,2006-01-31,Defined,30,2006,,,2,1,"DISPLAY_NAME_UNRESOLVED",89,MEDIUM
307393,"","José Edvaldo",IDENTITY_FRAGMENT,Contracted,1848,570,107210,"CS Alagoano",570,107210,"CS Alagoano",False,247,2002,2006-01-31,Defined,30,2006,,,2,1,"DISPLAY_NAME_UNRESOLVED",89,MEDIUM
317092,"","Júnior",IDENTITY_FRAGMENT,Contracted,3587,570,107210,"CS Alagoano",570,107210,"CS Alagoano",False,75,2001,2006-01-31,Defined,30,2006,,,2,1,"DISPLAY_NAME_UNRESOLVED",89,MEDIUM
317093,"","Leandro Barbosa",IDENTITY_FRAGMENT,Contracted,3588,570,107210,"CS Alagoano",570,107210,"CS Alagoano",False,75,2001,2006-01-31,Defined,30,2006,,,2,1,"DISPLAY_NAME_UNRESOLVED",89,MEDIUM
317097,"","Maciel Luna",IDENTITY_FRAGMENT,Contracted,3591,570,107210,"CS Alagoano",570,107210,"CS Alagoano",False,75,2001,2006-01-31,Defined,30,2006,,,2,1,"DISPLAY_NAME_UNRESOLVED",89,MEDIUM
2001574,"","Márcio Pereira",IDENTITY_FRAGMENT,Contracted,5008,570,107210,"CS Alagoano",570,107210,"CS Alagoano",False,451,2002,2005-01-31,Defined,30,2005,,,2,1,"DISPLAY_NAME_UNRESOLVED",89,MEDIUM
316751,"","Oliveira Brito",IDENTITY_FRAGMENT,Contracted,3488,570,107210,"CS Alagoano",570,107210,"CS Alagoano",False,75,2001,2005-01-31,Defined,30,2005,,,2,1,"DISPLAY_NAME_UNRESOLVED",89,MEDIUM
317090,"","Oliveira Silva",IDENTITY_FRAGMENT,Contracted,3585,570,107210,"CS Alagoano",570,107210,"CS Alagoano",False,75,2001,2006-01-31,Defined,30,2006,,,2,1,"DISPLAY_NAME_UNRESOLVED",89,MEDIUM
317086,"","Pavão",IDENTITY_FRAGMENT,Contracted,3581,570,107210,"CS Alagoano",570,107210,"CS Alagoano",False,75,2001,2006-01-31,Defined,30,2006,,,2,1,"DISPLAY_NAME_UNRESOLVED",89,MEDIUM
316749,"","Ramos Coelho",IDENTITY_FRAGMENT,Contracted,3486,570,107210,"CS Alagoano",570,107210,"CS Alagoano",False,312,2001,2006-01-31,Defined,30,2006,,,2,1,"DISPLAY_NAME_UNRESOLVED",89,MEDIUM
316755,"","Ribeiro Silva",IDENTITY_FRAGMENT,Contracted,3492,570,107210,"CS Alagoano",570,107210,"CS Alagoano",False,145,2001,2006-01-31,Defined,30,2006,,,2,1,"DISPLAY_NAME_UNRESOLVED",89,MEDIUM
317088,"","Santos da Hora Filho",IDENTITY_FRAGMENT,Contracted,3583,570,107210,"CS Alagoano",570,107210,"CS Alagoano",False,75,2001,2005-01-31,Defined,30,2005,,,2,1,"DISPLAY_NAME_UNRESOLVED",89,MEDIUM
317085,"","Santos Sampaio",IDENTITY_FRAGMENT,Contracted,3580,570,107210,"CS Alagoano",570,107210,"CS Alagoano",False,75,2001,2006-01-31,Defined,30,2006,,,2,1,"DISPLAY_NAME_UNRESOLVED",89,MEDIUM
2001559,"","Silva do Nascimento",IDENTITY_FRAGMENT,Contracted,5005,570,107210,"CS Alagoano",570,107210,"CS Alagoano",False,254,2001,2006-01-31,Defined,30,2006,,,2,1,"DISPLAY_NAME_UNRESOLVED",89,MEDIUM
317100,"","Sinval Victor",IDENTITY_FRAGMENT,Contracted,3594,570,107210,"CS Alagoano",570,107210,"CS Alagoano",False,75,2001,2006-01-31,Defined,30,2006,,,2,1,"DISPLAY_NAME_UNRESOLVED",89,MEDIUM
306120,"","Tobias",IDENTITY_FRAGMENT,Contracted,1510,570,107210,"CS Alagoano",570,107210,"CS Alagoano",False,247,2002,2005-01-31,Defined,30,2005,,,2,1,"DISPLAY_NAME_UNRESOLVED",89,MEDIUM
316753,"","Valdenir",IDENTITY_FRAGMENT,Contracted,3490,570,107210,"CS Alagoano",570,107210,"CS Alagoano",False,264,2001,2006-01-31,Defined,30,2006,,,2,1,"DISPLAY_NAME_UNRESOLVED",89,MEDIUM
317099,"","Victor Santos",IDENTITY_FRAGMENT,Contracted,3593,570,107210,"CS Alagoano",570,107210,"CS Alagoano",False,75,2001,2006-01-31,Defined,30,2006,,,2,1,"DISPLAY_NAME_UNRESOLVED",89,MEDIUM
307019,"","Carlinhos Paulista",IDENTITY_FRAGMENT,Contracted,1773,741,301103,"CS Miguelense",741,301103,"CS Miguelense",False,250,2001,2007-01-31,Defined,30,2007,,,2,1,"DISPLAY_NAME_UNRESOLVED",89,MEDIUM
8830518,"","Alves Vieira Neto",IDENTITY_FRAGMENT,Contracted,7069,856,301321,"CS Sergipe",856,301321,"CS Sergipe",False,116,2001,2006-01-31,Defined,30,2006,,,2,1,"DISPLAY_NAME_UNRESOLVED",89,MEDIUM
306696,"","Barbosa do Carmo",IDENTITY_FRAGMENT,Contracted,1672,856,301321,"CS Sergipe",856,301321,"CS Sergipe",False,303,2001,2006-01-31,Defined,30,2006,,,2,1,"DISPLAY_NAME_UNRESOLVED",89,MEDIUM
3900667,"","Carlos Alberto",IDENTITY_FRAGMENT,Contracted,5963,856,301321,"CS Sergipe",856,301321,"CS Sergipe",False,100,2001,2007-01-31,Defined,30,2007,,,2,1,"DISPLAY_NAME_UNRESOLVED",89,MEDIUM
311736,"","da Costa Silva",IDENTITY_FRAGMENT,Contracted,2430,856,301321,"CS Sergipe",856,301321,"CS Sergipe",False,467,2001,2006-01-31,Defined,30,2006,,,1,1,"DISPLAY_NAME_UNRESOLVED",89,MEDIUM
8830530,"","Diogo Douglas",IDENTITY_FRAGMENT,Contracted,7078,856,301321,"CS Sergipe",856,301321,"CS Sergipe",False,75,2001,2005-01-31,Defined,30,2005,,,2,1,"DISPLAY_NAME_UNRESOLVED",89,MEDIUM
8830539,"","Elenilson",IDENTITY_FRAGMENT,Contracted,7084,856,301321,"CS Sergipe",856,301321,"CS Sergipe",False,125,2001,2009-01-31,Defined,30,2009,,,1,1,"DISPLAY_NAME_UNRESOLVED",89,MEDIUM
777228,"","Faria Pimenta",IDENTITY_FRAGMENT,OnLoan,4741,54,325,"Guarani FC",856,301321,"CS Sergipe",True,525,2002,2006-01-31,Defined,30,2006,525,2004-12-31,2,2,"DISPLAY_NAME_UNRESOLVED",97,HIGH
8830537,"","Garangou Moura",IDENTITY_FRAGMENT,Contracted,7082,856,301321,"CS Sergipe",856,301321,"CS Sergipe",False,75,2001,2005-01-31,Defined,30,2005,,,1,1,"DISPLAY_NAME_UNRESOLVED",89,MEDIUM
8830529,"","Hamilton Hênio",IDENTITY_FRAGMENT,Contracted,7077,856,301321,"CS Sergipe",856,301321,"CS Sergipe",False,248,2001,2006-01-31,Defined,30,2006,,,2,1,"DISPLAY_NAME_UNRESOLVED",89,MEDIUM
8830524,"","Herbert Nery",IDENTITY_FRAGMENT,Contracted,7073,856,301321,"CS Sergipe",856,301321,"CS Sergipe",False,75,2001,2005-01-31,Defined,30,2005,,,2,1,"DISPLAY_NAME_UNRESOLVED",89,MEDIUM
8830533,"","Jamisson",IDENTITY_FRAGMENT,Contracted,7080,856,301321,"CS Sergipe",856,301321,"CS Sergipe",False,186,2001,2006-01-31,Defined,30,2006,,,2,1,"DISPLAY_NAME_UNRESOLVED",89,MEDIUM
3300462,"","Janduir",IDENTITY_FRAGMENT,Contracted,5368,856,301321,"CS Sergipe",856,301321,"CS Sergipe",False,295,2003,2005-01-31,Defined,30,2005,,,2,1,"DISPLAY_NAME_UNRESOLVED",89,MEDIUM
8830520,"","José Rudson",IDENTITY_FRAGMENT,Contracted,7070,856,301321,"CS Sergipe",856,301321,"CS Sergipe",False,75,2001,2006-01-31,Defined,30,2006,,,2,1,"DISPLAY_NAME_UNRESOLVED",89,MEDIUM
8830526,"","Leandro Félix",IDENTITY_FRAGMENT,Contracted,7075,856,301321,"CS Sergipe",856,301321,"CS Sergipe",False,99,2001,2006-01-31,Defined,30,2006,,,2,1,"DISPLAY_NAME_UNRESOLVED",89,MEDIUM
8830534,"","Leonardo Luiz",IDENTITY_FRAGMENT,Contracted,7081,856,301321,"CS Sergipe",856,301321,"CS Sergipe",False,116,2001,2006-01-31,Defined,30,2006,,,2,1,"DISPLAY_NAME_UNRESOLVED",89,MEDIUM
319502,"","Leonílson",IDENTITY_FRAGMENT,Contracted,4057,856,301321,"CS Sergipe",856,301321,"CS Sergipe",False,292,2001,2006-01-31,Defined,30,2006,,,2,1,"DISPLAY_NAME_UNRESOLVED",89,MEDIUM
301517,"","Lima Baiano",IDENTITY_FRAGMENT,Contracted,707,856,301321,"CS Sergipe",856,301321,"CS Sergipe",False,375,2003,2005-01-31,Defined,30,2005,,,2,1,"DISPLAY_NAME_UNRESOLVED",89,MEDIUM
8830523,"","Márcio Almeida",IDENTITY_FRAGMENT,Contracted,7072,856,301321,"CS Sergipe",856,301321,"CS Sergipe",False,212,2001,2006-01-31,Defined,30,2006,,,2,1,"DISPLAY_NAME_UNRESOLVED",89,MEDIUM
304417,"","Moisés Eleotério",IDENTITY_FRAGMENT,Contracted,1135,856,301321,"CS Sergipe",856,301321,"CS Sergipe",False,614,2003,2006-01-31,Defined,30,2006,,,2,1,"DISPLAY_NAME_UNRESOLVED",89,MEDIUM
3900821,"","Moraes Andrade",IDENTITY_FRAGMENT,Contracted,5966,856,301321,"CS Sergipe",856,301321,"CS Sergipe",False,409,2003,2005-01-31,Defined,30,2005,,,2,1,"DISPLAY_NAME_UNRESOLVED",89,MEDIUM
8830541,"","Ramos",IDENTITY_FRAGMENT,Contracted,7085,856,301321,"CS Sergipe",856,301321,"CS Sergipe",False,75,2001,2009-01-31,Defined,30,2009,,,2,1,"DISPLAY_NAME_UNRESOLVED",89,MEDIUM
306692,"","Teoclécio",IDENTITY_FRAGMENT,Contracted,1670,856,301321,"CS Sergipe",856,301321,"CS Sergipe",False,306,2001,2006-01-31,Defined,30,2006,,,2,1,"DISPLAY_NAME_UNRESOLVED",89,MEDIUM
312337,"","Daniel Carvalho",IDENTITY_FRAGMENT,Contracted,2547,335,1518,"CSKA Moscovo",335,1518,"CSKA Moscovo",False,2268,2004,2008-02-05,Defined,35,2008,,,2,1,"DISPLAY_NAME_UNRESOLVED",89,MEDIUM
317288,"","Silva de Souza",IDENTITY_FRAGMENT,Contracted,3678,335,1518,"CSKA Moscovo",335,1518,"CSKA Moscovo",False,4539,2004,2008-06-15,Defined,166,2008,,,2,1,"DISPLAY_NAME_UNRESOLVED",89,MEDIUM
8831666,"","Krugger",IDENTITY_FRAGMENT,Contracted,7107,1428,318868,"CTE Colatina FC",1428,318868,"CTE Colatina FC",False,250,2001,2007-01-31,Defined,30,2007,,,1,1,"DISPLAY_NAME_UNRESOLVED",89,MEDIUM
5701625,"","Resende Silva",IDENTITY_FRAGMENT,Contracted,6322,1451,318915,"Cuiabá EC",1451,318915,"Cuiabá EC",False,836,2004,2006-01-31,Defined,30,2006,,,2,1,"DISPLAY_NAME_UNRESOLVED",89,MEDIUM
303206,"","Marques Conceição",IDENTITY_FRAGMENT,Contracted,899,1774,5705626,"Daegu FC",1774,5705626,"Daegu FC",False,2557,2004,2006-01-31,Defined,30,2006,,,2,1,"DISPLAY_NAME_UNRESOLVED",89,MEDIUM
5230024,"","Naelson da Silva",IDENTITY_FRAGMENT,Contracted,6208,474,102355,"Deportivo Toluca",474,102355,"Deportivo Toluca",False,2727,2001,2006-07-31,Defined,211,2006,,,2,1,"DISPLAY_NAME_UNRESOLVED",89,MEDIUM
8827543,"","Batista Cruz Filho",IDENTITY_FRAGMENT,Contracted,6899,534,104975,"Desportiva Capixaba",534,104975,"Desportiva Capixaba",False,100,2001,2009-01-31,Defined,30,2009,,,1,1,"DISPLAY_NAME_UNRESOLVED",89,MEDIUM
8827548,"","Bernard",IDENTITY_FRAGMENT,Contracted,6904,534,104975,"Desportiva Capixaba",534,104975,"Desportiva Capixaba",False,115,2001,2006-01-31,Defined,30,2006,,,2,1,"DISPLAY_NAME_UNRESOLVED",89,MEDIUM
8827549,"","Cipriano",IDENTITY_FRAGMENT,Contracted,6905,534,104975,"Desportiva Capixaba",534,104975,"Desportiva Capixaba",False,94,2001,2005-01-31,Defined,30,2005,,,2,1,"DISPLAY_NAME_UNRESOLVED",89,MEDIUM
317351,"","de Lima Pestana",IDENTITY_FRAGMENT,Contracted,3702,534,104975,"Desportiva Capixaba",534,104975,"Desportiva Capixaba",False,155,2001,2005-01-31,Defined,30,2005,,,2,1,"DISPLAY_NAME_UNRESOLVED",89,MEDIUM
8827542,"","de Souza Persici",IDENTITY_FRAGMENT,Contracted,6898,534,104975,"Desportiva Capixaba",534,104975,"Desportiva Capixaba",False,100,2001,2009-01-31,Defined,30,2009,,,1,1,"DISPLAY_NAME_UNRESOLVED",89,MEDIUM
317350,"","Faioli",IDENTITY_FRAGMENT,Contracted,3701,534,104975,"Desportiva Capixaba",534,104975,"Desportiva Capixaba",False,208,2001,2005-01-31,Defined,30,2005,,,2,1,"DISPLAY_NAME_UNRESOLVED",89,MEDIUM
316012,"","Fraga Delgado",IDENTITY_FRAGMENT,Contracted,3052,534,104975,"Desportiva Capixaba",534,104975,"Desportiva Capixaba",False,198,2001,2006-01-31,Defined,30,2006,,,2,1,"DISPLAY_NAME_UNRESOLVED",89,MEDIUM
8827552,"","George André",IDENTITY_FRAGMENT,Contracted,6908,534,104975,"Desportiva Capixaba",534,104975,"Desportiva Capixaba",False,122,2001,2005-01-31,Defined,30,2005,,,2,1,"DISPLAY_NAME_UNRESOLVED",89,MEDIUM
8827555,"","Jorge Luiz",IDENTITY_FRAGMENT,Contracted,6911,534,104975,"Desportiva Capixaba",534,104975,"Desportiva Capixaba",False,167,2001,2006-01-31,Defined,30,2006,,,2,1,"DISPLAY_NAME_UNRESOLVED",89,MEDIUM
316010,"","Lauff Teixeira de Souza",IDENTITY_FRAGMENT,Contracted,3050,534,104975,"Desportiva Capixaba",534,104975,"Desportiva Capixaba",False,109,2001,2005-01-31,Defined,30,2005,,,1,1,"DISPLAY_NAME_UNRESOLVED",89,MEDIUM
8827550,"","Lima Lopes",IDENTITY_FRAGMENT,Contracted,6906,534,104975,"Desportiva Capixaba",534,104975,"Desportiva Capixaba",False,287,2001,2006-01-31,Defined,30,2006,,,2,1,"DISPLAY_NAME_UNRESOLVED",89,MEDIUM
8827553,"","Machado Corrêa",IDENTITY_FRAGMENT,Contracted,6909,534,104975,"Desportiva Capixaba",534,104975,"Desportiva Capixaba",False,141,2001,2005-01-31,Defined,30,2005,,,2,1,"DISPLAY_NAME_UNRESOLVED",89,MEDIUM
8827547,"","Menegueli Júnior",IDENTITY_FRAGMENT,Contracted,6903,534,104975,"Desportiva Capixaba",534,104975,"Desportiva Capixaba",False,75,2001,2008-01-31,Defined,30,2008,,,2,1,"DISPLAY_NAME_UNRESOLVED",89,MEDIUM
303899,"","Nunes Garcia",IDENTITY_FRAGMENT,Contracted,977,534,104975,"Desportiva Capixaba",534,104975,"Desportiva Capixaba",False,636,2001,2008-01-31,Defined,30,2008,,,1,1,"DISPLAY_NAME_UNRESOLVED",89,MEDIUM
8827557,"","Peterson",IDENTITY_FRAGMENT,Contracted,6913,534,104975,"Desportiva Capixaba",534,104975,"Desportiva Capixaba",False,75,2001,2005-01-31,Defined,30,2005,,,2,1,"DISPLAY_NAME_UNRESOLVED",89,MEDIUM
8827558,"","Pimentel Barcellos",IDENTITY_FRAGMENT,Contracted,6914,534,104975,"Desportiva Capixaba",534,104975,"Desportiva Capixaba",False,75,2001,2005-01-31,Defined,30,2005,,,2,1,"DISPLAY_NAME_UNRESOLVED",89,MEDIUM
8827559,"","Róbson Carlos",IDENTITY_FRAGMENT,Contracted,6915,534,104975,"Desportiva Capixaba",534,104975,"Desportiva Capixaba",False,206,2001,2005-01-31,Defined,30,2005,,,2,1,"DISPLAY_NAME_UNRESOLVED",89,MEDIUM
8827556,"","Rodrigues Pereira",IDENTITY_FRAGMENT,Contracted,6912,534,104975,"Desportiva Capixaba",534,104975,"Desportiva Capixaba",False,30,2001,2005-01-31,Defined,30,2005,,,2,1,"DISPLAY_NAME_UNRESOLVED",89,MEDIUM
8827560,"","Romélio",IDENTITY_FRAGMENT,Contracted,6916,534,104975,"Desportiva Capixaba",534,104975,"Desportiva Capixaba",False,144,2001,2005-01-31,Defined,30,2005,,,2,1,"DISPLAY_NAME_UNRESOLVED",89,MEDIUM
8827561,"","Rosa dos Santos",IDENTITY_FRAGMENT,Contracted,6917,534,104975,"Desportiva Capixaba",534,104975,"Desportiva Capixaba",False,75,2001,2005-01-31,Defined,30,2005,,,2,1,"DISPLAY_NAME_UNRESOLVED",89,MEDIUM
315069,"","Dantas Bispo",IDENTITY_FRAGMENT,Contracted,2576,427,1885,"Dinamo Kiev",427,1885,"Dinamo Kiev",False,890,2004,2006-06-30,Defined,180,2006,,,2,1,"DISPLAY_NAME_UNRESOLVED",89,MEDIUM
316503,"","Giacomace Souza Freitas",IDENTITY_FRAGMENT,Contracted,3299,427,1885,"Dinamo Kiev",427,1885,"Dinamo Kiev",False,1106,2004,2009-02-01,Defined,31,2009,,,2,1,"DISPLAY_NAME_UNRESOLVED",89,MEDIUM
308377,"","Mori Nunes",IDENTITY_FRAGMENT,Contracted,1920,427,1885,"Dinamo Kiev",427,1885,"Dinamo Kiev",False,847,2003,2007-06-30,Defined,180,2007,,,2,1,"DISPLAY_NAME_UNRESOLVED",89,MEDIUM
303436,"","Pacheco da Fontoura",IDENTITY_FRAGMENT,Contracted,930,427,1885,"Dinamo Kiev",427,1885,"Dinamo Kiev",False,2627,2002,2006-12-30,Defined,363,2006,,,2,1,"DISPLAY_NAME_UNRESOLVED",89,MEDIUM
318343,"","Manoel Adelmo",IDENTITY_FRAGMENT,Contracted,3909,1191,313317,"Dorense FC",1191,313317,"Dorense FC",False,250,2001,2008-01-31,Defined,30,2008,,,1,1,"DISPLAY_NAME_UNRESOLVED",89,MEDIUM
3601603,"","Márcio Borges",IDENTITY_FRAGMENT,Contracted,5886,177,904,"DSC Arminia Bielefeld",177,904,"DSC Arminia Bielefeld",False,3000,1999,2006-06-30,Defined,180,2006,,,1,1,"DISPLAY_NAME_UNRESOLVED",89,MEDIUM
8830547,"","Cris",IDENTITY_FRAGMENT,Contracted,7087,826,301262,"EC Avenida",826,301262,"EC Avenida",False,75,2001,2006-01-31,Defined,30,2006,,,1,1,"DISPLAY_NAME_UNRESOLVED",89,MEDIUM
309591,"","Gasparoni",IDENTITY_FRAGMENT,Contracted,2016,826,301262,"EC Avenida",826,301262,"EC Avenida",False,250,2001,2008-01-31,Defined,30,2008,,,1,1,"DISPLAY_NAME_UNRESOLVED",89,MEDIUM
315548,"","Alan Wellington",IDENTITY_FRAGMENT,Contracted,2837,45,315,"EC Bahia",45,315,"EC Bahia",False,242,2002,2005-01-15,Defined,14,2005,,,2,1,"DISPLAY_NAME_UNRESOLVED",89,MEDIUM
8833078,"","Allyson",IDENTITY_FRAGMENT,Contracted,7296,45,315,"EC Bahia",45,315,"EC Bahia",False,128,2001,2006-01-31,Defined,30,2006,,,2,1,"DISPLAY_NAME_UNRESOLVED",89,MEDIUM
3300155,"","Alves Rufino",IDENTITY_FRAGMENT,Contracted,5254,45,315,"EC Bahia",45,315,"EC Bahia",False,2345,2004,2004-12-15,Defined,349,2004,,,2,1,"DISPLAY_NAME_UNRESOLVED",89,MEDIUM
1747,"","Aparecido Cipriano",IDENTITY_FRAGMENT,Contracted,91,45,315,"EC Bahia",45,315,"EC Bahia",False,1292,2004,2004-12-31,Defined,365,2004,,,2,1,"DISPLAY_NAME_UNRESOLVED",89,MEDIUM
315558,"","Apolônio",IDENTITY_FRAGMENT,Contracted,2839,45,315,"EC Bahia",45,315,"EC Bahia",False,467,2003,2008-04-07,Defined,97,2008,,,2,1,"DISPLAY_NAME_UNRESOLVED",89,MEDIUM
8833079,"","Barbosa Costa",IDENTITY_FRAGMENT,Contracted,7297,45,315,"EC Bahia",45,315,"EC Bahia",False,75,2002,2005-05-17,Defined,136,2005,,,2,1,"DISPLAY_NAME_UNRESOLVED",89,MEDIUM
308327,"","Barbosa Silva",IDENTITY_FRAGMENT,Contracted,1906,45,315,"EC Bahia",45,315,"EC Bahia",False,484,2001,2006-01-31,Defined,30,2006,,,1,1,"DISPLAY_NAME_UNRESOLVED",89,MEDIUM
315565,"","Bruno Leonardo",IDENTITY_FRAGMENT,Contracted,2845,45,315,"EC Bahia",45,315,"EC Bahia",False,240,2003,2008-04-07,Defined,97,2008,,,2,1,"DISPLAY_NAME_UNRESOLVED",89,MEDIUM
321004,"","Cernauskas Nardi",IDENTITY_FRAGMENT,Contracted,4398,45,315,"EC Bahia",45,315,"EC Bahia",False,152,2004,2007-06-30,Defined,180,2007,,,2,1,"DISPLAY_NAME_UNRESOLVED",89,MEDIUM
8835096,"","Cerqueira",IDENTITY_FRAGMENT,Contracted,7654,45,315,"EC Bahia",45,315,"EC Bahia",False,30,2003,2006-02-20,Defined,50,2006,,,2,1,"DISPLAY_NAME_UNRESOLVED",89,MEDIUM
315566,"","Ciro Carlos",IDENTITY_FRAGMENT,Contracted,2846,45,315,"EC Bahia",45,315,"EC Bahia",False,75,2001,2006-01-31,Defined,30,2006,,,2,1,"DISPLAY_NAME_UNRESOLVED",89,MEDIUM
318745,"","Conceição de Oiveira",IDENTITY_FRAGMENT,Contracted,3943,45,315,"EC Bahia",45,315,"EC Bahia",False,137,2001,2004-12-31,Defined,365,2004,,,2,1,"DISPLAY_NAME_UNRESOLVED",89,MEDIUM
6900186,"","Costa de Brito",IDENTITY_FRAGMENT,Contracted,6523,45,315,"EC Bahia",45,315,"EC Bahia",False,735,2001,2006-01-31,Defined,30,2006,,,2,1,"DISPLAY_NAME_UNRESOLVED",89,MEDIUM
315560,"","da Paixão Ramos Nicácio",IDENTITY_FRAGMENT,Contracted,2841,45,315,"EC Bahia",45,315,"EC Bahia",False,714,2003,2008-01-21,Defined,20,2008,,,2,1,"DISPLAY_NAME_UNRESOLVED",89,MEDIUM
3301295,"","da Silva Almeida",IDENTITY_FRAGMENT,Contracted,5714,45,315,"EC Bahia",45,315,"EC Bahia",False,2113,2004,2004-12-24,Defined,358,2004,,,1,1,"DISPLAY_NAME_UNRESOLVED",89,MEDIUM
316668,"","Danilo Gustavo",IDENTITY_FRAGMENT,Contracted,3414,45,315,"EC Bahia",45,315,"EC Bahia",False,571,2004,2008-03-20,Defined,79,2008,,,2,1,"DISPLAY_NAME_UNRESOLVED",89,MEDIUM
308324,"","Danilo José",IDENTITY_FRAGMENT,Contracted,1904,45,315,"EC Bahia",45,315,"EC Bahia",False,150,2003,2008-04-07,Defined,97,2008,,,2,1,"DISPLAY_NAME_UNRESOLVED",89,MEDIUM
3300473,"","Dantas de Araújo",IDENTITY_FRAGMENT,Contracted,5375,45,315,"EC Bahia",45,315,"EC Bahia",False,510,2001,2006-01-31,Defined,30,2006,,,2,1,"DISPLAY_NAME_UNRESOLVED",89,MEDIUM
601753,"","de Oliveira Pereira",IDENTITY_FRAGMENT,Contracted,4613,45,315,"EC Bahia",45,315,"EC Bahia",False,2329,2003,2006-01-31,Defined,30,2006,,,2,1,"DISPLAY_NAME_UNRESOLVED",89,MEDIUM
303508,"","de Souza Ferretti",IDENTITY_FRAGMENT,Contracted,942,45,315,"EC Bahia",45,315,"EC Bahia",False,436,2004,2004-12-31,Defined,365,2004,,,2,1,"DISPLAY_NAME_UNRESOLVED",89,MEDIUM
3300068,"","Dorismar Felipe",IDENTITY_FRAGMENT,Contracted,5232,45,315,"EC Bahia",45,315,"EC Bahia",False,754,2004,2006-01-31,Defined,30,2006,,,2,1,"DISPLAY_NAME_UNRESOLVED",89,MEDIUM
8825866,"","dos Santos Fagundes",IDENTITY_FRAGMENT,OnLoan,6812,568,107206,"C Atlético Paranaense",45,315,"EC Bahia",True,326,2004,2006-01-05,Defined,4,2006,326,2004-12-31,1,2,"DISPLAY_NAME_UNRESOLVED",97,HIGH
315563,"","dos Santos Sobrinho",IDENTITY_FRAGMENT,Contracted,2843,45,315,"EC Bahia",45,315,"EC Bahia",False,176,2001,2006-01-31,Defined,30,2006,,,2,1,"DISPLAY_NAME_UNRESOLVED",89,MEDIUM
311119,"","Elias Natan",IDENTITY_FRAGMENT,Contracted,2243,45,315,"EC Bahia",45,315,"EC Bahia",False,84,2001,2008-01-31,Defined,30,2008,,,1,1,"DISPLAY_NAME_UNRESOLVED",89,MEDIUM
8832568,"","Ernane",IDENTITY_FRAGMENT,Contracted,7120,45,315,"EC Bahia",45,315,"EC Bahia",False,75,2002,2009-05-26,Defined,145,2009,,,2,1,"DISPLAY_NAME_UNRESOLVED",89,MEDIUM
6900172,"","Ferreira de Castro",IDENTITY_FRAGMENT,Contracted,6517,45,315,"EC Bahia",45,315,"EC Bahia",False,560,2004,2005-01-31,Defined,30,2005,,,2,1,"DISPLAY_NAME_UNRESOLVED",89,MEDIUM
8833086,"","Francisco Jaílson",IDENTITY_FRAGMENT,Contracted,7304,45,315,"EC Bahia",45,315,"EC Bahia",False,30,2003,2007-07-01,Defined,181,2007,,,2,1,"DISPLAY_NAME_UNRESOLVED",89,MEDIUM
3300954,"","Fumeiro Alvarez",IDENTITY_FRAGMENT,Contracted,5544,45,315,"EC Bahia",45,315,"EC Bahia",False,836,2001,2007-01-31,Defined,30,2007,,,2,1,"DISPLAY_NAME_UNRESOLVED",89,MEDIUM
8825640,"","Gerlem William",IDENTITY_FRAGMENT,Contracted,6783,45,315,"EC Bahia",45,315,"EC Bahia",False,260,2003,2006-02-20,Defined,50,2006,,,2,1,"DISPLAY_NAME_UNRESOLVED",89,MEDIUM
8833083,"","Glauciano",IDENTITY_FRAGMENT,Contracted,7301,45,315,"EC Bahia",45,315,"EC Bahia",False,200,2003,2008-08-20,Defined,232,2008,,,2,1,"DISPLAY_NAME_UNRESOLVED",89,MEDIUM
311125,"","Gomes Andrade Júnior",IDENTITY_FRAGMENT,Contracted,2247,45,315,"EC Bahia",45,315,"EC Bahia",False,380,2001,2006-01-31,Defined,30,2006,,,1,1,"DISPLAY_NAME_UNRESOLVED",89,MEDIUM
3300477,"","Gomes Callegari",IDENTITY_FRAGMENT,Contracted,5376,45,315,"EC Bahia",45,315,"EC Bahia",False,505,2001,2006-01-31,Defined,30,2006,,,1,1,"DISPLAY_NAME_UNRESOLVED",89,MEDIUM
315940,"","Igor Carlos",IDENTITY_FRAGMENT,Contracted,2989,45,315,"EC Bahia",45,315,"EC Bahia",False,707,2004,2004-12-31,Defined,365,2004,,,2,1,"DISPLAY_NAME_UNRESOLVED",89,MEDIUM
308325,"","Jair",IDENTITY_FRAGMENT,Contracted,1905,45,315,"EC Bahia",45,315,"EC Bahia",False,610,2002,2007-01-11,Defined,10,2007,,,2,1,"DISPLAY_NAME_UNRESOLVED",89,MEDIUM
311117,"","José Adagílton",IDENTITY_FRAGMENT,Contracted,2241,45,315,"EC Bahia",45,315,"EC Bahia",False,253,2001,2008-01-31,Defined,30,2008,,,1,1,"DISPLAY_NAME_UNRESOLVED",89,MEDIUM
8833085,"","José Marcos",IDENTITY_FRAGMENT,Contracted,7303,45,315,"EC Bahia",45,315,"EC Bahia",False,75,2001,2007-06-30,Defined,180,2007,,,2,1,"DISPLAY_NAME_UNRESOLVED",89,MEDIUM
3300564,"","Leonardo Fabiano",IDENTITY_FRAGMENT,Contracted,5387,45,315,"EC Bahia",45,315,"EC Bahia",False,146,2004,2009-01-20,Defined,19,2009,,,2,1,"DISPLAY_NAME_UNRESOLVED",89,MEDIUM
304571,"","Lima Lenta",IDENTITY_FRAGMENT,Contracted,1205,45,315,"EC Bahia",45,315,"EC Bahia",False,341,2004,2004-12-15,Defined,349,2004,,,1,1,"DISPLAY_NAME_UNRESOLVED",89,MEDIUM
315568,"","Macedo Novaes",IDENTITY_FRAGMENT,Contracted,2848,45,315,"EC Bahia",45,315,"EC Bahia",False,75,2001,2006-01-31,Defined,30,2006,,,2,1,"DISPLAY_NAME_UNRESOLVED",89,MEDIUM
3300792,"","Mantena",IDENTITY_FRAGMENT,Contracted,5479,45,315,"EC Bahia",45,315,"EC Bahia",False,106,2001,2006-01-31,Defined,30,2006,,,2,1,"DISPLAY_NAME_UNRESOLVED",89,MEDIUM
3300466,"","Mellin",IDENTITY_FRAGMENT,Contracted,5369,45,315,"EC Bahia",45,315,"EC Bahia",False,127,2001,2004-08-12,Defined,224,2004,,,2,1,"DISPLAY_NAME_UNRESOLVED",89,MEDIUM
315938,"","Melo de Oliveira Júnior",IDENTITY_FRAGMENT,Contracted,2987,45,315,"EC Bahia",45,315,"EC Bahia",False,231,2001,2004-12-16,Defined,350,2004,,,2,1,"DISPLAY_NAME_UNRESOLVED",89,MEDIUM
8832569,"","Neto Potiguar",IDENTITY_FRAGMENT,Contracted,7121,45,315,"EC Bahia",45,315,"EC Bahia",False,322,2002,2005-04-24,Defined,113,2005,,,1,1,"DISPLAY_NAME_UNRESOLVED",89,MEDIUM
8825123,"","Ney Mineiro",IDENTITY_FRAGMENT,Contracted,6736,45,315,"EC Bahia",45,315,"EC Bahia",False,332,2001,2006-01-31,Defined,30,2006,,,2,1,"DISPLAY_NAME_UNRESOLVED",89,MEDIUM
6900183,"","Nonato",IDENTITY_FRAGMENT,Contracted,6520,45,315,"EC Bahia",45,315,"EC Bahia",False,2557,2001,2006-01-31,Defined,30,2006,,,2,1,"DISPLAY_NAME_UNRESOLVED",89,MEDIUM
308576,"","Novelli",IDENTITY_FRAGMENT,Contracted,1946,45,315,"EC Bahia",45,315,"EC Bahia",False,169,2001,2007-01-31,Defined,30,2007,,,1,1,"DISPLAY_NAME_UNRESOLVED",89,MEDIUM
3301152,"","Reginaldo Henrique",IDENTITY_FRAGMENT,Contracted,5628,45,315,"EC Bahia",45,315,"EC Bahia",False,302,2004,2004-12-15,Defined,349,2004,,,2,1,"DISPLAY_NAME_UNRESOLVED",89,MEDIUM
8833084,"","Ribeiro de Oliveira",IDENTITY_FRAGMENT,Contracted,7302,45,315,"EC Bahia",45,315,"EC Bahia",False,315,2002,2009-05-26,Defined,145,2009,,,2,1,"DISPLAY_NAME_UNRESOLVED",89,MEDIUM
8835095,"","Riva",IDENTITY_FRAGMENT,Contracted,7653,45,315,"EC Bahia",45,315,"EC Bahia",False,169,2001,2008-01-31,Defined,30,2008,,,2,1,"DISPLAY_NAME_UNRESOLVED",89,MEDIUM
311092,"","Rodrigo César",IDENTITY_FRAGMENT,OnLoan,2238,568,107206,"C Atlético Paranaense",45,315,"EC Bahia",True,354,2000,2005-12-31,Defined,364,2005,354,2004-12-31,1,2,"DISPLAY_NAME_UNRESOLVED",97,HIGH
8833541,"","Santana Conceição",IDENTITY_FRAGMENT,Contracted,7394,45,315,"EC Bahia",45,315,"EC Bahia",False,128,2001,2005-01-31,Defined,30,2005,,,2,1,"DISPLAY_NAME_UNRESOLVED",89,MEDIUM
315569,"","Santos Bacelar",IDENTITY_FRAGMENT,Contracted,2849,45,315,"EC Bahia",45,315,"EC Bahia",False,75,2001,2006-01-31,Defined,30,2006,,,1,1,"DISPLAY_NAME_UNRESOLVED",89,MEDIUM
315562,"","Santos dos Santos",IDENTITY_FRAGMENT,Contracted,2842,45,315,"EC Bahia",45,315,"EC Bahia",False,75,2003,2008-04-15,Defined,105,2008,,,2,1,"DISPLAY_NAME_UNRESOLVED",89,MEDIUM
315333,"","Selmir",IDENTITY_FRAGMENT,OnLoan,2752,568,107206,"C Atlético Paranaense",45,315,"EC Bahia",True,2834,2001,2006-09-20,Defined,262,2006,2834,2004-12-31,2,2,"DISPLAY_NAME_UNRESOLVED",97,HIGH
310851,"","Silva Santos Souza",IDENTITY_FRAGMENT,Contracted,2131,45,315,"EC Bahia",45,315,"EC Bahia",False,169,2003,2008-06-17,Defined,168,2008,,,2,1,"DISPLAY_NAME_UNRESOLVED",89,MEDIUM
316259,"","Souza dos Santos",IDENTITY_FRAGMENT,Contracted,3176,45,315,"EC Bahia",45,315,"EC Bahia",False,324,2004,2008-01-12,Defined,11,2008,,,2,1,"DISPLAY_NAME_UNRESOLVED",89,MEDIUM
8830367,"","Teles Goés Sobrinho",IDENTITY_FRAGMENT,Contracted,7054,45,315,"EC Bahia",45,315,"EC Bahia",False,75,2002,2005-08-27,Defined,238,2005,,,2,1,"DISPLAY_NAME_UNRESOLVED",89,MEDIUM
311158,"","Terra Alberoni",IDENTITY_FRAGMENT,Contracted,2272,45,315,"EC Bahia",45,315,"EC Bahia",False,181,2004,2009-02-09,Defined,39,2009,,,1,1,"DISPLAY_NAME_UNRESOLVED",89,MEDIUM
302348,"","Trevisan",IDENTITY_FRAGMENT,Contracted,795,45,315,"EC Bahia",45,315,"EC Bahia",False,169,2001,2008-01-31,Defined,30,2008,,,1,1,"DISPLAY_NAME_UNRESOLVED",89,MEDIUM
312479,"","Túlio Gustavo",IDENTITY_FRAGMENT,Contracted,2555,45,315,"EC Bahia",45,315,"EC Bahia",False,75,2003,2004-12-03,Defined,337,2004,,,2,1,"DISPLAY_NAME_UNRESOLVED",89,MEDIUM
320322,"","Vágner",IDENTITY_FRAGMENT,Contracted,4282,45,315,"EC Bahia",45,315,"EC Bahia",False,75,2004,2005-01-31,Defined,30,2005,,,1,1,"DISPLAY_NAME_UNRESOLVED",89,MEDIUM
301522,"","Valdomiro",IDENTITY_FRAGMENT,Contracted,708,45,315,"EC Bahia",45,315,"EC Bahia",False,203,2001,2006-01-31,Defined,30,2006,,,2,1,"DISPLAY_NAME_UNRESOLVED",89,MEDIUM
8833080,"","Weberson",IDENTITY_FRAGMENT,Contracted,7298,45,315,"EC Bahia",45,315,"EC Bahia",False,75,2002,2005-05-15,Defined,134,2005,,,2,1,"DISPLAY_NAME_UNRESOLVED",89,MEDIUM
3301409,"","Arnaldo Dionísio",IDENTITY_FRAGMENT,Contracted,5755,783,301181,"EC Comercial (MS)",783,301181,"EC Comercial (MS)",False,348,2001,2006-01-31,Defined,30,2006,,,2,1,"DISPLAY_NAME_UNRESOLVED",89,MEDIUM
317702,"","Maresi",IDENTITY_FRAGMENT,Contracted,3761,783,301181,"EC Comercial (MS)",783,301181,"EC Comercial (MS)",False,249,2001,2006-01-31,Defined,30,2006,,,1,1,"DISPLAY_NAME_UNRESOLVED",89,MEDIUM
304704,"","Nicolodi",IDENTITY_FRAGMENT,Contracted,1232,783,301181,"EC Comercial (MS)",783,301181,"EC Comercial (MS)",False,91,2001,2006-01-31,Defined,30,2006,,,2,1,"DISPLAY_NAME_UNRESOLVED",89,MEDIUM
310660,"","Maurício Horácio",IDENTITY_FRAGMENT,Contracted,2065,840,301290,"EC Gênus Rondoniense",840,301290,"EC Gênus Rondoniense",False,253,2001,2009-01-31,Defined,30,2009,,,1,1,"DISPLAY_NAME_UNRESOLVED",89,MEDIUM
306591,"","Pereira Gomes",IDENTITY_FRAGMENT,Contracted,1658,840,301290,"EC Gênus Rondoniense",840,301290,"EC Gênus Rondoniense",False,385,2001,2006-01-31,Defined,30,2006,,,1,1,"DISPLAY_NAME_UNRESOLVED",89,MEDIUM
316741,"","Almeida Camazzola",IDENTITY_FRAGMENT,Contracted,3482,56,327,"EC Juventude",56,327,"EC Juventude",False,341,2001,2006-11-20,Defined,323,2006,,,2,1,"DISPLAY_NAME_UNRESOLVED",89,MEDIUM
8829862,"","Aparecido Rodrigues",IDENTITY_FRAGMENT,OnLoan,6946,1390,314909,"RS Futebol C",56,327,"EC Juventude",True,853,2001,2006-01-31,Defined,30,2006,853,2004-12-31,2,2,"DISPLAY_NAME_UNRESOLVED",97,HIGH
8832949,"","Betanin",IDENTITY_FRAGMENT,Contracted,7268,56,327,"EC Juventude",56,327,"EC Juventude",False,30,2003,2008-09-01,Defined,244,2008,,,2,1,"DISPLAY_NAME_UNRESOLVED",89,MEDIUM
8832932,"","Bruno Luiz",IDENTITY_FRAGMENT,Contracted,7251,56,327,"EC Juventude",56,327,"EC Juventude",False,293,2001,2005-01-31,Defined,30,2005,,,1,1,"DISPLAY_NAME_UNRESOLVED",89,MEDIUM
315837,"","Camargo Santiago",IDENTITY_FRAGMENT,Contracted,2940,56,327,"EC Juventude",56,327,"EC Juventude",False,632,2004,2004-12-21,Defined,355,2004,,,2,1,"DISPLAY_NAME_UNRESOLVED",89,MEDIUM
8832935,"","Cardoso de Moreira",IDENTITY_FRAGMENT,Contracted,7254,56,327,"EC Juventude",56,327,"EC Juventude",False,75,2003,2007-07-10,Defined,190,2007,,,2,1,"DISPLAY_NAME_UNRESOLVED",89,MEDIUM
306491,"","Carlos Vânderson",IDENTITY_FRAGMENT,OnLoan,1634,568,107206,"C Atlético Paranaense",56,327,"EC Juventude",True,806,2004,2006-01-07,Defined,6,2006,806,2004-12-31,2,2,"DISPLAY_NAME_UNRESOLVED",97,HIGH
3300139,"","Cleonésio Carlos",IDENTITY_FRAGMENT,Contracted,5244,56,327,"EC Juventude",56,327,"EC Juventude",False,928,2004,2004-12-31,Defined,365,2004,,,2,1,"DISPLAY_NAME_UNRESOLVED",89,MEDIUM
8832950,"","Companhoni Machado",IDENTITY_FRAGMENT,Contracted,7269,56,327,"EC Juventude",56,327,"EC Juventude",False,30,2001,2006-09-01,Defined,243,2006,,,1,1,"DISPLAY_NAME_UNRESOLVED",89,MEDIUM
8832934,"","dall Pizzol",IDENTITY_FRAGMENT,Contracted,7253,56,327,"EC Juventude",56,327,"EC Juventude",False,546,2001,2007-01-31,Defined,30,2007,,,2,1,"DISPLAY_NAME_UNRESOLVED",89,MEDIUM
8832942,"","Daneluz Soares",IDENTITY_FRAGMENT,Contracted,7261,56,327,"EC Juventude",56,327,"EC Juventude",False,30,1997,2009-06-30,Defined,180,2009,,,1,1,"DISPLAY_NAME_UNRESOLVED",89,MEDIUM
5360540,"","de Aleluia Silva",IDENTITY_FRAGMENT,Contracted,6258,56,327,"EC Juventude",56,327,"EC Juventude",False,1503,2004,2004-12-20,Defined,354,2004,,,1,1,"DISPLAY_NAME_UNRESOLVED",89,MEDIUM
8832955,"","de Oliveira Ribas",IDENTITY_FRAGMENT,Contracted,7273,56,327,"EC Juventude",56,327,"EC Juventude",False,75,2001,2005-01-31,Defined,30,2005,,,2,1,"DISPLAY_NAME_UNRESOLVED",89,MEDIUM
8835097,"","Delabona Zanchi",IDENTITY_FRAGMENT,Contracted,7655,56,327,"EC Juventude",56,327,"EC Juventude",False,632,2004,2004-12-20,Defined,354,2004,,,1,1,"DISPLAY_NAME_UNRESOLVED",89,MEDIUM
8832954,"","Dias da Costa",IDENTITY_FRAGMENT,Contracted,7272,56,327,"EC Juventude",56,327,"EC Juventude",False,30,2001,2005-01-31,Defined,30,2005,,,2,1,"DISPLAY_NAME_UNRESOLVED",89,MEDIUM
8832936,"","Diego Irineu",IDENTITY_FRAGMENT,Contracted,7255,56,327,"EC Juventude",56,327,"EC Juventude",False,219,2002,2007-01-14,Defined,13,2007,,,2,1,"DISPLAY_NAME_UNRESOLVED",89,MEDIUM
3301288,"","Eliézer Murilo",IDENTITY_FRAGMENT,Contracted,5710,56,327,"EC Juventude",56,327,"EC Juventude",False,2129,2004,2006-12-31,Defined,364,2006,,,2,1,"DISPLAY_NAME_UNRESOLVED",89,MEDIUM
8832940,"","Fágner Galvão",IDENTITY_FRAGMENT,Contracted,7259,56,327,"EC Juventude",56,327,"EC Juventude",False,30,2001,2009-06-30,Defined,180,2009,,,2,1,"DISPLAY_NAME_UNRESOLVED",89,MEDIUM
320302,"","Fernando Paulo",IDENTITY_FRAGMENT,Contracted,4271,56,327,"EC Juventude",56,327,"EC Juventude",False,75,2001,2005-01-31,Defined,30,2005,,,2,1,"DISPLAY_NAME_UNRESOLVED",89,MEDIUM
8832939,"","Finger",IDENTITY_FRAGMENT,Contracted,7258,56,327,"EC Juventude",56,327,"EC Juventude",False,273,2001,2007-01-31,Defined,30,2007,,,2,1,"DISPLAY_NAME_UNRESOLVED",89,MEDIUM
8833542,"","Gilvane",IDENTITY_FRAGMENT,Contracted,7395,56,327,"EC Juventude",56,327,"EC Juventude",False,75,2001,2005-01-31,Defined,30,2005,,,2,1,"DISPLAY_NAME_UNRESOLVED",89,MEDIUM
316744,"","Gomes de Matos",IDENTITY_FRAGMENT,Contracted,3483,56,327,"EC Juventude",56,327,"EC Juventude",False,75,2001,2005-01-31,Defined,30,2005,,,2,1,"DISPLAY_NAME_UNRESOLVED",89,MEDIUM
316007,"","Heves da Silva",IDENTITY_FRAGMENT,OnLoan,3048,55,326,"SC Internacional",56,327,"EC Juventude",True,80,2001,2005-03-20,Defined,78,2005,80,2004-12-31,2,2,"DISPLAY_NAME_UNRESOLVED",97,HIGH
8832941,"","Iberê",IDENTITY_FRAGMENT,Contracted,7260,56,327,"EC Juventude",56,327,"EC Juventude",False,246,2003,2005-01-31,Defined,30,2005,,,2,1,"DISPLAY_NAME_UNRESOLVED",89,MEDIUM
310920,"","Iran",IDENTITY_FRAGMENT,Contracted,2154,56,327,"EC Juventude",56,327,"EC Juventude",False,273,2001,2007-01-31,Defined,30,2007,,,1,1,"DISPLAY_NAME_UNRESOLVED",89,MEDIUM
3300784,"","Jesús Cleiton",IDENTITY_FRAGMENT,Contracted,5478,56,327,"EC Juventude",56,327,"EC Juventude",False,811,2002,2005-01-31,Defined,30,2005,,,2,1,"DISPLAY_NAME_UNRESOLVED",89,MEDIUM
320502,"","José Hélio",IDENTITY_FRAGMENT,Contracted,4313,56,327,"EC Juventude",56,327,"EC Juventude",False,75,2003,2008-03-05,Defined,64,2008,,,2,1,"DISPLAY_NAME_UNRESOLVED",89,MEDIUM
8832957,"","José Rodolpho",IDENTITY_FRAGMENT,Contracted,7275,56,327,"EC Juventude",56,327,"EC Juventude",False,516,2002,2007-01-31,Defined,30,2007,,,2,1,"DISPLAY_NAME_UNRESOLVED",89,MEDIUM
8832943,"","Kaliffe",IDENTITY_FRAGMENT,Contracted,7262,56,327,"EC Juventude",56,327,"EC Juventude",False,546,2001,2007-01-31,Defined,30,2007,,,1,1,"DISPLAY_NAME_UNRESOLVED",89,MEDIUM
316679,"","Lastrucci de Campos",IDENTITY_FRAGMENT,Contracted,3424,56,327,"EC Juventude",56,327,"EC Juventude",False,75,2004,2004-12-21,Defined,355,2004,,,2,1,"DISPLAY_NAME_UNRESOLVED",89,MEDIUM
3300283,"","Lauro Antônio",IDENTITY_FRAGMENT,Contracted,5316,56,327,"EC Juventude",56,327,"EC Juventude",False,682,2004,2004-12-31,Defined,365,2004,,,2,1,"DISPLAY_NAME_UNRESOLVED",89,MEDIUM
2001439,"","Leal Amorim",IDENTITY_FRAGMENT,Contracted,4992,56,327,"EC Juventude",56,327,"EC Juventude",False,750,2004,2004-12-24,Defined,358,2004,,,2,1,"DISPLAY_NAME_UNRESOLVED",89,MEDIUM
3301113,"","Leonardo Caetano",IDENTITY_FRAGMENT,Contracted,5611,56,327,"EC Juventude",56,327,"EC Juventude",False,1755,2004,2004-12-31,Defined,365,2004,,,2,1,"DISPLAY_NAME_UNRESOLVED",89,MEDIUM
320494,"","Levino Floriano",IDENTITY_FRAGMENT,Contracted,4311,56,327,"EC Juventude",56,327,"EC Juventude",False,345,2002,2006-08-30,Defined,241,2006,,,2,1,"DISPLAY_NAME_UNRESOLVED",89,MEDIUM
316740,"","Lopes Cruz",IDENTITY_FRAGMENT,Contracted,3481,56,327,"EC Juventude",56,327,"EC Juventude",False,317,2001,2006-01-31,Defined,30,2006,,,2,1,"DISPLAY_NAME_UNRESOLVED",89,MEDIUM
311930,"","Magnaguagno",IDENTITY_FRAGMENT,Contracted,2488,56,327,"EC Juventude",56,327,"EC Juventude",False,143,2002,2007-03-01,Defined,59,2007,,,2,1,"DISPLAY_NAME_UNRESOLVED",89,MEDIUM
303596,"","Martini",IDENTITY_FRAGMENT,Contracted,955,56,327,"EC Juventude",56,327,"EC Juventude",False,336,2004,2005-06-30,Defined,180,2005,,,2,1,"DISPLAY_NAME_UNRESOLVED",89,MEDIUM
310921,"","Mazotti",IDENTITY_FRAGMENT,Contracted,2155,56,327,"EC Juventude",56,327,"EC Juventude",False,273,2001,2009-01-31,Defined,30,2009,,,1,1,"DISPLAY_NAME_UNRESOLVED",89,MEDIUM
8832945,"","Menegat",IDENTITY_FRAGMENT,Contracted,7264,56,327,"EC Juventude",56,327,"EC Juventude",False,273,2001,2009-01-31,Defined,30,2009,,,2,1,"DISPLAY_NAME_UNRESOLVED",89,MEDIUM
8832946,"","Micael",IDENTITY_FRAGMENT,Contracted,7265,56,327,"EC Juventude",56,327,"EC Juventude",False,75,2001,2005-01-31,Defined,30,2005,,,2,1,"DISPLAY_NAME_UNRESOLVED",89,MEDIUM
8832947,"","Michel Vinícius",IDENTITY_FRAGMENT,Contracted,7266,56,327,"EC Juventude",56,327,"EC Juventude",False,75,2002,2007-06-30,Defined,180,2007,,,2,1,"DISPLAY_NAME_UNRESOLVED",89,MEDIUM
304137,"","Milagres",IDENTITY_FRAGMENT,Contracted,1049,56,327,"EC Juventude",56,327,"EC Juventude",False,478,2004,2005-12-31,Defined,364,2005,,,2,1,"DISPLAY_NAME_UNRESOLVED",89,MEDIUM
8832951,"","Nei",IDENTITY_FRAGMENT,Contracted,7270,56,327,"EC Juventude",56,327,"EC Juventude",False,465,2001,2007-01-31,Defined,30,2007,,,1,1,"DISPLAY_NAME_UNRESOLVED",89,MEDIUM
302698,"","Nogueira Lopes",IDENTITY_FRAGMENT,OnLoan,845,58,329,"SE Palmeiras",56,327,"EC Juventude",True,676,2000,2005-06-30,Defined,180,2005,676,2004-12-20,2,2,"DISPLAY_NAME_UNRESOLVED",97,HIGH
8829873,"","Oliveira Duarte",IDENTITY_FRAGMENT,OnLoan,6953,1390,314909,"RS Futebol C",56,327,"EC Juventude",True,381,2001,2005-01-31,Defined,30,2005,381,2004-12-31,2,2,"DISPLAY_NAME_UNRESOLVED",97,HIGH
8832948,"","Pablo",IDENTITY_FRAGMENT,Contracted,7267,56,327,"EC Juventude",56,327,"EC Juventude",False,75,2003,2005-01-31,Defined,30,2005,,,2,1,"DISPLAY_NAME_UNRESOLVED",89,MEDIUM
316757,"","Pitol",IDENTITY_FRAGMENT,Contracted,3493,56,327,"EC Juventude",56,327,"EC Juventude",False,75,2004,2004-12-20,Defined,354,2004,,,2,1,"DISPLAY_NAME_UNRESOLVED",89,MEDIUM
310917,"","Poletto",IDENTITY_FRAGMENT,Contracted,2152,56,327,"EC Juventude",56,327,"EC Juventude",False,546,2001,2009-01-31,Defined,30,2009,,,1,1,"DISPLAY_NAME_UNRESOLVED",89,MEDIUM
316746,"","Raone",IDENTITY_FRAGMENT,Contracted,3484,56,327,"EC Juventude",56,327,"EC Juventude",False,184,2001,2006-10-23,Defined,295,2006,,,2,1,"DISPLAY_NAME_UNRESOLVED",89,MEDIUM
8833543,"","Raphael Antunes",IDENTITY_FRAGMENT,Contracted,7396,56,327,"EC Juventude",56,327,"EC Juventude",False,30,2001,2005-01-31,Defined,30,2005,,,2,1,"DISPLAY_NAME_UNRESOLVED",89,MEDIUM
316738,"","Renato Netson",IDENTITY_FRAGMENT,Contracted,3479,56,327,"EC Juventude",56,327,"EC Juventude",False,886,2004,2004-12-21,Defined,355,2004,,,2,1,"DISPLAY_NAME_UNRESOLVED",89,MEDIUM
3301353,"","Rogério José",IDENTITY_FRAGMENT,Contracted,5747,56,327,"EC Juventude",56,327,"EC Juventude",False,750,2004,2006-01-31,Defined,30,2006,,,1,1,"DISPLAY_NAME_UNRESOLVED",89,MEDIUM
3300201,"","Ronildo",IDENTITY_FRAGMENT,Contracted,5281,56,327,"EC Juventude",56,327,"EC Juventude",False,1314,2004,2004-12-31,Defined,365,2004,,,2,1,"DISPLAY_NAME_UNRESOLVED",89,MEDIUM
7002323,"","Serginho Cunha",IDENTITY_FRAGMENT,Contracted,6578,56,327,"EC Juventude",56,327,"EC Juventude",False,396,2004,2005-01-31,Defined,30,2005,,,2,1,"DISPLAY_NAME_UNRESOLVED",89,MEDIUM
8832958,"","Tormena",IDENTITY_FRAGMENT,Contracted,7276,56,327,"EC Juventude",56,327,"EC Juventude",False,31,2001,2006-03-31,Defined,89,2006,,,2,1,"DISPLAY_NAME_UNRESOLVED",89,MEDIUM
3300330,"","Vassoler",IDENTITY_FRAGMENT,Contracted,5329,56,327,"EC Juventude",56,327,"EC Juventude",False,150,2001,2006-01-31,Defined,30,2006,,,2,1,"DISPLAY_NAME_UNRESOLVED",89,MEDIUM
5315893,"","Weslei",IDENTITY_FRAGMENT,Contracted,6256,56,327,"EC Juventude",56,327,"EC Juventude",False,741,2004,2004-12-21,Defined,355,2004,,,2,1,"DISPLAY_NAME_UNRESOLVED",89,MEDIUM
8832956,"","Zanol",IDENTITY_FRAGMENT,Contracted,7274,56,327,"EC Juventude",56,327,"EC Juventude",False,131,1997,2006-05-14,Defined,133,2006,,,2,1,"DISPLAY_NAME_UNRESOLVED",89,MEDIUM
8833544,"","Zenette",IDENTITY_FRAGMENT,FormationContract,7397,56,327,"EC Juventude",56,327,"EC Juventude",False,30,2001,,NotDefined,1,1900,,,2,1,"SENTINEL_END_DATE|DISPLAY_NAME_UNRESOLVED",89,MEDIUM
306378,"","Márcio Antônio",IDENTITY_FRAGMENT,Contracted,1571,1443,318899,"EC Lemense",1443,318899,"EC Lemense",False,120,2004,2005-01-31,Defined,30,2005,,,2,1,"DISPLAY_NAME_UNRESOLVED",89,MEDIUM
305869,"","Alberoni João",IDENTITY_FRAGMENT,Contracted,1460,934,308628,"EC Novo Hamburgo",934,308628,"EC Novo Hamburgo",False,215,2001,2006-01-31,Defined,30,2006,,,1,1,"DISPLAY_NAME_UNRESOLVED",89,MEDIUM
309549,"","Anderson Pereira",IDENTITY_FRAGMENT,Contracted,2012,934,308628,"EC Novo Hamburgo",934,308628,"EC Novo Hamburgo",False,217,2001,2006-01-31,Defined,30,2006,,,2,1,"DISPLAY_NAME_UNRESOLVED",89,MEDIUM
310629,"","Beno",IDENTITY_FRAGMENT,Contracted,2061,934,308628,"EC Novo Hamburgo",934,308628,"EC Novo Hamburgo",False,75,2001,2005-01-31,Defined,30,2005,,,2,1,"DISPLAY_NAME_UNRESOLVED",89,MEDIUM
309557,"","Emerson Pedro",IDENTITY_FRAGMENT,Contracted,2013,934,308628,"EC Novo Hamburgo",934,308628,"EC Novo Hamburgo",False,75,2001,2006-01-31,Defined,30,2006,,,2,1,"DISPLAY_NAME_UNRESOLVED",89,MEDIUM
305945,"","Joel Marcos",IDENTITY_FRAGMENT,Contracted,1479,934,308628,"EC Novo Hamburgo",934,308628,"EC Novo Hamburgo",False,246,2001,2005-01-31,Defined,30,2005,,,1,1,"DISPLAY_NAME_UNRESOLVED",89,MEDIUM
305847,"","Leoni Moura Macuglia",IDENTITY_FRAGMENT,Contracted,1456,934,308628,"EC Novo Hamburgo",934,308628,"EC Novo Hamburgo",False,336,2001,2008-01-31,Defined,30,2008,,,1,1,"DISPLAY_NAME_UNRESOLVED",89,MEDIUM
319758,"","Assoli",IDENTITY_FRAGMENT,Contracted,4192,1227,313374,"EC Osasco",1227,313374,"EC Osasco",False,250,2001,2009-01-31,Defined,30,2009,,,1,1,"DISPLAY_NAME_UNRESOLVED",89,MEDIUM
311549,"","André Aloísio",IDENTITY_FRAGMENT,Contracted,2408,1070,311038,"EC Palmeirense",1070,311038,"EC Palmeirense",False,250,2001,2008-01-31,Defined,30,2008,,,1,1,"DISPLAY_NAME_UNRESOLVED",89,MEDIUM
318167,"","Alexandre Bochecha",IDENTITY_FRAGMENT,Contracted,3846,833,301276,"EC Pelotas",833,301276,"EC Pelotas",False,181,2001,2005-01-31,Defined,30,2005,,,2,1,"DISPLAY_NAME_UNRESOLVED",89,MEDIUM
305990,"","Antosz",IDENTITY_FRAGMENT,Contracted,1497,833,301276,"EC Pelotas",833,301276,"EC Pelotas",False,349,2001,2005-01-31,Defined,30,2005,,,2,1,"DISPLAY_NAME_UNRESOLVED",89,MEDIUM
319702,"","Brauner Gomes",IDENTITY_FRAGMENT,Contracted,4144,833,301276,"EC Pelotas",833,301276,"EC Pelotas",False,75,2001,2005-01-31,Defined,30,2005,,,2,1,"DISPLAY_NAME_UNRESOLVED",89,MEDIUM
319717,"","Carlos Fernando",IDENTITY_FRAGMENT,Contracted,4159,833,301276,"EC Pelotas",833,301276,"EC Pelotas",False,105,2001,2008-01-31,Defined,30,2008,,,1,1,"DISPLAY_NAME_UNRESOLVED",89,MEDIUM
306144,"","Corrêa Marcolino",IDENTITY_FRAGMENT,Contracted,1517,833,301276,"EC Pelotas",833,301276,"EC Pelotas",False,263,2003,2006-01-31,Defined,30,2006,,,2,1,"DISPLAY_NAME_UNRESOLVED",89,MEDIUM
318166,"","da Cunha Júnior",IDENTITY_FRAGMENT,Contracted,3845,833,301276,"EC Pelotas",833,301276,"EC Pelotas",False,535,2001,2005-01-31,Defined,30,2005,,,2,1,"DISPLAY_NAME_UNRESOLVED",89,MEDIUM
319706,"","de Castro",IDENTITY_FRAGMENT,Contracted,4148,833,301276,"EC Pelotas",833,301276,"EC Pelotas",False,133,2001,2006-01-31,Defined,30,2006,,,2,1,"DISPLAY_NAME_UNRESOLVED",89,MEDIUM
306020,"","de Souza Zanivan",IDENTITY_FRAGMENT,Contracted,1500,833,301276,"EC Pelotas",833,301276,"EC Pelotas",False,273,2001,2005-01-31,Defined,30,2005,,,2,1,"DISPLAY_NAME_UNRESOLVED",89,MEDIUM
305981,"","Dias Lopes",IDENTITY_FRAGMENT,Contracted,1496,833,301276,"EC Pelotas",833,301276,"EC Pelotas",False,226,2001,2005-01-31,Defined,30,2005,,,2,1,"DISPLAY_NAME_UNRESOLVED",89,MEDIUM
304586,"","Dione José",IDENTITY_FRAGMENT,Contracted,1215,833,301276,"EC Pelotas",833,301276,"EC Pelotas",False,247,2001,2006-01-31,Defined,30,2006,,,2,1,"DISPLAY_NAME_UNRESOLVED",89,MEDIUM
319705,"","Éder",IDENTITY_FRAGMENT,Contracted,4147,833,301276,"EC Pelotas",833,301276,"EC Pelotas",False,521,2003,2006-01-31,Defined,30,2006,,,2,1,"DISPLAY_NAME_UNRESOLVED",89,MEDIUM
304442,"","Fabiano Diniz",IDENTITY_FRAGMENT,Contracted,1143,833,301276,"EC Pelotas",833,301276,"EC Pelotas",False,263,2003,2006-01-31,Defined,30,2006,,,1,1,"DISPLAY_NAME_UNRESOLVED",89,MEDIUM
319707,"","Francisco",IDENTITY_FRAGMENT,Contracted,4149,833,301276,"EC Pelotas",833,301276,"EC Pelotas",False,406,2001,2006-01-31,Defined,30,2006,,,2,1,"DISPLAY_NAME_UNRESOLVED",89,MEDIUM
319700,"","Garcia Martins",IDENTITY_FRAGMENT,Contracted,4142,833,301276,"EC Pelotas",833,301276,"EC Pelotas",False,100,2001,2006-01-31,Defined,30,2006,,,2,1,"DISPLAY_NAME_UNRESOLVED",89,MEDIUM
319698,"","Heringer",IDENTITY_FRAGMENT,Contracted,4140,833,301276,"EC Pelotas",833,301276,"EC Pelotas",False,75,2001,2006-01-31,Defined,30,2006,,,2,1,"DISPLAY_NAME_UNRESOLVED",89,MEDIUM
319718,"","José Francisco",IDENTITY_FRAGMENT,Contracted,4160,833,301276,"EC Pelotas",833,301276,"EC Pelotas",False,75,2001,2008-01-31,Defined,30,2008,,,1,1,"DISPLAY_NAME_UNRESOLVED",89,MEDIUM
318173,"","Luís Fabiano",IDENTITY_FRAGMENT,Contracted,3851,833,301276,"EC Pelotas",833,301276,"EC Pelotas",False,215,2001,2006-01-31,Defined,30,2006,,,2,1,"DISPLAY_NAME_UNRESOLVED",89,MEDIUM
318162,"","Marasca",IDENTITY_FRAGMENT,Contracted,3841,833,301276,"EC Pelotas",833,301276,"EC Pelotas",False,82,2001,2006-01-31,Defined,30,2006,,,2,1,"DISPLAY_NAME_UNRESOLVED",89,MEDIUM
303451,"","Marcelo Xavier",IDENTITY_FRAGMENT,Contracted,934,833,301276,"EC Pelotas",833,301276,"EC Pelotas",False,257,2003,2006-01-31,Defined,30,2006,,,2,1,"DISPLAY_NAME_UNRESOLVED",89,MEDIUM
319714,"","Mecherefe",IDENTITY_FRAGMENT,Contracted,4156,833,301276,"EC Pelotas",833,301276,"EC Pelotas",False,100,2001,2009-01-31,Defined,30,2009,,,1,1,"DISPLAY_NAME_UNRESOLVED",89,MEDIUM
319719,"","Mello Teixeira",IDENTITY_FRAGMENT,Contracted,4161,833,301276,"EC Pelotas",833,301276,"EC Pelotas",False,75,2001,2007-01-31,Defined,30,2007,,,1,1,"DISPLAY_NAME_UNRESOLVED",89,MEDIUM
319699,"","Moreira Pereira",IDENTITY_FRAGMENT,Contracted,4141,833,301276,"EC Pelotas",833,301276,"EC Pelotas",False,254,2001,2006-01-31,Defined,30,2006,,,2,1,"DISPLAY_NAME_UNRESOLVED",89,MEDIUM
319713,"","Moura Macuglia",IDENTITY_FRAGMENT,Contracted,4155,833,301276,"EC Pelotas",833,301276,"EC Pelotas",False,163,2001,2008-01-31,Defined,30,2008,,,1,1,"DISPLAY_NAME_UNRESOLVED",89,MEDIUM
318171,"","Nascimento Bastos",IDENTITY_FRAGMENT,Contracted,3849,833,301276,"EC Pelotas",833,301276,"EC Pelotas",False,288,2001,2006-01-31,Defined,30,2006,,,2,1,"DISPLAY_NAME_UNRESOLVED",89,MEDIUM
319703,"","Pachetti Cardoso",IDENTITY_FRAGMENT,Contracted,4145,833,301276,"EC Pelotas",833,301276,"EC Pelotas",False,75,2001,2006-01-31,Defined,30,2006,,,2,1,"DISPLAY_NAME_UNRESOLVED",89,MEDIUM
303599,"","Pedro Ayub",IDENTITY_FRAGMENT,Contracted,957,833,301276,"EC Pelotas",833,301276,"EC Pelotas",False,194,2003,2006-01-31,Defined,30,2006,,,2,1,"DISPLAY_NAME_UNRESOLVED",89,MEDIUM
318168,"","Procópio Cardoso",IDENTITY_FRAGMENT,Contracted,3847,833,301276,"EC Pelotas",833,301276,"EC Pelotas",False,178,2001,2006-01-31,Defined,30,2006,,,2,1,"DISPLAY_NAME_UNRESOLVED",89,MEDIUM
305925,"","Roberto Cláudio",IDENTITY_FRAGMENT,Contracted,1476,833,301276,"EC Pelotas",833,301276,"EC Pelotas",False,270,2001,2006-01-31,Defined,30,2006,,,2,1,"DISPLAY_NAME_UNRESOLVED",89,MEDIUM
319697,"","Roger Henrique",IDENTITY_FRAGMENT,Contracted,4139,833,301276,"EC Pelotas",833,301276,"EC Pelotas",False,30,2001,2005-01-31,Defined,30,2005,,,2,1,"DISPLAY_NAME_UNRESOLVED",89,MEDIUM
319696,"","Salomoni",IDENTITY_FRAGMENT,Contracted,4138,833,301276,"EC Pelotas",833,301276,"EC Pelotas",False,75,2001,2006-01-31,Defined,30,2006,,,2,1,"DISPLAY_NAME_UNRESOLVED",89,MEDIUM
319695,"","Sidnei Arthur",IDENTITY_FRAGMENT,Contracted,4137,833,301276,"EC Pelotas",833,301276,"EC Pelotas",False,75,2001,2006-01-31,Defined,30,2006,,,2,1,"DISPLAY_NAME_UNRESOLVED",89,MEDIUM
319709,"","Treichel da Silva",IDENTITY_FRAGMENT,Contracted,4151,833,301276,"EC Pelotas",833,301276,"EC Pelotas",False,75,2001,2005-01-31,Defined,30,2005,,,1,1,"DISPLAY_NAME_UNRESOLVED",89,MEDIUM
319716,"","Warner",IDENTITY_FRAGMENT,Contracted,4158,833,301276,"EC Pelotas",833,301276,"EC Pelotas",False,100,2001,2009-01-31,Defined,30,2009,,,1,1,"DISPLAY_NAME_UNRESOLVED",89,MEDIUM
316712,"","Patriarca Domingues",IDENTITY_FRAGMENT,OnLoan,3456,54,325,"Guarani FC",1447,318907,"EC Primavera",True,123,2001,2005-01-31,Defined,30,2005,123,2004-12-31,2,2,"DISPLAY_NAME_UNRESOLVED",97,HIGH
8830267,"","Acácio José",IDENTITY_FRAGMENT,Contracted,7002,871,301352,"EC Santo André",871,301352,"EC Santo André",False,27,2001,2005-01-31,Defined,30,2005,,,2,1,"DISPLAY_NAME_UNRESOLVED",89,MEDIUM
8830260,"","Alaelson",IDENTITY_FRAGMENT,Contracted,6995,871,301352,"EC Santo André",871,301352,"EC Santo André",False,67,2001,2005-01-31,Defined,30,2005,,,2,1,"DISPLAY_NAME_UNRESOLVED",89,MEDIUM
8830268,"","Alves Maranduba",IDENTITY_FRAGMENT,Contracted,7003,871,301352,"EC Santo André",871,301352,"EC Santo André",False,67,2001,2005-01-31,Defined,30,2005,,,2,1,"DISPLAY_NAME_UNRESOLVED",89,MEDIUM
317728,"","Anderson Francisco",IDENTITY_FRAGMENT,Contracted,3763,871,301352,"EC Santo André",871,301352,"EC Santo André",False,524,2002,2007-12-02,Defined,335,2007,,,1,1,"DISPLAY_NAME_UNRESOLVED",89,MEDIUM
317738,"","Ângelo Esmael",IDENTITY_FRAGMENT,Contracted,3770,871,301352,"EC Santo André",871,301352,"EC Santo André",False,144,2001,2005-01-31,Defined,30,2005,,,1,1,"DISPLAY_NAME_UNRESOLVED",89,MEDIUM
8830238,"","Bonilha Modolo",IDENTITY_FRAGMENT,Contracted,6982,871,301352,"EC Santo André",871,301352,"EC Santo André",False,144,2001,2009-01-31,Defined,30,2009,,,1,1,"DISPLAY_NAME_UNRESOLVED",89,MEDIUM
318187,"","Breno",IDENTITY_FRAGMENT,Contracted,3861,871,301352,"EC Santo André",871,301352,"EC Santo André",False,238,2001,2006-01-31,Defined,30,2006,,,2,1,"DISPLAY_NAME_UNRESOLVED",89,MEDIUM
8830241,"","Capelli",IDENTITY_FRAGMENT,Contracted,6984,871,301352,"EC Santo André",871,301352,"EC Santo André",False,75,2001,2009-01-31,Defined,30,2009,,,1,1,"DISPLAY_NAME_UNRESOLVED",89,MEDIUM
8830258,"","Conceição Luz",IDENTITY_FRAGMENT,Contracted,6993,871,301352,"EC Santo André",871,301352,"EC Santo André",False,225,2001,2005-01-31,Defined,30,2005,,,2,1,"DISPLAY_NAME_UNRESOLVED",89,MEDIUM
8830249,"","Cruz Ojer",IDENTITY_FRAGMENT,Contracted,6991,871,301352,"EC Santo André",871,301352,"EC Santo André",False,67,2001,2005-01-31,Defined,30,2005,,,2,1,"DISPLAY_NAME_UNRESOLVED",89,MEDIUM
304833,"","Da Guia",IDENTITY_FRAGMENT,Contracted,1266,871,301352,"EC Santo André",871,301352,"EC Santo André",False,389,2001,2005-01-31,Defined,30,2005,,,2,1,"DISPLAY_NAME_UNRESOLVED",89,MEDIUM
316678,"","da Silva Francisco",IDENTITY_FRAGMENT,OnLoan,3423,66,337,"São Paulo FC",871,301352,"EC Santo André",True,98,2003,2008-05-20,Defined,140,2008,98,2005-06-30,2,2,"DISPLAY_NAME_UNRESOLVED",97,HIGH
8830262,"","da Souza Silva",IDENTITY_FRAGMENT,Contracted,6997,871,301352,"EC Santo André",871,301352,"EC Santo André",False,235,2001,2006-01-31,Defined,30,2006,,,2,1,"DISPLAY_NAME_UNRESOLVED",89,MEDIUM
8830242,"","Daniel Lima",IDENTITY_FRAGMENT,Contracted,6985,871,301352,"EC Santo André",871,301352,"EC Santo André",False,144,2001,2009-01-31,Defined,30,2009,,,1,1,"DISPLAY_NAME_UNRESOLVED",89,MEDIUM
317735,"","de Jesús Sá Teixeira",IDENTITY_FRAGMENT,Contracted,3767,871,301352,"EC Santo André",871,301352,"EC Santo André",False,260,2001,2006-01-31,Defined,30,2006,,,2,1,"DISPLAY_NAME_UNRESOLVED",89,MEDIUM
3900633,"","Dedimar",IDENTITY_FRAGMENT,Contracted,5960,871,301352,"EC Santo André",871,301352,"EC Santo André",False,418,2003,2006-01-31,Defined,30,2006,,,2,1,"DISPLAY_NAME_UNRESOLVED",89,MEDIUM
781245,"","Edi Carlos",IDENTITY_FRAGMENT,Contracted,4745,871,301352,"EC Santo André",871,301352,"EC Santo André",False,629,2004,2004-12-31,Defined,365,2004,,,1,1,"DISPLAY_NAME_UNRESOLVED",89,MEDIUM
305660,"","Edmílson Carlos",IDENTITY_FRAGMENT,Contracted,1419,871,301352,"EC Santo André",871,301352,"EC Santo André",False,223,2004,2004-12-31,Defined,365,2004,,,1,1,"DISPLAY_NAME_UNRESOLVED",89,MEDIUM
304813,"","Fábio Reis",IDENTITY_FRAGMENT,Contracted,1258,871,301352,"EC Santo André",871,301352,"EC Santo André",False,764,2001,2006-01-31,Defined,30,2006,,,2,1,"DISPLAY_NAME_UNRESOLVED",89,MEDIUM
6900548,"","Fernandes de Rezende",IDENTITY_FRAGMENT,Contracted,6550,871,301352,"EC Santo André",871,301352,"EC Santo André",False,627,2004,2006-01-31,Defined,30,2006,,,2,1,"DISPLAY_NAME_UNRESOLVED",89,MEDIUM
8830248,"","Figuinha",IDENTITY_FRAGMENT,Contracted,6990,871,301352,"EC Santo André",871,301352,"EC Santo André",False,27,2001,2005-01-31,Defined,30,2005,,,2,1,"DISPLAY_NAME_UNRESOLVED",89,MEDIUM
8830259,"","Formazzari",IDENTITY_FRAGMENT,Contracted,6994,871,301352,"EC Santo André",871,301352,"EC Santo André",False,67,2001,2005-01-31,Defined,30,2005,,,2,1,"DISPLAY_NAME_UNRESOLVED",89,MEDIUM
3300944,"","Formoso Pires",IDENTITY_FRAGMENT,Contracted,5539,871,301352,"EC Santo André",871,301352,"EC Santo André",False,229,2004,2005-01-31,Defined,30,2005,,,2,1,"DISPLAY_NAME_UNRESOLVED",89,MEDIUM
317736,"","Gabriel",IDENTITY_FRAGMENT,Contracted,3768,871,301352,"EC Santo André",871,301352,"EC Santo André",False,151,2001,2006-01-31,Defined,30,2006,,,2,1,"DISPLAY_NAME_UNRESOLVED",89,MEDIUM
3301118,"","Gríggio",IDENTITY_FRAGMENT,Contracted,5616,871,301352,"EC Santo André",871,301352,"EC Santo André",False,463,2004,2005-01-31,Defined,30,2005,,,2,1,"DISPLAY_NAME_UNRESOLVED",89,MEDIUM
8830264,"","Jardel Higino",IDENTITY_FRAGMENT,Contracted,6999,871,301352,"EC Santo André",871,301352,"EC Santo André",False,67,2001,2006-01-31,Defined,30,2006,,,2,1,"DISPLAY_NAME_UNRESOLVED",89,MEDIUM
8830239,"","Joaquim Bartolomeu",IDENTITY_FRAGMENT,Contracted,6983,871,301352,"EC Santo André",871,301352,"EC Santo André",False,144,2001,2007-01-31,Defined,30,2007,,,1,1,"DISPLAY_NAME_UNRESOLVED",89,MEDIUM
8830269,"","John Felipe",IDENTITY_FRAGMENT,Contracted,7004,871,301352,"EC Santo André",871,301352,"EC Santo André",False,67,2001,2006-01-31,Defined,30,2006,,,2,1,"DISPLAY_NAME_UNRESOLVED",89,MEDIUM
8830270,"","José Idinaldo",IDENTITY_FRAGMENT,Contracted,7005,871,301352,"EC Santo André",871,301352,"EC Santo André",False,67,2001,2006-01-31,Defined,30,2006,,,2,1,"DISPLAY_NAME_UNRESOLVED",89,MEDIUM
8830243,"","José Wilson",IDENTITY_FRAGMENT,Contracted,6986,871,301352,"EC Santo André",871,301352,"EC Santo André",False,144,2001,2008-01-31,Defined,30,2008,,,2,1,"DISPLAY_NAME_UNRESOLVED",89,MEDIUM
8830245,"","Jussélio Donizete",IDENTITY_FRAGMENT,Contracted,6988,871,301352,"EC Santo André",871,301352,"EC Santo André",False,187,2001,2005-01-31,Defined,30,2005,,,2,1,"DISPLAY_NAME_UNRESOLVED",89,MEDIUM
8830244,"","Layber",IDENTITY_FRAGMENT,Contracted,6987,871,301352,"EC Santo André",871,301352,"EC Santo André",False,67,2001,2005-01-31,Defined,30,2005,,,2,1,"DISPLAY_NAME_UNRESOLVED",89,MEDIUM
317731,"","Lopes Ferreira",IDENTITY_FRAGMENT,Contracted,3765,871,301352,"EC Santo André",871,301352,"EC Santo André",False,322,2001,2006-01-31,Defined,30,2006,,,2,1,"DISPLAY_NAME_UNRESOLVED",89,MEDIUM
318185,"","Luiz Gustavo",IDENTITY_FRAGMENT,Contracted,3859,871,301352,"EC Santo André",871,301352,"EC Santo André",False,148,2001,2006-01-31,Defined,30,2006,,,2,1,"DISPLAY_NAME_UNRESOLVED",89,MEDIUM
318755,"","Mariano Bueno",IDENTITY_FRAGMENT,Contracted,3947,871,301352,"EC Santo André",871,301352,"EC Santo André",False,422,2003,2005-01-31,Defined,30,2005,,,2,1,"DISPLAY_NAME_UNRESOLVED",89,MEDIUM
304519,"","Nélson Eduardo",IDENTITY_FRAGMENT,Contracted,1177,871,301352,"EC Santo André",871,301352,"EC Santo André",False,392,2001,2004-09-26,Defined,269,2004,,,1,1,"DISPLAY_NAME_UNRESOLVED",89,MEDIUM
8830261,"","Peterle",IDENTITY_FRAGMENT,Contracted,6996,871,301352,"EC Santo André",871,301352,"EC Santo André",False,300,2001,2006-01-31,Defined,30,2006,,,2,1,"DISPLAY_NAME_UNRESOLVED",89,MEDIUM
8833545,"","Rafael Alexandrino",IDENTITY_FRAGMENT,Contracted,7398,871,301352,"EC Santo André",871,301352,"EC Santo André",False,326,2003,2008-12-01,Defined,335,2008,,,2,1,"DISPLAY_NAME_UNRESOLVED",89,MEDIUM
8830272,"","Raúl",IDENTITY_FRAGMENT,Contracted,7007,871,301352,"EC Santo André",871,301352,"EC Santo André",False,100,2001,2006-01-31,Defined,30,2006,,,2,1,"DISPLAY_NAME_UNRESOLVED",89,MEDIUM
8830250,"","Regivan",IDENTITY_FRAGMENT,Contracted,6992,871,301352,"EC Santo André",871,301352,"EC Santo André",False,121,2001,2006-01-31,Defined,30,2006,,,2,1,"DISPLAY_NAME_UNRESOLVED",89,MEDIUM
318186,"","Rolim Dellanava",IDENTITY_FRAGMENT,Contracted,3860,871,301352,"EC Santo André",871,301352,"EC Santo André",False,133,2001,2006-01-31,Defined,30,2006,,,2,1,"DISPLAY_NAME_UNRESOLVED",89,MEDIUM
6900019,"","Romero",IDENTITY_FRAGMENT,Contracted,6417,871,301352,"EC Santo André",871,301352,"EC Santo André",False,369,2004,2004-12-31,Defined,365,2004,,,2,1,"DISPLAY_NAME_UNRESOLVED",89,MEDIUM
8830246,"","Santos de Almeida",IDENTITY_FRAGMENT,Contracted,6989,871,301352,"EC Santo André",871,301352,"EC Santo André",False,67,2001,2005-01-31,Defined,30,2005,,,2,1,"DISPLAY_NAME_UNRESOLVED",89,MEDIUM
304840,"","Sérgio Soares",IDENTITY_FRAGMENT,Contracted,1269,871,301352,"EC Santo André",871,301352,"EC Santo André",False,540,2001,2007-01-31,Defined,30,2007,,,2,1,"DISPLAY_NAME_UNRESOLVED",89,MEDIUM
3301563,"","Teodoro",IDENTITY_FRAGMENT,Contracted,5810,871,301352,"EC Santo André",871,301352,"EC Santo André",False,324,2004,2006-01-31,Defined,30,2006,,,1,1,"DISPLAY_NAME_UNRESOLVED",89,MEDIUM
6900542,"","Todoverto",IDENTITY_FRAGMENT,Contracted,6549,871,301352,"EC Santo André",871,301352,"EC Santo André",False,210,2004,2005-05-30,Defined,149,2005,,,2,1,"DISPLAY_NAME_UNRESOLVED",89,MEDIUM
8830273,"","Toesca Pagno",IDENTITY_FRAGMENT,Contracted,7008,871,301352,"EC Santo André",871,301352,"EC Santo André",False,100,2001,2006-01-31,Defined,30,2006,,,2,1,"DISPLAY_NAME_UNRESOLVED",89,MEDIUM
319762,"","Toninho Moura",IDENTITY_FRAGMENT,Contracted,4194,1069,311036,"EC Taubaté",1069,311036,"EC Taubaté",False,250,2001,2008-01-31,Defined,30,2008,,,1,1,"DISPLAY_NAME_UNRESOLVED",89,MEDIUM
316277,"","Advaldo",IDENTITY_FRAGMENT,Contracted,3193,69,340,"EC Vitória",69,340,"EC Vitória",False,266,2001,2005-01-31,Defined,30,2005,,,2,1,"DISPLAY_NAME_UNRESOLVED",89,MEDIUM
3301180,"","Allann Delon",IDENTITY_FRAGMENT,Contracted,5646,69,340,"EC Vitória",69,340,"EC Vitória",False,1023,2004,2006-01-31,Defined,30,2006,,,2,1,"DISPLAY_NAME_UNRESOLVED",89,MEDIUM
3301027,"","Alvares de Cabral",IDENTITY_FRAGMENT,Contracted,5579,69,340,"EC Vitória",69,340,"EC Vitória",False,185,1999,2006-01-31,Defined,30,2006,,,2,1,"DISPLAY_NAME_UNRESOLVED",89,MEDIUM
316237,"","Alves Gomides",IDENTITY_FRAGMENT,Contracted,3156,69,340,"EC Vitória",69,340,"EC Vitória",False,75,2001,2005-01-31,Defined,30,2005,,,2,1,"DISPLAY_NAME_UNRESOLVED",89,MEDIUM
316251,"","Arivélton",IDENTITY_FRAGMENT,Contracted,3169,69,340,"EC Vitória",69,340,"EC Vitória",False,193,2001,2005-01-31,Defined,30,2005,,,2,1,"DISPLAY_NAME_UNRESOLVED",89,MEDIUM
316280,"","Borges Vieira",IDENTITY_FRAGMENT,Contracted,3196,69,340,"EC Vitória",69,340,"EC Vitória",False,75,2001,2005-01-31,Defined,30,2005,,,2,1,"DISPLAY_NAME_UNRESOLVED",89,MEDIUM
316269,"","Carlos Vítor",IDENTITY_FRAGMENT,Contracted,3186,69,340,"EC Vitória",69,340,"EC Vitória",False,134,2003,2008-04-15,Defined,105,2008,,,2,1,"DISPLAY_NAME_UNRESOLVED",89,MEDIUM
302727,"","Carneiro Marinho",IDENTITY_FRAGMENT,Contracted,851,69,340,"EC Vitória",69,340,"EC Vitória",False,164,2001,2006-01-31,Defined,30,2006,,,2,1,"DISPLAY_NAME_UNRESOLVED",89,MEDIUM
8830370,"","Cauê",IDENTITY_FRAGMENT,Contracted,7057,69,340,"EC Vitória",69,340,"EC Vitória",False,30,2001,2005-01-31,Defined,30,2005,,,1,1,"DISPLAY_NAME_UNRESOLVED",89,MEDIUM
319316,"","Cerqueira Lopes",IDENTITY_FRAGMENT,OnLoan,4030,752,301123,"Fluminense de Feira FC",69,340,"EC Vitória",True,146,2001,2006-01-31,Defined,30,2006,146,2004-12-31,2,2,"DISPLAY_NAME_UNRESOLVED",97,HIGH
311225,"","Cersócimo",IDENTITY_FRAGMENT,Contracted,2323,69,340,"EC Vitória",69,340,"EC Vitória",False,546,2001,2008-01-31,Defined,30,2008,,,1,1,"DISPLAY_NAME_UNRESOLVED",89,MEDIUM
316230,"","Cleidinaldo",IDENTITY_FRAGMENT,Contracted,3149,69,340,"EC Vitória",69,340,"EC Vitória",False,75,2002,2005-01-31,Defined,30,2005,,,2,1,"DISPLAY_NAME_UNRESOLVED",89,MEDIUM
311226,"","Clísio",IDENTITY_FRAGMENT,Contracted,2324,69,340,"EC Vitória",69,340,"EC Vitória",False,273,2001,2009-01-31,Defined,30,2009,,,1,1,"DISPLAY_NAME_UNRESOLVED",89,MEDIUM
316232,"","Corrêa Chadud",IDENTITY_FRAGMENT,Contracted,3151,69,340,"EC Vitória",69,340,"EC Vitória",False,75,2001,2005-01-31,Defined,30,2005,,,2,1,"DISPLAY_NAME_UNRESOLVED",89,MEDIUM
316274,"","Correia Lima Borges Júnior",IDENTITY_FRAGMENT,Contracted,3190,69,340,"EC Vitória",69,340,"EC Vitória",False,75,2001,2005-01-31,Defined,30,2005,,,2,1,"DISPLAY_NAME_UNRESOLVED",89,MEDIUM
6900167,"","da Conceição Xavier",IDENTITY_FRAGMENT,Contracted,6513,69,340,"EC Vitória",69,340,"EC Vitória",False,273,1995,2006-01-31,Defined,30,2006,,,2,1,"DISPLAY_NAME_UNRESOLVED",89,MEDIUM
11136,"","da Silva Mariano",IDENTITY_FRAGMENT,Contracted,281,69,340,"EC Vitória",69,340,"EC Vitória",False,2198,2001,2006-01-31,Defined,30,2006,,,2,1,"DISPLAY_NAME_UNRESOLVED",89,MEDIUM
318207,"","de Andrade Prates",IDENTITY_FRAGMENT,Contracted,3879,69,340,"EC Vitória",69,340,"EC Vitória",False,311,2003,2008-04-30,Defined,120,2008,,,2,1,"DISPLAY_NAME_UNRESOLVED",89,MEDIUM
316261,"","de Brito Filho",IDENTITY_FRAGMENT,Contracted,3178,69,340,"EC Vitória",69,340,"EC Vitória",False,678,2002,2006-12-31,Defined,364,2006,,,2,1,"DISPLAY_NAME_UNRESOLVED",89,MEDIUM
316249,"","de Lima Siqueira",IDENTITY_FRAGMENT,Contracted,3167,69,340,"EC Vitória",69,340,"EC Vitória",False,297,2001,2006-01-31,Defined,30,2006,,,2,1,"DISPLAY_NAME_UNRESOLVED",89,MEDIUM
301501,"","de Macedo Filho",IDENTITY_FRAGMENT,Contracted,705,69,340,"EC Vitória",69,340,"EC Vitória",False,1920,2001,2007-01-31,Defined,30,2007,,,1,1,"DISPLAY_NAME_UNRESOLVED",89,MEDIUM
316243,"","de Souza Tomé",IDENTITY_FRAGMENT,Contracted,3162,69,340,"EC Vitória",69,340,"EC Vitória",False,75,2002,2005-04-14,Defined,103,2005,,,2,1,"DISPLAY_NAME_UNRESOLVED",89,MEDIUM
318809,"","Delmir",IDENTITY_FRAGMENT,Contracted,3958,69,340,"EC Vitória",69,340,"EC Vitória",False,75,1998,2006-01-31,Defined,30,2006,,,2,1,"DISPLAY_NAME_UNRESOLVED",89,MEDIUM
316266,"","Diego Eduardo",IDENTITY_FRAGMENT,Contracted,3183,69,340,"EC Vitória",69,340,"EC Vitória",False,75,2001,2005-01-31,Defined,30,2005,,,2,1,"DISPLAY_NAME_UNRESOLVED",89,MEDIUM
316254,"","Diógenes",IDENTITY_FRAGMENT,Contracted,3172,69,340,"EC Vitória",69,340,"EC Vitória",False,75,2001,2005-01-31,Defined,30,2005,,,2,1,"DISPLAY_NAME_UNRESOLVED",89,MEDIUM
310560,"","Domingues Barbosa",IDENTITY_FRAGMENT,Contracted,2034,69,340,"EC Vitória",69,340,"EC Vitória",False,75,2001,2006-07-31,Defined,211,2006,,,2,1,"DISPLAY_NAME_UNRESOLVED",89,MEDIUM
316239,"","dos Santos da Conceição",IDENTITY_FRAGMENT,Contracted,3158,69,340,"EC Vitória",69,340,"EC Vitória",False,75,2001,2005-01-31,Defined,30,2005,,,2,1,"DISPLAY_NAME_UNRESOLVED",89,MEDIUM
316245,"","Elienílson Patrício",IDENTITY_FRAGMENT,Contracted,3164,69,340,"EC Vitória",69,340,"EC Vitória",False,75,2001,2006-01-31,Defined,30,2006,,,2,1,"DISPLAY_NAME_UNRESOLVED",89,MEDIUM
310785,"","Enílton",IDENTITY_FRAGMENT,Contracted,2109,69,340,"EC Vitória",69,340,"EC Vitória",False,819,2003,2006-07-27,Defined,207,2006,,,2,1,"DISPLAY_NAME_UNRESOLVED",89,MEDIUM
316275,"","Erbert",IDENTITY_FRAGMENT,Contracted,3191,69,340,"EC Vitória",69,340,"EC Vitória",False,75,2001,2005-01-31,Defined,30,2005,,,2,1,"DISPLAY_NAME_UNRESOLVED",89,MEDIUM
302594,"","Fábio Camillo",IDENTITY_FRAGMENT,Contracted,837,69,340,"EC Vitória",69,340,"EC Vitória",False,1398,2001,2006-01-31,Defined,30,2006,,,1,1,"DISPLAY_NAME_UNRESOLVED",89,MEDIUM
316326,"","França Almeida",IDENTITY_FRAGMENT,Contracted,3207,69,340,"EC Vitória",69,340,"EC Vitória",False,75,2000,2005-06-30,Defined,180,2005,,,2,1,"DISPLAY_NAME_UNRESOLVED",89,MEDIUM
316231,"","Gesse",IDENTITY_FRAGMENT,Contracted,3150,69,340,"EC Vitória",69,340,"EC Vitória",False,75,2001,2005-01-31,Defined,30,2005,,,2,1,"DISPLAY_NAME_UNRESOLVED",89,MEDIUM
319293,"","Gonçalves Silva",IDENTITY_FRAGMENT,Contracted,4018,69,340,"EC Vitória",69,340,"EC Vitória",False,619,2004,2007-12-31,Defined,364,2007,,,1,1,"DISPLAY_NAME_UNRESOLVED",89,MEDIUM
1201065,"","Hélio César",IDENTITY_FRAGMENT,Contracted,4950,69,340,"EC Vitória",69,340,"EC Vitória",False,786,2001,2009-01-31,Defined,30,2009,,,1,1,"DISPLAY_NAME_UNRESOLVED",89,MEDIUM
3300816,"","Jax",IDENTITY_FRAGMENT,Contracted,5488,69,340,"EC Vitória",69,340,"EC Vitória",False,244,2004,2007-05-27,Defined,146,2007,,,2,1,"DISPLAY_NAME_UNRESOLVED",89,MEDIUM
2010395,"","Jefferson Alexandre",IDENTITY_FRAGMENT,Contracted,5090,69,340,"EC Vitória",69,340,"EC Vitória",False,331,2003,2006-01-31,Defined,30,2006,,,2,1,"DISPLAY_NAME_UNRESOLVED",89,MEDIUM
315156,"","João Diego",IDENTITY_FRAGMENT,FormationContract,2644,69,340,"EC Vitória",69,340,"EC Vitória",False,50,2001,,NotDefined,1,1900,,,2,1,"SENTINEL_END_DATE|DISPLAY_NAME_UNRESOLVED",89,MEDIUM
316233,"","Joelson",IDENTITY_FRAGMENT,Contracted,3152,69,340,"EC Vitória",69,340,"EC Vitória",False,75,2001,2006-01-31,Defined,30,2006,,,2,1,"DISPLAY_NAME_UNRESOLVED",89,MEDIUM
3300159,"","José Dionísio",IDENTITY_FRAGMENT,Contracted,5256,69,340,"EC Vitória",69,340,"EC Vitória",False,334,2003,2006-01-31,Defined,30,2006,,,2,1,"DISPLAY_NAME_UNRESOLVED",89,MEDIUM
316263,"","José Leandro",IDENTITY_FRAGMENT,Contracted,3180,69,340,"EC Vitória",69,340,"EC Vitória",False,75,2001,2006-01-31,Defined,30,2006,,,2,1,"DISPLAY_NAME_UNRESOLVED",89,MEDIUM
6900171,"","José Marcel",IDENTITY_FRAGMENT,Contracted,6516,69,340,"EC Vitória",69,340,"EC Vitória",False,75,1995,2006-01-31,Defined,30,2006,,,2,1,"DISPLAY_NAME_UNRESOLVED",89,MEDIUM
316241,"","José Tiago",IDENTITY_FRAGMENT,Contracted,3160,69,340,"EC Vitória",69,340,"EC Vitória",False,75,2001,2005-01-31,Defined,30,2005,,,2,1,"DISPLAY_NAME_UNRESOLVED",89,MEDIUM
316278,"","Jovino",IDENTITY_FRAGMENT,Contracted,3194,69,340,"EC Vitória",69,340,"EC Vitória",False,75,2001,2005-01-31,Defined,30,2005,,,2,1,"DISPLAY_NAME_UNRESOLVED",89,MEDIUM
316415,"","Júnior de Souza Almeida",IDENTITY_FRAGMENT,OnLoan,3274,59,330,"Paraná C",69,340,"EC Vitória",True,461,2001,2005-01-31,Defined,30,2005,461,2004-12-31,2,2,"DISPLAY_NAME_UNRESOLVED",97,HIGH
8830368,"","Kilzzir",IDENTITY_FRAGMENT,Contracted,7055,69,340,"EC Vitória",69,340,"EC Vitória",False,30,2003,2006-03-19,Defined,77,2006,,,2,1,"DISPLAY_NAME_UNRESOLVED",89,MEDIUM
301502,"","Lancetta",IDENTITY_FRAGMENT,Contracted,706,69,340,"EC Vitória",69,340,"EC Vitória",False,546,2001,2009-01-31,Defined,30,2009,,,2,1,"DISPLAY_NAME_UNRESOLVED",89,MEDIUM
320562,"","Leumir",IDENTITY_FRAGMENT,FormationContract,4326,69,340,"EC Vitória",69,340,"EC Vitória",False,30,2001,,NotDefined,1,1900,,,2,1,"SENTINEL_END_DATE|DISPLAY_NAME_UNRESOLVED",89,MEDIUM
316271,"","Lopes Feitosa",IDENTITY_FRAGMENT,Contracted,3187,69,340,"EC Vitória",69,340,"EC Vitória",False,75,2001,2005-01-31,Defined,30,2005,,,2,1,"DISPLAY_NAME_UNRESOLVED",89,MEDIUM
316264,"","Lucas Roberto",IDENTITY_FRAGMENT,Contracted,3181,69,340,"EC Vitória",69,340,"EC Vitória",False,75,2001,2005-01-31,Defined,30,2005,,,2,1,"DISPLAY_NAME_UNRESOLVED",89,MEDIUM
316253,"","Macedo Lima de Oliveira",IDENTITY_FRAGMENT,Contracted,3171,69,340,"EC Vitória",69,340,"EC Vitória",False,75,2001,2005-01-31,Defined,30,2005,,,2,1,"DISPLAY_NAME_UNRESOLVED",89,MEDIUM
311060,"","Magnum Rafael",IDENTITY_FRAGMENT,OnLoan,2218,60,331,"Paysandu SC",69,340,"EC Vitória",True,295,2003,2006-01-31,Defined,30,2006,295,2004-12-31,2,2,"DISPLAY_NAME_UNRESOLVED",97,HIGH
316236,"","Manoel Alex",IDENTITY_FRAGMENT,Contracted,3155,69,340,"EC Vitória",69,340,"EC Vitória",False,75,2001,2006-01-31,Defined,30,2006,,,2,1,"DISPLAY_NAME_UNRESOLVED",89,MEDIUM
6900150,"","Marcelo Heleno",IDENTITY_FRAGMENT,Contracted,6500,69,340,"EC Vitória",69,340,"EC Vitória",False,724,2001,2005-12-31,Defined,364,2005,,,2,1,"DISPLAY_NAME_UNRESOLVED",89,MEDIUM
316256,"","Márcio Leandro",IDENTITY_FRAGMENT,Contracted,3174,69,340,"EC Vitória",69,340,"EC Vitória",False,75,2001,2006-01-31,Defined,30,2006,,,2,1,"DISPLAY_NAME_UNRESOLVED",89,MEDIUM
2009901,"","Marcone Amaral",IDENTITY_FRAGMENT,Contracted,5086,69,340,"EC Vitória",69,340,"EC Vitória",False,205,1994,2006-01-31,Defined,30,2006,,,2,1,"DISPLAY_NAME_UNRESOLVED",89,MEDIUM
116187,"","Marcos Joaquim",IDENTITY_FRAGMENT,Contracted,571,69,340,"EC Vitória",69,340,"EC Vitória",False,606,2000,2006-01-31,Defined,30,2006,,,2,1,"DISPLAY_NAME_UNRESOLVED",89,MEDIUM
320559,"","Marcos Orlando",IDENTITY_FRAGMENT,FormationContract,4323,69,340,"EC Vitória",69,340,"EC Vitória",False,30,2001,,NotDefined,1,1900,,,2,1,"SENTINEL_END_DATE|DISPLAY_NAME_UNRESOLVED",89,MEDIUM
316238,"","Marcus Vinícius",IDENTITY_FRAGMENT,Contracted,3157,69,340,"EC Vitória",69,340,"EC Vitória",False,178,2001,2006-01-31,Defined,30,2006,,,2,1,"DISPLAY_NAME_UNRESOLVED",89,MEDIUM
310569,"","Martins Carneiro de Souza",IDENTITY_FRAGMENT,Contracted,2036,69,340,"EC Vitória",69,340,"EC Vitória",False,223,1997,2006-01-31,Defined,30,2006,,,1,1,"DISPLAY_NAME_UNRESOLVED",89,MEDIUM
316248,"","Martins de Amorim",IDENTITY_FRAGMENT,Contracted,3166,69,340,"EC Vitória",69,340,"EC Vitória",False,75,2001,2005-01-31,Defined,30,2005,,,2,1,"DISPLAY_NAME_UNRESOLVED",89,MEDIUM
316276,"","Matos de Castro",IDENTITY_FRAGMENT,Contracted,3192,69,340,"EC Vitória",69,340,"EC Vitória",False,164,2003,2008-04-15,Defined,105,2008,,,2,1,"DISPLAY_NAME_UNRESOLVED",89,MEDIUM
316282,"","Mendes de Oliveira Filho",IDENTITY_FRAGMENT,Contracted,3198,69,340,"EC Vitória",69,340,"EC Vitória",False,75,2001,2005-01-31,Defined,30,2005,,,2,1,"DISPLAY_NAME_UNRESOLVED",89,MEDIUM
6900116,"","Milton Rogério",IDENTITY_FRAGMENT,Contracted,6478,69,340,"EC Vitória",69,340,"EC Vitória",False,509,2001,2006-01-31,Defined,30,2006,,,2,1,"DISPLAY_NAME_UNRESOLVED",89,MEDIUM
305779,"","Morais Peres",IDENTITY_FRAGMENT,Contracted,1437,69,340,"EC Vitória",69,340,"EC Vitória",False,75,2000,2006-01-31,Defined,30,2006,,,2,1,"DISPLAY_NAME_UNRESOLVED",89,MEDIUM
316272,"","Nascimento Macedo",IDENTITY_FRAGMENT,Contracted,3188,69,340,"EC Vitória",69,340,"EC Vitória",False,75,2001,2005-01-31,Defined,30,2005,,,2,1,"DISPLAY_NAME_UNRESOLVED",89,MEDIUM
316279,"","Neto Costa Reis",IDENTITY_FRAGMENT,Contracted,3195,69,340,"EC Vitória",69,340,"EC Vitória",False,75,2001,2005-01-31,Defined,30,2005,,,2,1,"DISPLAY_NAME_UNRESOLVED",89,MEDIUM
6900053,"","Oswaldo",IDENTITY_FRAGMENT,Contracted,6436,69,340,"EC Vitória",69,340,"EC Vitória",False,953,2001,2009-01-31,Defined,30,2009,,,2,1,"DISPLAY_NAME_UNRESOLVED",89,MEDIUM
316235,"","Patavino Saad",IDENTITY_FRAGMENT,Contracted,3154,69,340,"EC Vitória",69,340,"EC Vitória",False,75,2002,2007-02-21,Defined,51,2007,,,2,1,"DISPLAY_NAME_UNRESOLVED",89,MEDIUM
320558,"","Paulo Murilo",IDENTITY_FRAGMENT,FormationContract,4322,69,340,"EC Vitória",69,340,"EC Vitória",False,30,2001,,NotDefined,1,1900,,,2,1,"SENTINEL_END_DATE|DISPLAY_NAME_UNRESOLVED",89,MEDIUM
316660,"","Petrolli Bueno",IDENTITY_FRAGMENT,Contracted,3409,69,340,"EC Vitória",69,340,"EC Vitória",False,468,2004,2007-12-31,Defined,364,2007,,,2,1,"DISPLAY_NAME_UNRESOLVED",89,MEDIUM
316285,"","Ribeiro de Faria",IDENTITY_FRAGMENT,Contracted,3201,69,340,"EC Vitória",69,340,"EC Vitória",False,75,2001,2005-01-31,Defined,30,2005,,,2,1,"DISPLAY_NAME_UNRESOLVED",89,MEDIUM
316260,"","Ribeiro de Moraes",IDENTITY_FRAGMENT,Contracted,3177,69,340,"EC Vitória",69,340,"EC Vitória",False,75,2001,2006-01-31,Defined,30,2006,,,2,1,"DISPLAY_NAME_UNRESOLVED",89,MEDIUM
311224,"","Rivelino",IDENTITY_FRAGMENT,Contracted,2322,69,340,"EC Vitória",69,340,"EC Vitória",False,710,2001,2009-01-31,Defined,30,2009,,,1,1,"DISPLAY_NAME_UNRESOLVED",89,MEDIUM
316284,"","Rocha Calazans",IDENTITY_FRAGMENT,Contracted,3200,69,340,"EC Vitória",69,340,"EC Vitória",False,342,2001,2005-01-31,Defined,30,2005,,,2,1,"DISPLAY_NAME_UNRESOLVED",89,MEDIUM
316250,"","Rodrigues Almeida",IDENTITY_FRAGMENT,Contracted,3168,69,340,"EC Vitória",69,340,"EC Vitória",False,75,2001,2006-01-31,Defined,30,2006,,,2,1,"DISPLAY_NAME_UNRESOLVED",89,MEDIUM
775566,"","Rodrigues Alves Domingues",IDENTITY_FRAGMENT,Contracted,4732,69,340,"EC Vitória",69,340,"EC Vitória",False,243,2002,2005-12-31,Defined,364,2005,,,2,1,"DISPLAY_NAME_UNRESOLVED",89,MEDIUM
4102319,"","Rodrigues Ivo",IDENTITY_FRAGMENT,Contracted,6002,69,340,"EC Vitória",69,340,"EC Vitória",False,234,1994,2006-01-31,Defined,30,2006,,,2,1,"DISPLAY_NAME_UNRESOLVED",89,MEDIUM
2001620,"","Rubem",IDENTITY_FRAGMENT,Contracted,5011,69,340,"EC Vitória",69,340,"EC Vitória",False,219,2001,2006-01-31,Defined,30,2006,,,2,1,"DISPLAY_NAME_UNRESOLVED",89,MEDIUM
317303,"","Sandro José",IDENTITY_FRAGMENT,Contracted,3690,69,340,"EC Vitória",69,340,"EC Vitória",False,30,2001,2005-01-31,Defined,30,2005,,,2,1,"DISPLAY_NAME_UNRESOLVED",89,MEDIUM
312490,"","Santana Loureiro",IDENTITY_FRAGMENT,OnLoan,2557,67,338,"Sport C Recife",69,340,"EC Vitória",True,279,2001,2006-01-31,Defined,30,2006,279,2004-12-31,2,2,"DISPLAY_NAME_UNRESOLVED",97,HIGH
316268,"","Satillo",IDENTITY_FRAGMENT,Contracted,3185,69,340,"EC Vitória",69,340,"EC Vitória",False,75,2001,2006-01-31,Defined,30,2006,,,2,1,"DISPLAY_NAME_UNRESOLVED",89,MEDIUM
310540,"","Soares de Jesús",IDENTITY_FRAGMENT,Contracted,2031,69,340,"EC Vitória",69,340,"EC Vitória",False,75,1991,2006-01-31,Defined,30,2006,,,2,1,"DISPLAY_NAME_UNRESOLVED",89,MEDIUM
8832835,"","Tácio Alexandre",IDENTITY_FRAGMENT,FormationContract,7176,69,340,"EC Vitória",69,340,"EC Vitória",False,30,2004,,NotDefined,1,1900,,,2,1,"SENTINEL_END_DATE|DISPLAY_NAME_UNRESOLVED",89,MEDIUM
308087,"","Tadeu",IDENTITY_FRAGMENT,Contracted,1864,69,340,"EC Vitória",69,340,"EC Vitória",False,230,2000,2004-12-31,Defined,365,2004,,,1,1,"DISPLAY_NAME_UNRESOLVED",89,MEDIUM
316281,"","Thiago Dias",IDENTITY_FRAGMENT,Contracted,3197,69,340,"EC Vitória",69,340,"EC Vitória",False,75,2001,2005-01-31,Defined,30,2005,,,2,1,"DISPLAY_NAME_UNRESOLVED",89,MEDIUM
316240,"","Uendel",IDENTITY_FRAGMENT,Contracted,3159,69,340,"EC Vitória",69,340,"EC Vitória",False,75,2001,2005-01-31,Defined,30,2005,,,2,1,"DISPLAY_NAME_UNRESOLVED",89,MEDIUM
316252,"","Uílton",IDENTITY_FRAGMENT,Contracted,3170,69,340,"EC Vitória",69,340,"EC Vitória",False,75,2001,2005-01-31,Defined,30,2005,,,2,1,"DISPLAY_NAME_UNRESOLVED",89,MEDIUM
316267,"","Valdenilson",IDENTITY_FRAGMENT,Contracted,3184,69,340,"EC Vitória",69,340,"EC Vitória",False,354,2001,2006-01-31,Defined,30,2006,,,2,1,"DISPLAY_NAME_UNRESOLVED",89,MEDIUM
3301200,"","Vampeta",IDENTITY_FRAGMENT,Contracted,5658,69,340,"EC Vitória",69,340,"EC Vitória",False,2347,2004,2004-12-31,Defined,365,2004,,,2,1,"DISPLAY_NAME_UNRESOLVED",89,MEDIUM
301705,"","Vítor César",IDENTITY_FRAGMENT,Contracted,727,69,340,"EC Vitória",69,340,"EC Vitória",False,307,1997,2006-01-31,Defined,30,2006,,,1,1,"DISPLAY_NAME_UNRESOLVED",89,MEDIUM
316286,"","Woton Alfredo",IDENTITY_FRAGMENT,Contracted,3202,69,340,"EC Vitória",69,340,"EC Vitória",False,75,2001,2005-01-31,Defined,30,2005,,,2,1,"DISPLAY_NAME_UNRESOLVED",89,MEDIUM
304514,"","Adorno",IDENTITY_FRAGMENT,Contracted,1175,535,104978,"EC XV de Novembro",535,104978,"EC XV de Novembro",False,355,2001,2006-01-31,Defined,30,2006,,,1,1,"DISPLAY_NAME_UNRESOLVED",89,MEDIUM
304398,"","Adriano Luiz",IDENTITY_FRAGMENT,Contracted,1129,535,104978,"EC XV de Novembro",535,104978,"EC XV de Novembro",False,75,2001,2006-01-31,Defined,30,2006,,,2,1,"DISPLAY_NAME_UNRESOLVED",89,MEDIUM
304409,"","Alexsandro Carlos",IDENTITY_FRAGMENT,Contracted,1133,535,104978,"EC XV de Novembro",535,104978,"EC XV de Novembro",False,121,2001,2006-01-31,Defined,30,2006,,,2,1,"DISPLAY_NAME_UNRESOLVED",89,MEDIUM
308641,"","Caldiron",IDENTITY_FRAGMENT,Contracted,1952,535,104978,"EC XV de Novembro",535,104978,"EC XV de Novembro",False,100,2001,2007-01-31,Defined,30,2007,,,1,1,"DISPLAY_NAME_UNRESOLVED",89,MEDIUM
304404,"","Cléber Roberto",IDENTITY_FRAGMENT,Contracted,1131,535,104978,"EC XV de Novembro",535,104978,"EC XV de Novembro",False,116,2001,2006-01-31,Defined,30,2006,,,2,1,"DISPLAY_NAME_UNRESOLVED",89,MEDIUM
304125,"","Cuca",IDENTITY_FRAGMENT,Contracted,1046,535,104978,"EC XV de Novembro",535,104978,"EC XV de Novembro",False,300,2001,2006-01-31,Defined,30,2006,,,2,1,"DISPLAY_NAME_UNRESOLVED",89,MEDIUM
307391,"","da Silva Quirino",IDENTITY_FRAGMENT,Contracted,1846,535,104978,"EC XV de Novembro",535,104978,"EC XV de Novembro",False,343,2001,2006-01-31,Defined,30,2006,,,2,1,"DISPLAY_NAME_UNRESOLVED",89,MEDIUM
304555,"","Dino Sani",IDENTITY_FRAGMENT,Contracted,1197,535,104978,"EC XV de Novembro",535,104978,"EC XV de Novembro",False,793,2004,2004-12-15,Defined,349,2004,,,2,1,"DISPLAY_NAME_UNRESOLVED",89,MEDIUM
3300324,"","Fatori",IDENTITY_FRAGMENT,Contracted,5327,535,104978,"EC XV de Novembro",535,104978,"EC XV de Novembro",False,363,2001,2005-01-31,Defined,30,2005,,,2,1,"DISPLAY_NAME_UNRESOLVED",89,MEDIUM
311757,"","Júnior da Silva",IDENTITY_FRAGMENT,Contracted,2437,535,104978,"EC XV de Novembro",535,104978,"EC XV de Novembro",False,281,2001,2006-01-31,Defined,30,2006,,,1,1,"DISPLAY_NAME_UNRESOLVED",89,MEDIUM
304401,"","Pedro Fernando",IDENTITY_FRAGMENT,Contracted,1130,535,104978,"EC XV de Novembro",535,104978,"EC XV de Novembro",False,75,2001,2006-01-31,Defined,30,2006,,,2,1,"DISPLAY_NAME_UNRESOLVED",89,MEDIUM
304406,"","Pinto Júnior",IDENTITY_FRAGMENT,Contracted,1132,535,104978,"EC XV de Novembro",535,104978,"EC XV de Novembro",False,75,2001,2006-01-31,Defined,30,2006,,,2,1,"DISPLAY_NAME_UNRESOLVED",89,MEDIUM
5300316,"","Róbson Saint Clair",IDENTITY_FRAGMENT,Contracted,6248,535,104978,"EC XV de Novembro",535,104978,"EC XV de Novembro",False,102,2003,2006-01-31,Defined,30,2006,,,2,1,"DISPLAY_NAME_UNRESOLVED",89,MEDIUM
304396,"","Tadeu Pietrobon",IDENTITY_FRAGMENT,Contracted,1128,535,104978,"EC XV de Novembro",535,104978,"EC XV de Novembro",False,75,2001,2006-01-31,Defined,30,2006,,,2,1,"DISPLAY_NAME_UNRESOLVED",89,MEDIUM
3301128,"","Tavares de Souza",IDENTITY_FRAGMENT,Contracted,5620,535,104978,"EC XV de Novembro",535,104978,"EC XV de Novembro",False,75,2001,2006-01-31,Defined,30,2006,,,2,1,"DISPLAY_NAME_UNRESOLVED",89,MEDIUM
319755,"","Rizzo",IDENTITY_FRAGMENT,Contracted,4190,1040,310357,"EC XV de Novembro de Jaú",1040,310357,"EC XV de Novembro de Jaú",False,250,2001,2007-01-31,Defined,30,2007,,,1,1,"DISPLAY_NAME_UNRESOLVED",89,MEDIUM
316040,"","Cláudio Barros",IDENTITY_FRAGMENT,Contracted,3058,887,302108,"Estrela do Norte FC",887,302108,"Estrela do Norte FC",False,100,2001,2009-01-31,Defined,30,2009,,,1,1,"DISPLAY_NAME_UNRESOLVED",89,MEDIUM
316036,"","Eldio",IDENTITY_FRAGMENT,Contracted,3055,887,302108,"Estrela do Norte FC",887,302108,"Estrela do Norte FC",False,249,2001,2006-01-31,Defined,30,2006,,,1,1,"DISPLAY_NAME_UNRESOLVED",89,MEDIUM
316351,"","Elias Santos",IDENTITY_FRAGMENT,Contracted,3221,887,302108,"Estrela do Norte FC",887,302108,"Estrela do Norte FC",False,100,2001,2007-01-31,Defined,30,2007,,,1,1,"DISPLAY_NAME_UNRESOLVED",89,MEDIUM
316023,"","Fábio Henrique",IDENTITY_FRAGMENT,Contracted,3053,887,302108,"Estrela do Norte FC",887,302108,"Estrela do Norte FC",False,280,2001,2006-01-31,Defined,30,2006,,,1,1,"DISPLAY_NAME_UNRESOLVED",89,MEDIUM
316042,"","Fernandes Carrera",IDENTITY_FRAGMENT,Contracted,3060,887,302108,"Estrela do Norte FC",887,302108,"Estrela do Norte FC",False,75,2001,2008-01-31,Defined,30,2008,,,1,1,"DISPLAY_NAME_UNRESOLVED",89,MEDIUM
316044,"","Ferreira Matos",IDENTITY_FRAGMENT,Contracted,3062,887,302108,"Estrela do Norte FC",887,302108,"Estrela do Norte FC",False,75,2001,2006-01-31,Defined,30,2006,,,2,1,"DISPLAY_NAME_UNRESOLVED",89,MEDIUM
316041,"","Jocimar",IDENTITY_FRAGMENT,Contracted,3059,887,302108,"Estrela do Norte FC",887,302108,"Estrela do Norte FC",False,75,2001,2007-01-31,Defined,30,2007,,,1,1,"DISPLAY_NAME_UNRESOLVED",89,MEDIUM
316037,"","Kwenn",IDENTITY_FRAGMENT,Contracted,3056,887,302108,"Estrela do Norte FC",887,302108,"Estrela do Norte FC",False,250,2001,2009-01-31,Defined,30,2009,,,1,1,"DISPLAY_NAME_UNRESOLVED",89,MEDIUM
308352,"","Nogueira Lima",IDENTITY_FRAGMENT,Contracted,1917,887,302108,"Estrela do Norte FC",887,302108,"Estrela do Norte FC",False,75,2002,2006-01-31,Defined,30,2006,,,2,1,"DISPLAY_NAME_UNRESOLVED",89,MEDIUM
316038,"","Souza Cruz",IDENTITY_FRAGMENT,Contracted,3057,887,302108,"Estrela do Norte FC",887,302108,"Estrela do Norte FC",False,125,2001,2009-01-31,Defined,30,2009,,,1,1,"DISPLAY_NAME_UNRESOLVED",89,MEDIUM
3301294,"","de Assis Moreira",IDENTITY_FRAGMENT,Contracted,5713,379,1708,"F.C. Barcelona",379,1708,"F.C. Barcelona",False,51270,2003,2008-06-30,Defined,181,2008,,,2,1,"DISPLAY_NAME_UNRESOLVED",89,MEDIUM
6900153,"","Edmílson José",IDENTITY_FRAGMENT,Contracted,6503,379,1708,"F.C. Barcelona",379,1708,"F.C. Barcelona",False,21235,2004,2008-06-30,Defined,181,2008,,,1,1,"DISPLAY_NAME_UNRESOLVED",89,MEDIUM
302447,"","Haus Belletti",IDENTITY_FRAGMENT,Contracted,804,379,1708,"F.C. Barcelona",379,1708,"F.C. Barcelona",False,25956,2004,2008-06-30,Defined,181,2008,,,2,1,"DISPLAY_NAME_UNRESOLVED",89,MEDIUM
3301201,"","Sylvio",IDENTITY_FRAGMENT,Contracted,5659,379,1708,"F.C. Barcelona",379,1708,"F.C. Barcelona",False,16175,2004,2006-06-30,Defined,180,2006,,,2,1,"DISPLAY_NAME_UNRESOLVED",89,MEDIUM
6900050,"","de Carvalho Correia",IDENTITY_FRAGMENT,Contracted,6433,415,1849,"FC Basel",415,1849,"FC Basel",False,2303,2004,2006-06-30,Defined,180,2006,,,2,1,"DISPLAY_NAME_UNRESOLVED",89,MEDIUM
850180,"","Alves Velame",IDENTITY_FRAGMENT,Contracted,4816,210,1007,"FC Groningen",210,1007,"FC Groningen",False,2512,1997,2005-07-01,Defined,181,2005,,,2,1,"DISPLAY_NAME_UNRESOLVED",89,MEDIUM
3300984,"","Bordon",IDENTITY_FRAGMENT,Contracted,5558,185,920,"FC Schalke 04",185,920,"FC Schalke 04",False,37500,2004,2009-06-30,Defined,180,2009,,,2,1,"DISPLAY_NAME_UNRESOLVED",89,MEDIUM
128736,"","Lincoln Cássio",IDENTITY_FRAGMENT,Contracted,639,185,920,"FC Schalke 04",185,920,"FC Schalke 04",False,17500,2004,2007-06-30,Defined,180,2007,,,1,1,"DISPLAY_NAME_UNRESOLVED",89,MEDIUM
3300971,"","Tomé de Souza",IDENTITY_FRAGMENT,Contracted,5553,655,130777,"FC Seoul",655,130777,"FC Seoul",False,700,2004,2006-01-31,Defined,30,2006,,,2,1,"DISPLAY_NAME_UNRESOLVED",89,MEDIUM
464848,"","Brito dos Prazeres",IDENTITY_FRAGMENT,Contracted,4514,421,1870,"Fenerbahçe SK",421,1870,"Fenerbahçe SK",False,8122,2003,2006-06-16,Defined,166,2006,,,2,1,"DISPLAY_NAME_UNRESOLVED",89,MEDIUM
302072,"","de Lima Rodrigues",IDENTITY_FRAGMENT,Contracted,761,421,1870,"Fenerbahçe SK",421,1870,"Fenerbahçe SK",False,9591,2004,2005-07-28,Defined,208,2005,,,2,1,"DISPLAY_NAME_UNRESOLVED",89,MEDIUM
302592,"","Fábio Luciano",IDENTITY_FRAGMENT,Contracted,836,421,1870,"Fenerbahçe SK",421,1870,"Fenerbahçe SK",False,9143,2003,2005-07-01,Defined,181,2005,,,2,1,"DISPLAY_NAME_UNRESOLVED",89,MEDIUM
302172,"","Ferreira Nobre",IDENTITY_FRAGMENT,Contracted,770,421,1870,"Fenerbahçe SK",421,1870,"Fenerbahçe SK",False,5987,2001,2005-06-30,Defined,180,2005,,,1,1,"DISPLAY_NAME_UNRESOLVED",89,MEDIUM
8830336,"","Telmário",IDENTITY_FRAGMENT,OnLoan,7023,568,107206,"C Atlético Paranaense",892,302144,"Ferroviária (SP)",True,234,2003,2005-01-31,Defined,30,2005,234,2004-12-31,2,2,"DISPLAY_NAME_UNRESOLVED",97,HIGH
319450,"","Wilson Mano",IDENTITY_FRAGMENT,Contracted,4046,892,302144,"Ferroviária (SP)",892,302144,"Ferroviária (SP)",False,250,2001,2007-01-31,Defined,30,2007,,,1,1,"DISPLAY_NAME_UNRESOLVED",89,MEDIUM
307042,"","Aderson",IDENTITY_FRAGMENT,Contracted,1779,755,301129,"Ferroviário AC (CE)",755,301129,"Ferroviário AC (CE)",False,129,2001,2006-01-31,Defined,30,2006,,,2,1,"DISPLAY_NAME_UNRESOLVED",89,MEDIUM
307053,"","Arildo",IDENTITY_FRAGMENT,Contracted,1788,755,301129,"Ferroviário AC (CE)",755,301129,"Ferroviário AC (CE)",False,75,2001,2005-01-31,Defined,30,2005,,,2,1,"DISPLAY_NAME_UNRESOLVED",89,MEDIUM
307051,"","Cícero César",IDENTITY_FRAGMENT,Contracted,1786,755,301129,"Ferroviário AC (CE)",755,301129,"Ferroviário AC (CE)",False,233,2001,2006-01-31,Defined,30,2006,,,2,1,"DISPLAY_NAME_UNRESOLVED",89,MEDIUM
307045,"","Clemílson Roberto",IDENTITY_FRAGMENT,Contracted,1782,755,301129,"Ferroviário AC (CE)",755,301129,"Ferroviário AC (CE)",False,75,2001,2005-01-31,Defined,30,2005,,,2,1,"DISPLAY_NAME_UNRESOLVED",89,MEDIUM
321267,"","da Silva Novaes",IDENTITY_FRAGMENT,Contracted,4469,755,301129,"Ferroviário AC (CE)",755,301129,"Ferroviário AC (CE)",False,176,2001,2006-01-31,Defined,30,2006,,,2,1,"DISPLAY_NAME_UNRESOLVED",89,MEDIUM
321271,"","da Silva Rocha",IDENTITY_FRAGMENT,Contracted,4472,755,301129,"Ferroviário AC (CE)",755,301129,"Ferroviário AC (CE)",False,224,2001,2006-01-31,Defined,30,2006,,,2,1,"DISPLAY_NAME_UNRESOLVED",89,MEDIUM
307039,"","de Souza Wilson",IDENTITY_FRAGMENT,Contracted,1776,755,301129,"Ferroviário AC (CE)",755,301129,"Ferroviário AC (CE)",False,75,2001,2006-01-31,Defined,30,2006,,,2,1,"DISPLAY_NAME_UNRESOLVED",89,MEDIUM
3301109,"","Ferreira Loiola",IDENTITY_FRAGMENT,Contracted,5609,755,301129,"Ferroviário AC (CE)",755,301129,"Ferroviário AC (CE)",False,500,2004,2006-01-31,Defined,30,2006,,,2,1,"DISPLAY_NAME_UNRESOLVED",89,MEDIUM
307043,"","Francisco Édio",IDENTITY_FRAGMENT,Contracted,1780,755,301129,"Ferroviário AC (CE)",755,301129,"Ferroviário AC (CE)",False,323,2001,2006-01-31,Defined,30,2006,,,2,1,"DISPLAY_NAME_UNRESOLVED",89,MEDIUM
307054,"","Góis de Oliveira",IDENTITY_FRAGMENT,Contracted,1789,755,301129,"Ferroviário AC (CE)",755,301129,"Ferroviário AC (CE)",False,216,2001,2006-01-31,Defined,30,2006,,,2,1,"DISPLAY_NAME_UNRESOLVED",89,MEDIUM
307056,"","Gomes Cavalcante",IDENTITY_FRAGMENT,Contracted,1790,755,301129,"Ferroviário AC (CE)",755,301129,"Ferroviário AC (CE)",False,75,2001,2006-01-31,Defined,30,2006,,,1,1,"DISPLAY_NAME_UNRESOLVED",89,MEDIUM
304177,"","João Marcelo",IDENTITY_FRAGMENT,Contracted,1058,755,301129,"Ferroviário AC (CE)",755,301129,"Ferroviário AC (CE)",False,471,2001,2006-01-31,Defined,30,2006,,,2,1,"DISPLAY_NAME_UNRESOLVED",89,MEDIUM
321269,"","Lima Cavalcante",IDENTITY_FRAGMENT,Contracted,4471,755,301129,"Ferroviário AC (CE)",755,301129,"Ferroviário AC (CE)",False,262,2001,2006-01-31,Defined,30,2006,,,2,1,"DISPLAY_NAME_UNRESOLVED",89,MEDIUM
307052,"","Lyra",IDENTITY_FRAGMENT,Contracted,1787,755,301129,"Ferroviário AC (CE)",755,301129,"Ferroviário AC (CE)",False,75,2001,2006-01-31,Defined,30,2006,,,2,1,"DISPLAY_NAME_UNRESOLVED",89,MEDIUM
307047,"","Magalhães de Souza",IDENTITY_FRAGMENT,Contracted,1784,755,301129,"Ferroviário AC (CE)",755,301129,"Ferroviário AC (CE)",False,291,2001,2006-01-31,Defined,30,2006,,,2,1,"DISPLAY_NAME_UNRESOLVED",89,MEDIUM
307364,"","Paulo Jardel",IDENTITY_FRAGMENT,Contracted,1842,755,301129,"Ferroviário AC (CE)",755,301129,"Ferroviário AC (CE)",False,75,2001,2006-01-31,Defined,30,2006,,,2,1,"DISPLAY_NAME_UNRESOLVED",89,MEDIUM
308243,"","Raimundo Eusébio",IDENTITY_FRAGMENT,Contracted,1889,755,301129,"Ferroviário AC (CE)",755,301129,"Ferroviário AC (CE)",False,224,2001,2006-01-31,Defined,30,2006,,,1,1,"DISPLAY_NAME_UNRESOLVED",89,MEDIUM
307040,"","Santos Pessoa",IDENTITY_FRAGMENT,Contracted,1777,755,301129,"Ferroviário AC (CE)",755,301129,"Ferroviário AC (CE)",False,294,2001,2006-01-31,Defined,30,2006,,,2,1,"DISPLAY_NAME_UNRESOLVED",89,MEDIUM
2001623,"","Tavares de Souza Polozi",IDENTITY_FRAGMENT,Contracted,5012,755,301129,"Ferroviário AC (CE)",755,301129,"Ferroviário AC (CE)",False,309,2001,2006-01-31,Defined,30,2006,,,2,1,"DISPLAY_NAME_UNRESOLVED",89,MEDIUM
311729,"","Valdonedo",IDENTITY_FRAGMENT,Contracted,2427,755,301129,"Ferroviário AC (CE)",755,301129,"Ferroviário AC (CE)",False,330,2001,2008-01-31,Defined,30,2008,,,1,1,"DISPLAY_NAME_UNRESOLVED",89,MEDIUM
316175,"","Valnir",IDENTITY_FRAGMENT,Contracted,3123,755,301129,"Ferroviário AC (CE)",755,301129,"Ferroviário AC (CE)",False,85,2001,2006-01-31,Defined,30,2006,,,2,1,"DISPLAY_NAME_UNRESOLVED",89,MEDIUM
115919,"","de Vitor Santiago",IDENTITY_FRAGMENT,Contracted,568,214,1013,"Feyenoord",214,1013,"Feyenoord",False,3591,1994,2006-07-01,Defined,181,2006,,,1,1,"DISPLAY_NAME_UNRESOLVED",89,MEDIUM
320310,"","Gérson Alencar",IDENTITY_FRAGMENT,Contracted,4278,214,1013,"Feyenoord",214,1013,"Feyenoord",False,966,2004,2007-06-30,Defined,180,2007,,,2,1,"DISPLAY_NAME_UNRESOLVED",89,MEDIUM
315963,"","Alan Patrick",IDENTITY_FRAGMENT,Contracted,3009,849,301306,"Figueirense FC",849,301306,"Figueirense FC",False,208,2001,2006-01-31,Defined,30,2006,,,2,1,"DISPLAY_NAME_UNRESOLVED",89,MEDIUM
305659,"","Aldir Oliveira",IDENTITY_FRAGMENT,Contracted,1418,849,301306,"Figueirense FC",849,301306,"Figueirense FC",False,300,2002,2006-01-31,Defined,30,2006,,,2,1,"DISPLAY_NAME_UNRESOLVED",89,MEDIUM
317033,"","Alecxan Paulo",IDENTITY_FRAGMENT,Contracted,3550,849,301306,"Figueirense FC",849,301306,"Figueirense FC",False,102,2001,2005-01-31,Defined,30,2005,,,2,1,"DISPLAY_NAME_UNRESOLVED",89,MEDIUM
3300040,"","Américo da Conceição",IDENTITY_FRAGMENT,Contracted,5229,849,301306,"Figueirense FC",849,301306,"Figueirense FC",False,672,2003,2006-01-31,Defined,30,2006,,,2,1,"DISPLAY_NAME_UNRESOLVED",89,MEDIUM
8830372,"","Antônio Tavares",IDENTITY_FRAGMENT,Contracted,7059,849,301306,"Figueirense FC",849,301306,"Figueirense FC",False,216,2001,2008-01-31,Defined,30,2008,,,2,1,"DISPLAY_NAME_UNRESOLVED",89,MEDIUM
3301153,"","Aparecido de Campos",IDENTITY_FRAGMENT,Contracted,5629,849,301306,"Figueirense FC",849,301306,"Figueirense FC",False,161,2004,2006-01-31,Defined,30,2006,,,2,1,"DISPLAY_NAME_UNRESOLVED",89,MEDIUM
306253,"","Aparecido de Lima",IDENTITY_FRAGMENT,Contracted,1528,849,301306,"Figueirense FC",849,301306,"Figueirense FC",False,258,2001,2005-01-31,Defined,30,2005,,,2,1,"DISPLAY_NAME_UNRESOLVED",89,MEDIUM
311366,"","Bastos Barreto",IDENTITY_FRAGMENT,Contracted,2366,849,301306,"Figueirense FC",849,301306,"Figueirense FC",False,537,2001,2006-01-31,Defined,30,2006,,,2,1,"DISPLAY_NAME_UNRESOLVED",89,MEDIUM
307029,"","Bilú",IDENTITY_FRAGMENT,Contracted,1774,849,301306,"Figueirense FC",849,301306,"Figueirense FC",False,372,2003,2004-12-31,Defined,365,2004,,,1,1,"DISPLAY_NAME_UNRESOLVED",89,MEDIUM
317040,"","Cândido Soares",IDENTITY_FRAGMENT,Contracted,3556,849,301306,"Figueirense FC",849,301306,"Figueirense FC",False,75,2001,2006-01-31,Defined,30,2006,,,2,1,"DISPLAY_NAME_UNRESOLVED",89,MEDIUM
8833471,"","Carlos Gilberto",IDENTITY_FRAGMENT,OnLoan,7325,1066,311030,"C Atlético Sorocaba",849,301306,"Figueirense FC",True,319,2003,2006-01-31,Defined,30,2006,319,2004-12-31,2,2,"DISPLAY_NAME_UNRESOLVED",97,HIGH
306211,"","Carlos Rogério",IDENTITY_FRAGMENT,Contracted,1524,849,301306,"Figueirense FC",849,301306,"Figueirense FC",False,301,2003,2006-01-31,Defined,30,2006,,,2,1,"DISPLAY_NAME_UNRESOLVED",89,MEDIUM
305636,"","Carlos Sandro",IDENTITY_FRAGMENT,Contracted,1399,849,301306,"Figueirense FC",849,301306,"Figueirense FC",False,75,2001,2006-01-31,Defined,30,2006,,,2,1,"DISPLAY_NAME_UNRESOLVED",89,MEDIUM
6900270,"","César Luiz",IDENTITY_FRAGMENT,Contracted,6535,849,301306,"Figueirense FC",849,301306,"Figueirense FC",False,1161,2001,2006-01-31,Defined,30,2006,,,1,1,"DISPLAY_NAME_UNRESOLVED",89,MEDIUM
317034,"","Clarindo dos Santos",IDENTITY_FRAGMENT,Contracted,3551,849,301306,"Figueirense FC",849,301306,"Figueirense FC",False,149,2003,2006-01-31,Defined,30,2006,,,2,1,"DISPLAY_NAME_UNRESOLVED",89,MEDIUM
315943,"","da Conceição Mendonça",IDENTITY_FRAGMENT,Contracted,2991,849,301306,"Figueirense FC",849,301306,"Figueirense FC",False,190,2001,2006-01-31,Defined,30,2006,,,1,1,"DISPLAY_NAME_UNRESOLVED",89,MEDIUM
7100165,"","de Ávila Vieira",IDENTITY_FRAGMENT,Contracted,6595,849,301306,"Figueirense FC",849,301306,"Figueirense FC",False,524,2004,2005-01-31,Defined,30,2005,,,2,1,"DISPLAY_NAME_UNRESOLVED",89,MEDIUM
317042,"","de Brida Júnior",IDENTITY_FRAGMENT,Contracted,3558,849,301306,"Figueirense FC",849,301306,"Figueirense FC",False,119,2001,2005-01-31,Defined,30,2005,,,2,1,"DISPLAY_NAME_UNRESOLVED",89,MEDIUM
7642553,"","de Mattia",IDENTITY_FRAGMENT,Contracted,6630,849,301306,"Figueirense FC",849,301306,"Figueirense FC",False,212,2001,2006-01-31,Defined,30,2006,,,1,1,"DISPLAY_NAME_UNRESOLVED",89,MEDIUM
311386,"","de Oliveira Moraes",IDENTITY_FRAGMENT,OnLoan,2370,884,301380,"Tiradentes (SC)",849,301306,"Figueirense FC",True,377,2001,2006-01-31,Defined,30,2006,377,2004-12-31,1,2,"DISPLAY_NAME_UNRESOLVED",97,HIGH
8833546,"","de Souza Filho",IDENTITY_FRAGMENT,Contracted,7399,849,301306,"Figueirense FC",849,301306,"Figueirense FC",False,118,2004,2005-01-31,Defined,30,2005,,,2,1,"DISPLAY_NAME_UNRESOLVED",89,MEDIUM
317044,"","de Souza Rodrigues",IDENTITY_FRAGMENT,Contracted,3560,849,301306,"Figueirense FC",849,301306,"Figueirense FC",False,75,2001,2006-01-31,Defined,30,2006,,,2,1,"DISPLAY_NAME_UNRESOLVED",89,MEDIUM
8832836,"","Diego Ronaldo",IDENTITY_FRAGMENT,OnLoan,7177,1490,319164,"Metropolitano (SC)",849,301306,"Figueirense FC",True,131,2001,2006-01-31,Defined,30,2006,131,2004-12-31,2,2,"DISPLAY_NAME_UNRESOLVED",97,HIGH
317036,"","Edson Thiago",IDENTITY_FRAGMENT,Contracted,3553,849,301306,"Figueirense FC",849,301306,"Figueirense FC",False,75,2001,2005-01-31,Defined,30,2005,,,2,1,"DISPLAY_NAME_UNRESOLVED",89,MEDIUM
3300147,"","Eloy",IDENTITY_FRAGMENT,Contracted,5248,849,301306,"Figueirense FC",849,301306,"Figueirense FC",False,503,2003,2005-01-31,Defined,30,2005,,,2,1,"DISPLAY_NAME_UNRESOLVED",89,MEDIUM
306137,"","Enílson",IDENTITY_FRAGMENT,Contracted,1515,849,301306,"Figueirense FC",849,301306,"Figueirense FC",False,75,2001,2006-01-31,Defined,30,2006,,,2,1,"DISPLAY_NAME_UNRESOLVED",89,MEDIUM
315953,"","Everton Eriel",IDENTITY_FRAGMENT,Contracted,2999,849,301306,"Figueirense FC",849,301306,"Figueirense FC",False,212,2002,2006-01-31,Defined,30,2006,,,2,1,"DISPLAY_NAME_UNRESOLVED",89,MEDIUM
317048,"","Everton Fernando",IDENTITY_FRAGMENT,Contracted,3564,849,301306,"Figueirense FC",849,301306,"Figueirense FC",False,30,2004,2005-01-31,Defined,30,2005,,,2,1,"DISPLAY_NAME_UNRESOLVED",89,MEDIUM
315955,"","Fernandes da Silva Souza",IDENTITY_FRAGMENT,Contracted,3001,849,301306,"Figueirense FC",849,301306,"Figueirense FC",False,252,2002,2006-01-31,Defined,30,2006,,,2,1,"DISPLAY_NAME_UNRESOLVED",89,MEDIUM
306132,"","Fernandes Valete",IDENTITY_FRAGMENT,Contracted,1513,849,301306,"Figueirense FC",849,301306,"Figueirense FC",False,490,2002,2004-12-31,Defined,365,2004,,,2,1,"DISPLAY_NAME_UNRESOLVED",89,MEDIUM
315954,"","Ferreira de Freitas",IDENTITY_FRAGMENT,Contracted,3000,849,301306,"Figueirense FC",849,301306,"Figueirense FC",False,338,2002,2006-01-31,Defined,30,2006,,,2,1,"DISPLAY_NAME_UNRESOLVED",89,MEDIUM
315962,"","Ferreira Orlando",IDENTITY_FRAGMENT,Contracted,3008,849,301306,"Figueirense FC",849,301306,"Figueirense FC",False,75,2001,2006-01-31,Defined,30,2006,,,2,1,"DISPLAY_NAME_UNRESOLVED",89,MEDIUM
319221,"","Filipe Luís",IDENTITY_FRAGMENT,Contracted,3988,849,301306,"Figueirense FC",849,301306,"Figueirense FC",False,436,2002,2006-12-31,Defined,364,2006,,,2,1,"DISPLAY_NAME_UNRESOLVED",89,MEDIUM
317038,"","Flávio Francisco",IDENTITY_FRAGMENT,Contracted,3554,849,301306,"Figueirense FC",849,301306,"Figueirense FC",False,167,2003,2006-01-31,Defined,30,2006,,,2,1,"DISPLAY_NAME_UNRESOLVED",89,MEDIUM
2013429,"","Galeano",IDENTITY_FRAGMENT,Contracted,5103,849,301306,"Figueirense FC",849,301306,"Figueirense FC",False,766,2004,2006-01-31,Defined,30,2006,,,2,1,"DISPLAY_NAME_UNRESOLVED",89,MEDIUM
304506,"","Gilmar Antônio",IDENTITY_FRAGMENT,Contracted,1168,849,301306,"Figueirense FC",849,301306,"Figueirense FC",False,178,2003,2006-01-31,Defined,30,2006,,,2,1,"DISPLAY_NAME_UNRESOLVED",89,MEDIUM
315956,"","Glória de Oliveira",IDENTITY_FRAGMENT,Contracted,3002,849,301306,"Figueirense FC",849,301306,"Figueirense FC",False,516,2001,2006-01-31,Defined,30,2006,,,2,1,"DISPLAY_NAME_UNRESOLVED",89,MEDIUM
315939,"","Gustavo Ramón",IDENTITY_FRAGMENT,Contracted,2988,849,301306,"Figueirense FC",849,301306,"Figueirense FC",False,153,2001,2006-01-31,Defined,30,2006,,,2,1,"DISPLAY_NAME_UNRESOLVED",89,MEDIUM
304347,"","Isidoro",IDENTITY_FRAGMENT,Contracted,1107,849,301306,"Figueirense FC",849,301306,"Figueirense FC",False,713,2003,2004-12-31,Defined,365,2004,,,2,1,"DISPLAY_NAME_UNRESOLVED",89,MEDIUM
304469,"","Izaías",IDENTITY_FRAGMENT,OnLoan,1151,870,301350,"Rio Preto EC",849,301306,"Figueirense FC",True,839,2003,2006-01-31,Defined,30,2006,839,2004-12-31,2,2,"DISPLAY_NAME_UNRESOLVED",97,HIGH
304809,"","Izzo",IDENTITY_FRAGMENT,Contracted,1257,849,301306,"Figueirense FC",849,301306,"Figueirense FC",False,138,2002,2005-01-31,Defined,30,2005,,,2,1,"DISPLAY_NAME_UNRESOLVED",89,MEDIUM
305170,"","Jeovânio",IDENTITY_FRAGMENT,Contracted,1347,849,301306,"Figueirense FC",849,301306,"Figueirense FC",False,506,2002,2004-12-31,Defined,365,2004,,,2,1,"DISPLAY_NAME_UNRESOLVED",89,MEDIUM
320452,"","Jocimar",IDENTITY_FRAGMENT,Contracted,4300,849,301306,"Figueirense FC",849,301306,"Figueirense FC",False,127,2003,2006-01-31,Defined,30,2006,,,2,1,"DISPLAY_NAME_UNRESOLVED",89,MEDIUM
315964,"","John Daniel",IDENTITY_FRAGMENT,Contracted,3010,849,301306,"Figueirense FC",849,301306,"Figueirense FC",False,75,2001,2006-01-31,Defined,30,2006,,,1,1,"DISPLAY_NAME_UNRESOLVED",89,MEDIUM
317039,"","José Manuel",IDENTITY_FRAGMENT,Contracted,3555,849,301306,"Figueirense FC",849,301306,"Figueirense FC",False,271,2001,2006-01-31,Defined,30,2006,,,2,1,"DISPLAY_NAME_UNRESOLVED",89,MEDIUM
4206788,"","Luís Simplício",IDENTITY_FRAGMENT,Contracted,6103,849,301306,"Figueirense FC",849,301306,"Figueirense FC",False,414,2002,2006-01-31,Defined,30,2006,,,2,1,"DISPLAY_NAME_UNRESOLVED",89,MEDIUM
320446,"","Márcio Fábio",IDENTITY_FRAGMENT,Contracted,4299,849,301306,"Figueirense FC",849,301306,"Figueirense FC",False,370,2003,2004-12-31,Defined,365,2004,,,2,1,"DISPLAY_NAME_UNRESOLVED",89,MEDIUM
302590,"","Meira Santos",IDENTITY_FRAGMENT,Contracted,834,849,301306,"Figueirense FC",849,301306,"Figueirense FC",False,120,2001,2005-01-31,Defined,30,2005,,,2,1,"DISPLAY_NAME_UNRESOLVED",89,MEDIUM
311360,"","Menezes de Paula",IDENTITY_FRAGMENT,Contracted,2363,849,301306,"Figueirense FC",849,301306,"Figueirense FC",False,167,2002,2006-01-31,Defined,30,2006,,,2,1,"DISPLAY_NAME_UNRESOLVED",89,MEDIUM
317051,"","Moreira de Oliveira",IDENTITY_FRAGMENT,Contracted,3566,849,301306,"Figueirense FC",849,301306,"Figueirense FC",False,75,2004,2004-12-31,Defined,365,2004,,,2,1,"DISPLAY_NAME_UNRESOLVED",89,MEDIUM
3300208,"","Moreira Neles",IDENTITY_FRAGMENT,Contracted,5284,849,301306,"Figueirense FC",849,301306,"Figueirense FC",False,717,2004,2006-01-31,Defined,30,2006,,,2,1,"DISPLAY_NAME_UNRESOLVED",89,MEDIUM
315947,"","Nienow",IDENTITY_FRAGMENT,Contracted,2994,849,301306,"Figueirense FC",849,301306,"Figueirense FC",False,432,2001,2009-01-31,Defined,30,2009,,,1,1,"DISPLAY_NAME_UNRESOLVED",89,MEDIUM
315949,"","Otávio",IDENTITY_FRAGMENT,Contracted,2996,849,301306,"Figueirense FC",849,301306,"Figueirense FC",False,216,2001,2009-01-31,Defined,30,2009,,,1,1,"DISPLAY_NAME_UNRESOLVED",89,MEDIUM
317041,"","Pazzini Prado",IDENTITY_FRAGMENT,Contracted,3557,849,301306,"Figueirense FC",849,301306,"Figueirense FC",False,604,2001,2006-01-31,Defined,30,2006,,,2,1,"DISPLAY_NAME_UNRESOLVED",89,MEDIUM
311368,"","Ramos Ribeiro Martins",IDENTITY_FRAGMENT,Contracted,2368,849,301306,"Figueirense FC",849,301306,"Figueirense FC",False,157,2001,2006-01-31,Defined,30,2006,,,2,1,"DISPLAY_NAME_UNRESOLVED",89,MEDIUM
306262,"","Rocha",IDENTITY_FRAGMENT,Contracted,1531,849,301306,"Figueirense FC",849,301306,"Figueirense FC",False,176,2002,2006-01-31,Defined,30,2006,,,2,1,"DISPLAY_NAME_UNRESOLVED",89,MEDIUM
8826626,"","Rodolfo Carlos",IDENTITY_FRAGMENT,Contracted,6849,849,301306,"Figueirense FC",849,301306,"Figueirense FC",False,486,2001,2007-01-31,Defined,30,2007,,,1,1,"DISPLAY_NAME_UNRESOLVED",89,MEDIUM
317046,"","Rodolfo Vinícius André",IDENTITY_FRAGMENT,Contracted,3562,849,301306,"Figueirense FC",849,301306,"Figueirense FC",False,75,2001,2006-01-31,Defined,30,2006,,,2,1,"DISPLAY_NAME_UNRESOLVED",89,MEDIUM
6900089,"","Romualdo",IDENTITY_FRAGMENT,OnLoan,6460,629,121262,"SE Gama",849,301306,"Figueirense FC",True,979,2001,2006-01-31,Defined,30,2006,979,2004-12-31,2,2,"DISPLAY_NAME_UNRESOLVED",97,HIGH
315950,"","Ronny Reinaldo",IDENTITY_FRAGMENT,Contracted,2997,849,301306,"Figueirense FC",849,301306,"Figueirense FC",False,432,2001,2009-01-31,Defined,30,2009,,,1,1,"DISPLAY_NAME_UNRESOLVED",89,MEDIUM
3300171,"","Sebastião",IDENTITY_FRAGMENT,Contracted,5267,849,301306,"Figueirense FC",849,301306,"Figueirense FC",False,698,2003,2005-01-31,Defined,30,2005,,,1,1,"DISPLAY_NAME_UNRESOLVED",89,MEDIUM
315961,"","Sella de Souza",IDENTITY_FRAGMENT,Contracted,3007,849,301306,"Figueirense FC",849,301306,"Figueirense FC",False,75,2001,2006-01-31,Defined,30,2006,,,2,1,"DISPLAY_NAME_UNRESOLVED",89,MEDIUM
317043,"","Sena do Nascimento",IDENTITY_FRAGMENT,Contracted,3559,849,301306,"Figueirense FC",849,301306,"Figueirense FC",False,75,2001,2006-01-31,Defined,30,2006,,,2,1,"DISPLAY_NAME_UNRESOLVED",89,MEDIUM
315951,"","Sérgio Eduardo",IDENTITY_FRAGMENT,Contracted,2998,849,301306,"Figueirense FC",849,301306,"Figueirense FC",False,216,2001,2007-01-31,Defined,30,2007,,,2,1,"DISPLAY_NAME_UNRESOLVED",89,MEDIUM
8830371,"","Silvestre Júnior",IDENTITY_FRAGMENT,Contracted,7058,849,301306,"Figueirense FC",849,301306,"Figueirense FC",False,1605,2001,2008-01-31,Defined,30,2008,,,1,1,"DISPLAY_NAME_UNRESOLVED",89,MEDIUM
8832838,"","Teodoro de Castro",IDENTITY_FRAGMENT,Contracted,7179,849,301306,"Figueirense FC",849,301306,"Figueirense FC",False,117,2004,2006-01-31,Defined,30,2006,,,2,1,"DISPLAY_NAME_UNRESOLVED",89,MEDIUM
315946,"","Toshifumi Kimura",IDENTITY_FRAGMENT,Contracted,2993,849,301306,"Figueirense FC",849,301306,"Figueirense FC",False,216,2001,2009-01-31,Defined,30,2009,,,1,1,"DISPLAY_NAME_UNRESOLVED",89,MEDIUM
3301538,"","Vágner Antônio",IDENTITY_FRAGMENT,OnLoan,5802,848,301304,"A Chapecoense F",849,301306,"Figueirense FC",True,364,2003,2006-01-31,Defined,30,2006,364,2004-12-31,2,2,"DISPLAY_NAME_UNRESOLVED",97,HIGH
319220,"","Zardin Rodrigues",IDENTITY_FRAGMENT,Contracted,3987,849,301306,"Figueirense FC",849,301306,"Figueirense FC",False,252,2002,2005-07-21,Defined,201,2005,,,2,1,"DISPLAY_NAME_UNRESOLVED",89,MEDIUM
308225,"","Alynon",IDENTITY_FRAGMENT,Contracted,1882,918,308183,"Flamengo (PI)",918,308183,"Flamengo (PI)",False,75,2001,2005-01-31,Defined,30,2005,,,1,1,"DISPLAY_NAME_UNRESOLVED",89,MEDIUM
308196,"","Antoniel",IDENTITY_FRAGMENT,Contracted,1877,918,308183,"Flamengo (PI)",918,308183,"Flamengo (PI)",False,75,2001,2006-01-31,Defined,30,2006,,,2,1,"DISPLAY_NAME_UNRESOLVED",89,MEDIUM
308211,"","Astrogildo",IDENTITY_FRAGMENT,Contracted,1880,918,308183,"Flamengo (PI)",918,308183,"Flamengo (PI)",False,75,2001,2006-01-31,Defined,30,2006,,,2,1,"DISPLAY_NAME_UNRESOLVED",89,MEDIUM
308205,"","Eduardo Ribeiro",IDENTITY_FRAGMENT,Contracted,1879,918,308183,"Flamengo (PI)",918,308183,"Flamengo (PI)",False,329,2001,2006-01-31,Defined,30,2006,,,2,1,"DISPLAY_NAME_UNRESOLVED",89,MEDIUM
308191,"","Modesto",IDENTITY_FRAGMENT,Contracted,1874,918,308183,"Flamengo (PI)",918,308183,"Flamengo (PI)",False,75,2001,2009-01-31,Defined,30,2009,,,1,1,"DISPLAY_NAME_UNRESOLVED",89,MEDIUM
308201,"","Rondinelle",IDENTITY_FRAGMENT,Contracted,1878,918,308183,"Flamengo (PI)",918,308183,"Flamengo (PI)",False,75,2001,2006-01-31,Defined,30,2006,,,2,1,"DISPLAY_NAME_UNRESOLVED",89,MEDIUM
308224,"","Willdson",IDENTITY_FRAGMENT,Contracted,1881,918,308183,"Flamengo (PI)",918,308183,"Flamengo (PI)",False,75,2001,2006-01-31,Defined,30,2006,,,2,1,"DISPLAY_NAME_UNRESOLVED",89,MEDIUM
311845,"","André Marcelo",IDENTITY_FRAGMENT,Contracted,2463,1061,311020,"Flamengo (SP)",1061,311020,"Flamengo (SP)",False,89,2001,2006-01-31,Defined,30,2006,,,1,1,"DISPLAY_NAME_UNRESOLVED",89,MEDIUM
6900138,"","Bento da Cunha",IDENTITY_FRAGMENT,Contracted,6493,1061,311020,"Flamengo (SP)",1061,311020,"Flamengo (SP)",False,351,2004,2006-01-31,Defined,30,2006,,,2,1,"DISPLAY_NAME_UNRESOLVED",89,MEDIUM
312120,"","Clayton",IDENTITY_FRAGMENT,Contracted,2509,1061,311020,"Flamengo (SP)",1061,311020,"Flamengo (SP)",False,277,2003,2006-01-31,Defined,30,2006,,,2,1,"DISPLAY_NAME_UNRESOLVED",89,MEDIUM
316438,"","Costa Brum",IDENTITY_FRAGMENT,Contracted,3283,1061,311020,"Flamengo (SP)",1061,311020,"Flamengo (SP)",False,159,2001,2006-01-31,Defined,30,2006,,,2,1,"DISPLAY_NAME_UNRESOLVED",89,MEDIUM
5660883,"","Edimar Teodoro",IDENTITY_FRAGMENT,Contracted,6302,1061,311020,"Flamengo (SP)",1061,311020,"Flamengo (SP)",False,351,2004,2006-01-31,Defined,30,2006,,,1,1,"DISPLAY_NAME_UNRESOLVED",89,MEDIUM
307430,"","Esídio",IDENTITY_FRAGMENT,Contracted,1851,1061,311020,"Flamengo (SP)",1061,311020,"Flamengo (SP)",False,321,2004,2005-01-31,Defined,30,2005,,,2,1,"DISPLAY_NAME_UNRESOLVED",89,MEDIUM
316451,"","Fiel da Silva",IDENTITY_FRAGMENT,Contracted,3286,1061,311020,"Flamengo (SP)",1061,311020,"Flamengo (SP)",False,73,2001,2006-01-31,Defined,30,2006,,,1,1,"DISPLAY_NAME_UNRESOLVED",89,MEDIUM
316456,"","Giufette Lucas Bonalumi",IDENTITY_FRAGMENT,Contracted,3290,1061,311020,"Flamengo (SP)",1061,311020,"Flamengo (SP)",False,75,2001,2008-01-31,Defined,30,2008,,,2,1,"DISPLAY_NAME_UNRESOLVED",89,MEDIUM
316444,"","Mateus Henrique",IDENTITY_FRAGMENT,Contracted,3284,1061,311020,"Flamengo (SP)",1061,311020,"Flamengo (SP)",False,161,2001,2006-01-31,Defined,30,2006,,,2,1,"DISPLAY_NAME_UNRESOLVED",89,MEDIUM
3300867,"","Pardal",IDENTITY_FRAGMENT,Contracted,5512,1061,311020,"Flamengo (SP)",1061,311020,"Flamengo (SP)",False,288,2001,2009-01-31,Defined,30,2009,,,1,1,"DISPLAY_NAME_UNRESOLVED",89,MEDIUM
8833468,"","Paulo Leme",IDENTITY_FRAGMENT,Contracted,7322,1061,311020,"Flamengo (SP)",1061,311020,"Flamengo (SP)",False,100,2001,2009-01-31,Defined,30,2009,,,2,1,"DISPLAY_NAME_UNRESOLVED",89,MEDIUM
3300910,"","Sales de Souza",IDENTITY_FRAGMENT,Contracted,5528,1061,311020,"Flamengo (SP)",1061,311020,"Flamengo (SP)",False,393,2004,2006-01-31,Defined,30,2006,,,2,1,"DISPLAY_NAME_UNRESOLVED",89,MEDIUM
316446,"","Stocco",IDENTITY_FRAGMENT,Contracted,3285,1061,311020,"Flamengo (SP)",1061,311020,"Flamengo (SP)",False,298,2001,2006-01-31,Defined,30,2006,,,2,1,"DISPLAY_NAME_UNRESOLVED",89,MEDIUM
8833444,"","Thomazotti Pierrotti",IDENTITY_FRAGMENT,Contracted,7320,1061,311020,"Flamengo (SP)",1061,311020,"Flamengo (SP)",False,100,2001,2009-01-31,Defined,30,2009,,,2,1,"DISPLAY_NAME_UNRESOLVED",89,MEDIUM
316434,"","Tobias",IDENTITY_FRAGMENT,Contracted,3282,1061,311020,"Flamengo (SP)",1061,311020,"Flamengo (SP)",False,75,2001,2006-01-31,Defined,30,2006,,,2,1,"DISPLAY_NAME_UNRESOLVED",89,MEDIUM
311767,"","Vergílio",IDENTITY_FRAGMENT,Contracted,2442,1061,311020,"Flamengo (SP)",1061,311020,"Flamengo (SP)",False,102,2003,2006-01-31,Defined,30,2006,,,2,1,"DISPLAY_NAME_UNRESOLVED",89,MEDIUM
316454,"","Wandylton",IDENTITY_FRAGMENT,Contracted,3288,1061,311020,"Flamengo (SP)",1061,311020,"Flamengo (SP)",False,100,2001,2007-01-31,Defined,30,2007,,,1,1,"DISPLAY_NAME_UNRESOLVED",89,MEDIUM
8835207,"","da Chaga da Veiga",IDENTITY_FRAGMENT,OnLoan,7764,1390,314909,"RS Futebol C",1486,319158,"Fluminense (PI)",True,30,2001,2004-12-31,Defined,365,2004,30,2004-12-31,2,2,"DISPLAY_NAME_UNRESOLVED",97,HIGH
8835214,"","Gonçalves Mendez",IDENTITY_FRAGMENT,OnLoan,7771,1390,314909,"RS Futebol C",1486,319158,"Fluminense (PI)",True,30,2001,2004-12-31,Defined,365,2004,30,2004-12-31,2,2,"DISPLAY_NAME_UNRESOLVED",97,HIGH
317230,"","Alberto Wagir",IDENTITY_FRAGMENT,Contracted,3651,752,301123,"Fluminense de Feira FC",752,301123,"Fluminense de Feira FC",False,256,2001,2006-01-31,Defined,30,2006,,,2,1,"DISPLAY_NAME_UNRESOLVED",89,MEDIUM
319313,"","Aldari",IDENTITY_FRAGMENT,Contracted,4027,752,301123,"Fluminense de Feira FC",752,301123,"Fluminense de Feira FC",False,75,2001,2006-01-31,Defined,30,2006,,,2,1,"DISPLAY_NAME_UNRESOLVED",89,MEDIUM
317225,"","Anderson Klayton",IDENTITY_FRAGMENT,Contracted,3647,752,301123,"Fluminense de Feira FC",752,301123,"Fluminense de Feira FC",False,75,2001,2006-01-31,Defined,30,2006,,,2,1,"DISPLAY_NAME_UNRESOLVED",89,MEDIUM
319314,"","Antônio Marcos",IDENTITY_FRAGMENT,Contracted,4028,752,301123,"Fluminense de Feira FC",752,301123,"Fluminense de Feira FC",False,75,2001,2006-01-31,Defined,30,2006,,,2,1,"DISPLAY_NAME_UNRESOLVED",89,MEDIUM
317231,"","Bueno da Costa",IDENTITY_FRAGMENT,Contracted,3652,752,301123,"Fluminense de Feira FC",752,301123,"Fluminense de Feira FC",False,213,2001,2006-01-31,Defined,30,2006,,,1,1,"DISPLAY_NAME_UNRESOLVED",89,MEDIUM
317229,"","Conceição de Jesús Júnior",IDENTITY_FRAGMENT,Contracted,3650,752,301123,"Fluminense de Feira FC",752,301123,"Fluminense de Feira FC",False,358,2001,2006-01-31,Defined,30,2006,,,2,1,"DISPLAY_NAME_UNRESOLVED",89,MEDIUM
317228,"","da Silva Barreto",IDENTITY_FRAGMENT,Contracted,3649,752,301123,"Fluminense de Feira FC",752,301123,"Fluminense de Feira FC",False,153,2001,2006-01-31,Defined,30,2006,,,2,1,"DISPLAY_NAME_UNRESOLVED",89,MEDIUM
319322,"","da Silva Morais",IDENTITY_FRAGMENT,Contracted,4036,752,301123,"Fluminense de Feira FC",752,301123,"Fluminense de Feira FC",False,77,2001,2006-01-31,Defined,30,2006,,,2,1,"DISPLAY_NAME_UNRESOLVED",89,MEDIUM
319325,"","Damasceno Viana Silva",IDENTITY_FRAGMENT,Contracted,4038,752,301123,"Fluminense de Feira FC",752,301123,"Fluminense de Feira FC",False,75,2001,2006-01-31,Defined,30,2006,,,2,1,"DISPLAY_NAME_UNRESOLVED",89,MEDIUM
310694,"","de Córdova",IDENTITY_FRAGMENT,Contracted,2073,752,301123,"Fluminense de Feira FC",752,301123,"Fluminense de Feira FC",False,153,2003,2006-01-31,Defined,30,2006,,,2,1,"DISPLAY_NAME_UNRESOLVED",89,MEDIUM
319315,"","Dorivaldo",IDENTITY_FRAGMENT,Contracted,4029,752,301123,"Fluminense de Feira FC",752,301123,"Fluminense de Feira FC",False,324,2001,2006-01-31,Defined,30,2006,,,2,1,"DISPLAY_NAME_UNRESOLVED",89,MEDIUM
319324,"","Evangelista Brandão",IDENTITY_FRAGMENT,Contracted,4037,752,301123,"Fluminense de Feira FC",752,301123,"Fluminense de Feira FC",False,75,2001,2005-01-31,Defined,30,2005,,,2,1,"DISPLAY_NAME_UNRESOLVED",89,MEDIUM
319317,"","Gildário",IDENTITY_FRAGMENT,Contracted,4031,752,301123,"Fluminense de Feira FC",752,301123,"Fluminense de Feira FC",False,75,2001,2005-01-31,Defined,30,2005,,,2,1,"DISPLAY_NAME_UNRESOLVED",89,MEDIUM
319320,"","Gomes Cruz",IDENTITY_FRAGMENT,Contracted,4034,752,301123,"Fluminense de Feira FC",752,301123,"Fluminense de Feira FC",False,180,2001,2006-01-31,Defined,30,2006,,,2,1,"DISPLAY_NAME_UNRESOLVED",89,MEDIUM
317235,"","Hugo Aparecido",IDENTITY_FRAGMENT,Contracted,3656,752,301123,"Fluminense de Feira FC",752,301123,"Fluminense de Feira FC",False,432,2001,2009-01-31,Defined,30,2009,,,1,1,"DISPLAY_NAME_UNRESOLVED",89,MEDIUM
319318,"","Jean Michel",IDENTITY_FRAGMENT,Contracted,4032,752,301123,"Fluminense de Feira FC",752,301123,"Fluminense de Feira FC",False,348,2001,2006-01-31,Defined,30,2006,,,2,1,"DISPLAY_NAME_UNRESOLVED",89,MEDIUM
319319,"","Jeílson",IDENTITY_FRAGMENT,Contracted,4033,752,301123,"Fluminense de Feira FC",752,301123,"Fluminense de Feira FC",False,75,2001,2006-01-31,Defined,30,2006,,,2,1,"DISPLAY_NAME_UNRESOLVED",89,MEDIUM
315546,"","Maciel Pires",IDENTITY_FRAGMENT,Contracted,2835,752,301123,"Fluminense de Feira FC",752,301123,"Fluminense de Feira FC",False,238,2001,2005-01-31,Defined,30,2005,,,2,1,"DISPLAY_NAME_UNRESOLVED",89,MEDIUM
315581,"","Marcondes",IDENTITY_FRAGMENT,Contracted,2859,752,301123,"Fluminense de Feira FC",752,301123,"Fluminense de Feira FC",False,248,2001,2006-01-31,Defined,30,2006,,,2,1,"DISPLAY_NAME_UNRESOLVED",89,MEDIUM
317238,"","Moreira Leahy",IDENTITY_FRAGMENT,Contracted,3659,752,301123,"Fluminense de Feira FC",752,301123,"Fluminense de Feira FC",False,75,2001,2008-01-31,Defined,30,2008,,,1,1,"DISPLAY_NAME_UNRESOLVED",89,MEDIUM
319321,"","Nascimento das Virgens",IDENTITY_FRAGMENT,Contracted,4035,752,301123,"Fluminense de Feira FC",752,301123,"Fluminense de Feira FC",False,401,2001,2006-01-31,Defined,30,2006,,,2,1,"DISPLAY_NAME_UNRESOLVED",89,MEDIUM
319326,"","Nascimento Silva Júnior",IDENTITY_FRAGMENT,Contracted,4039,752,301123,"Fluminense de Feira FC",752,301123,"Fluminense de Feira FC",False,129,2001,2006-01-31,Defined,30,2006,,,2,1,"DISPLAY_NAME_UNRESOLVED",89,MEDIUM
317237,"","Pereira Porto",IDENTITY_FRAGMENT,Contracted,3658,752,301123,"Fluminense de Feira FC",752,301123,"Fluminense de Feira FC",False,125,2001,2009-01-31,Defined,30,2009,,,1,1,"DISPLAY_NAME_UNRESOLVED",89,MEDIUM
319327,"","Ribeiro Santos",IDENTITY_FRAGMENT,Contracted,4040,752,301123,"Fluminense de Feira FC",752,301123,"Fluminense de Feira FC",False,381,2001,2006-01-31,Defined,30,2006,,,1,1,"DISPLAY_NAME_UNRESOLVED",89,MEDIUM
317224,"","Rodiney",IDENTITY_FRAGMENT,Contracted,3646,752,301123,"Fluminense de Feira FC",752,301123,"Fluminense de Feira FC",False,249,2001,2006-01-31,Defined,30,2006,,,2,1,"DISPLAY_NAME_UNRESOLVED",89,MEDIUM
317239,"","Rodrigues Coelho",IDENTITY_FRAGMENT,Contracted,3660,752,301123,"Fluminense de Feira FC",752,301123,"Fluminense de Feira FC",False,100,2001,2007-01-31,Defined,30,2007,,,1,1,"DISPLAY_NAME_UNRESOLVED",89,MEDIUM
317226,"","Santana Silva",IDENTITY_FRAGMENT,Contracted,3648,752,301123,"Fluminense de Feira FC",752,301123,"Fluminense de Feira FC",False,208,2001,2006-01-31,Defined,30,2006,,,2,1,"DISPLAY_NAME_UNRESOLVED",89,MEDIUM
315582,"","Souza Ramos",IDENTITY_FRAGMENT,Contracted,2860,752,301123,"Fluminense de Feira FC",752,301123,"Fluminense de Feira FC",False,129,2001,2005-01-31,Defined,30,2005,,,2,1,"DISPLAY_NAME_UNRESOLVED",89,MEDIUM
8835098,"","Ademar Braga",IDENTITY_FRAGMENT,Contracted,7656,52,323,"Fluminense FC",52,323,"Fluminense FC",False,660,2001,2009-01-31,Defined,30,2009,,,1,1,"DISPLAY_NAME_UNRESOLVED",89,MEDIUM
315067,"","Adenis",IDENTITY_FRAGMENT,FormationContract,2574,52,323,"Fluminense FC",52,323,"Fluminense FC",False,32,2001,,NotDefined,1,1900,,,2,1,"SENTINEL_END_DATE|DISPLAY_NAME_UNRESOLVED",89,MEDIUM
315081,"","Alan Antônio",IDENTITY_FRAGMENT,Contracted,2587,52,323,"Fluminense FC",52,323,"Fluminense FC",False,366,2001,2006-01-31,Defined,30,2006,,,2,1,"DISPLAY_NAME_UNRESOLVED",89,MEDIUM
2001460,"","Alves de Souza Neto",IDENTITY_FRAGMENT,Contracted,4997,52,323,"Fluminense FC",52,323,"Fluminense FC",False,5290,2004,2004-12-31,Defined,365,2004,,,2,1,"DISPLAY_NAME_UNRESOLVED",89,MEDIUM
8832861,"","Alves dos Anjos",IDENTITY_FRAGMENT,Contracted,7201,52,323,"Fluminense FC",52,323,"Fluminense FC",False,51,2004,2005-01-31,Defined,30,2005,,,2,1,"DISPLAY_NAME_UNRESOLVED",89,MEDIUM
8832845,"","Alves Lira",IDENTITY_FRAGMENT,Contracted,7185,52,323,"Fluminense FC",52,323,"Fluminense FC",False,211,2004,2005-01-31,Defined,30,2005,,,2,1,"DISPLAY_NAME_UNRESOLVED",89,MEDIUM
8832849,"","Amaral Serra",IDENTITY_FRAGMENT,FormationContract,7189,52,323,"Fluminense FC",52,323,"Fluminense FC",False,34,2004,,NotDefined,1,1900,,,2,1,"SENTINEL_END_DATE|DISPLAY_NAME_UNRESOLVED",89,MEDIUM
315078,"","André Reinaldo",IDENTITY_FRAGMENT,Contracted,2584,52,323,"Fluminense FC",52,323,"Fluminense FC",False,335,2001,2006-01-31,Defined,30,2006,,,2,1,"DISPLAY_NAME_UNRESOLVED",89,MEDIUM
302852,"","Antônio Jarbas",IDENTITY_FRAGMENT,Contracted,869,52,323,"Fluminense FC",52,323,"Fluminense FC",False,226,2001,2006-01-31,Defined,30,2006,,,2,1,"DISPLAY_NAME_UNRESOLVED",89,MEDIUM
317305,"","Arouca da Silva",IDENTITY_FRAGMENT,Contracted,3692,52,323,"Fluminense FC",52,323,"Fluminense FC",False,49,2001,2005-01-31,Defined,30,2005,,,2,1,"DISPLAY_NAME_UNRESOLVED",89,MEDIUM
315079,"","Azevedo Rodrigues Marques",IDENTITY_FRAGMENT,FormationContract,2585,52,323,"Fluminense FC",52,323,"Fluminense FC",False,33,2001,,NotDefined,1,1900,,,2,1,"SENTINEL_END_DATE|DISPLAY_NAME_UNRESOLVED",89,MEDIUM
142360,"","Barbosa de Azevedo Terra",IDENTITY_FRAGMENT,Contracted,681,52,323,"Fluminense FC",52,323,"Fluminense FC",False,344,2001,2006-01-31,Defined,30,2006,,,2,1,"DISPLAY_NAME_UNRESOLVED",89,MEDIUM
302942,"","Bebeto de Oliveira",IDENTITY_FRAGMENT,Contracted,873,52,323,"Fluminense FC",52,323,"Fluminense FC",False,660,2001,2007-01-31,Defined,30,2007,,,1,1,"DISPLAY_NAME_UNRESOLVED",89,MEDIUM
8832859,"","Benevides Gonçalves",IDENTITY_FRAGMENT,FormationContract,7199,52,323,"Fluminense FC",52,323,"Fluminense FC",False,33,2004,,NotDefined,1,1900,,,2,1,"SENTINEL_END_DATE|DISPLAY_NAME_UNRESOLVED",89,MEDIUM
320308,"","Bonifácio da Rocha",IDENTITY_FRAGMENT,Contracted,4276,52,323,"Fluminense FC",52,323,"Fluminense FC",False,53,2001,2005-01-31,Defined,30,2005,,,2,1,"DISPLAY_NAME_UNRESOLVED",89,MEDIUM
315085,"","Camello",IDENTITY_FRAGMENT,Contracted,2591,52,323,"Fluminense FC",52,323,"Fluminense FC",False,660,2001,2007-01-31,Defined,30,2007,,,2,1,"DISPLAY_NAME_UNRESOLVED",89,MEDIUM
8832842,"","Cássio Douglas",IDENTITY_FRAGMENT,Contracted,7182,52,323,"Fluminense FC",52,323,"Fluminense FC",False,31,2004,2005-01-31,Defined,30,2005,,,2,1,"DISPLAY_NAME_UNRESOLVED",89,MEDIUM
315065,"","Claudiney Alexandre",IDENTITY_FRAGMENT,Contracted,2572,52,323,"Fluminense FC",52,323,"Fluminense FC",False,221,2001,2006-01-31,Defined,30,2006,,,2,1,"DISPLAY_NAME_UNRESOLVED",89,MEDIUM
315074,"","Cordeiro Ferreira",IDENTITY_FRAGMENT,Contracted,2581,52,323,"Fluminense FC",52,323,"Fluminense FC",False,292,2001,2006-01-31,Defined,30,2006,,,2,1,"DISPLAY_NAME_UNRESOLVED",89,MEDIUM
8835099,"","Cristóvão Borges",IDENTITY_FRAGMENT,Contracted,7657,52,323,"Fluminense FC",52,323,"Fluminense FC",False,660,2001,2007-01-31,Defined,30,2007,,,1,1,"DISPLAY_NAME_UNRESOLVED",89,MEDIUM
315086,"","Cruz Barreiro",IDENTITY_FRAGMENT,Contracted,2592,52,323,"Fluminense FC",52,323,"Fluminense FC",False,113,2001,2005-01-31,Defined,30,2005,,,2,1,"DISPLAY_NAME_UNRESOLVED",89,MEDIUM
8832860,"","da Cruz Almeida",IDENTITY_FRAGMENT,Contracted,7200,52,323,"Fluminense FC",52,323,"Fluminense FC",False,51,2004,2005-01-31,Defined,30,2005,,,2,1,"DISPLAY_NAME_UNRESOLVED",89,MEDIUM
3301480,"","da Silva e Souza",IDENTITY_FRAGMENT,Contracted,5776,52,323,"Fluminense FC",52,323,"Fluminense FC",False,365,2001,2006-01-31,Defined,30,2006,,,2,1,"DISPLAY_NAME_UNRESOLVED",89,MEDIUM
8832855,"","da Silva Nuss",IDENTITY_FRAGMENT,Contracted,7195,52,323,"Fluminense FC",52,323,"Fluminense FC",False,51,2004,2005-01-31,Defined,30,2005,,,2,1,"DISPLAY_NAME_UNRESOLVED",89,MEDIUM
308881,"","de Lira Tinoco",IDENTITY_FRAGMENT,Contracted,1957,52,323,"Fluminense FC",52,323,"Fluminense FC",False,75,2003,2006-01-31,Defined,30,2006,,,1,1,"DISPLAY_NAME_UNRESOLVED",89,MEDIUM
8832843,"","de Oliveira Dias",IDENTITY_FRAGMENT,Contracted,7183,52,323,"Fluminense FC",52,323,"Fluminense FC",False,68,2004,2005-01-31,Defined,30,2005,,,2,1,"DISPLAY_NAME_UNRESOLVED",89,MEDIUM
8830373,"","de Souza Andrade",IDENTITY_FRAGMENT,Contracted,7060,52,323,"Fluminense FC",52,323,"Fluminense FC",False,75,2001,2005-01-31,Defined,30,2005,,,2,1,"DISPLAY_NAME_UNRESOLVED",89,MEDIUM
142362,"","dos Anjos",IDENTITY_FRAGMENT,Contracted,683,52,323,"Fluminense FC",52,323,"Fluminense FC",False,342,2001,2005-01-31,Defined,30,2005,,,2,1,"DISPLAY_NAME_UNRESOLVED",89,MEDIUM
315262,"","dos Santos Aguiar",IDENTITY_FRAGMENT,Contracted,2724,52,323,"Fluminense FC",52,323,"Fluminense FC",False,75,2004,2007-12-31,Defined,364,2007,,,2,1,"DISPLAY_NAME_UNRESOLVED",89,MEDIUM
312251,"","dos Santos Soares",IDENTITY_FRAGMENT,Contracted,2536,52,323,"Fluminense FC",52,323,"Fluminense FC",False,204,2001,2005-01-31,Defined,30,2005,,,2,1,"DISPLAY_NAME_UNRESOLVED",89,MEDIUM
306963,"","Édson Cegonha",IDENTITY_FRAGMENT,Contracted,1745,52,323,"Fluminense FC",52,323,"Fluminense FC",False,840,2001,2008-01-31,Defined,30,2008,,,1,1,"DISPLAY_NAME_UNRESOLVED",89,MEDIUM
315083,"","Fábio Bala",IDENTITY_FRAGMENT,Contracted,2589,52,323,"Fluminense FC",52,323,"Fluminense FC",False,624,2001,2006-01-31,Defined,30,2006,,,2,1,"DISPLAY_NAME_UNRESOLVED",89,MEDIUM
8835100,"","Falavigna Santos",IDENTITY_FRAGMENT,Contracted,7658,52,323,"Fluminense FC",52,323,"Fluminense FC",False,660,2001,2007-01-31,Defined,30,2007,,,2,1,"DISPLAY_NAME_UNRESOLVED",89,MEDIUM
311179,"","Favilla",IDENTITY_FRAGMENT,Contracted,2283,52,323,"Fluminense FC",52,323,"Fluminense FC",False,660,2001,2007-01-31,Defined,30,2007,,,1,1,"DISPLAY_NAME_UNRESOLVED",89,MEDIUM
315064,"","Ferreira Francisco",IDENTITY_FRAGMENT,Contracted,2571,52,323,"Fluminense FC",52,323,"Fluminense FC",False,54,2001,2005-01-31,Defined,30,2005,,,2,1,"DISPLAY_NAME_UNRESOLVED",89,MEDIUM
8832840,"","Ferreira Ventura",IDENTITY_FRAGMENT,Contracted,7180,52,323,"Fluminense FC",52,323,"Fluminense FC",False,54,2004,2005-01-31,Defined,30,2005,,,2,1,"DISPLAY_NAME_UNRESOLVED",89,MEDIUM
315084,"","Franciélio",IDENTITY_FRAGMENT,Contracted,2590,52,323,"Fluminense FC",52,323,"Fluminense FC",False,220,2001,2006-01-31,Defined,30,2006,,,1,1,"DISPLAY_NAME_UNRESOLVED",89,MEDIUM
315066,"","Francisco Antônio",IDENTITY_FRAGMENT,Contracted,2573,52,323,"Fluminense FC",52,323,"Fluminense FC",False,75,2001,2006-01-31,Defined,30,2006,,,2,1,"DISPLAY_NAME_UNRESOLVED",89,MEDIUM
6900181,"","Galera Flores",IDENTITY_FRAGMENT,OnLoan,6519,325,1487,"Sport Lisboa e Benfica",52,323,"Fluminense FC",True,15000,2000,2006-06-30,Defined,180,2006,15000,2004-12-31,2,2,"DISPLAY_NAME_UNRESOLVED",97,HIGH
311180,"","Gallo",IDENTITY_FRAGMENT,Contracted,2284,52,323,"Fluminense FC",52,323,"Fluminense FC",False,360,2001,2008-01-31,Defined,30,2008,,,1,1,"DISPLAY_NAME_UNRESOLVED",89,MEDIUM
8825100,"","Gênio",IDENTITY_FRAGMENT,Contracted,6735,52,323,"Fluminense FC",52,323,"Fluminense FC",False,581,2001,2008-01-31,Defined,30,2008,,,2,1,"DISPLAY_NAME_UNRESOLVED",89,MEDIUM
8832848,"","Gílson Felipe",IDENTITY_FRAGMENT,Contracted,7188,52,323,"Fluminense FC",52,323,"Fluminense FC",False,49,2004,2005-01-31,Defined,30,2005,,,2,1,"DISPLAY_NAME_UNRESOLVED",89,MEDIUM
315072,"","Grehs",IDENTITY_FRAGMENT,Contracted,2579,52,323,"Fluminense FC",52,323,"Fluminense FC",False,75,2001,2006-01-31,Defined,30,2006,,,2,1,"DISPLAY_NAME_UNRESOLVED",89,MEDIUM
3301487,"","Guerra Marques",IDENTITY_FRAGMENT,Contracted,5778,52,323,"Fluminense FC",52,323,"Fluminense FC",False,362,2002,2005-01-31,Defined,30,2005,,,2,1,"DISPLAY_NAME_UNRESOLVED",89,MEDIUM
317444,"","Helvécio",IDENTITY_FRAGMENT,Contracted,3724,52,323,"Fluminense FC",52,323,"Fluminense FC",False,660,2001,2007-01-31,Defined,30,2007,,,1,1,"DISPLAY_NAME_UNRESOLVED",89,MEDIUM
305497,"","Irapuan Cláudio",IDENTITY_FRAGMENT,Contracted,1381,52,323,"Fluminense FC",52,323,"Fluminense FC",False,75,2001,2006-01-31,Defined,30,2006,,,1,1,"DISPLAY_NAME_UNRESOLVED",89,MEDIUM
310623,"","Jancarlos",IDENTITY_FRAGMENT,Contracted,2056,52,323,"Fluminense FC",52,323,"Fluminense FC",False,258,2002,2005-06-30,Defined,180,2005,,,2,1,"DISPLAY_NAME_UNRESOLVED",89,MEDIUM
303973,"","Jocian",IDENTITY_FRAGMENT,Contracted,1008,52,323,"Fluminense FC",52,323,"Fluminense FC",False,294,2001,2006-01-31,Defined,30,2006,,,1,1,"DISPLAY_NAME_UNRESOLVED",89,MEDIUM
5720391,"","Josemar",IDENTITY_FRAGMENT,Contracted,6328,52,323,"Fluminense FC",52,323,"Fluminense FC",False,398,2004,2006-01-31,Defined,30,2006,,,1,1,"DISPLAY_NAME_UNRESOLVED",89,MEDIUM
320765,"","Juliano João",IDENTITY_FRAGMENT,Contracted,4370,52,323,"Fluminense FC",52,323,"Fluminense FC",False,51,2001,2005-01-31,Defined,30,2005,,,2,1,"DISPLAY_NAME_UNRESOLVED",89,MEDIUM
303475,"","Juliano Roberto",IDENTITY_FRAGMENT,Contracted,937,52,323,"Fluminense FC",52,323,"Fluminense FC",False,396,2004,2005-01-04,Defined,3,2005,,,2,1,"DISPLAY_NAME_UNRESOLVED",89,MEDIUM
142361,"","Júnior César Eduardo",IDENTITY_FRAGMENT,Contracted,682,52,323,"Fluminense FC",52,323,"Fluminense FC",False,900,2001,2006-01-31,Defined,30,2006,,,2,1,"DISPLAY_NAME_UNRESOLVED",89,MEDIUM
315222,"","Laerte",IDENTITY_FRAGMENT,OnLoan,2692,945,309137,"Boavista (RJ)",52,323,"Fluminense FC",True,116,2004,2006-01-31,Defined,30,2006,116,2004-12-31,2,2,"DISPLAY_NAME_UNRESOLVED",97,HIGH
320577,"","Lenny",IDENTITY_FRAGMENT,FormationContract,4340,52,323,"Fluminense FC",52,323,"Fluminense FC",False,30,2001,,NotDefined,1,1900,,,2,1,"SENTINEL_END_DATE|DISPLAY_NAME_UNRESOLVED",89,MEDIUM
127913,"","Leonardo Moura",IDENTITY_FRAGMENT,Contracted,625,52,323,"Fluminense FC",52,323,"Fluminense FC",False,934,2004,2004-12-31,Defined,365,2004,,,2,1,"DISPLAY_NAME_UNRESOLVED",89,MEDIUM
142364,"","Macedo",IDENTITY_FRAGMENT,Contracted,685,52,323,"Fluminense FC",52,323,"Fluminense FC",False,3197,2001,2006-01-31,Defined,30,2006,,,2,1,"DISPLAY_NAME_UNRESOLVED",89,MEDIUM
8832851,"","Madissom",IDENTITY_FRAGMENT,FormationContract,7191,52,323,"Fluminense FC",52,323,"Fluminense FC",False,33,2004,,NotDefined,1,1900,,,2,1,"SENTINEL_END_DATE|DISPLAY_NAME_UNRESOLVED",89,MEDIUM
8832852,"","Maicon Thiago",IDENTITY_FRAGMENT,Contracted,7192,52,323,"Fluminense FC",52,323,"Fluminense FC",False,254,2004,2005-01-31,Defined,30,2005,,,2,1,"DISPLAY_NAME_UNRESOLVED",89,MEDIUM
141933,"","Maldonado Jaimez Júnior",IDENTITY_FRAGMENT,Contracted,673,52,323,"Fluminense FC",52,323,"Fluminense FC",False,75,2004,2005-12-31,Defined,364,2005,,,1,1,"DISPLAY_NAME_UNRESOLVED",89,MEDIUM
8832885,"","Marcos Leandro",IDENTITY_FRAGMENT,OnLoan,7223,527,104870,"Olaria AC",52,323,"Fluminense FC",True,339,2004,2006-01-31,Defined,30,2006,339,2005-12-31,2,2,"DISPLAY_NAME_UNRESOLVED",97,HIGH
8829876,"","Mauro Rafael",IDENTITY_FRAGMENT,OnLoan,6956,1390,314909,"RS Futebol C",52,323,"Fluminense FC",True,557,2001,2005-01-31,Defined,30,2005,557,2004-12-31,2,2,"DISPLAY_NAME_UNRESOLVED",97,HIGH
315068,"","Melo da Silva",IDENTITY_FRAGMENT,Contracted,2575,52,323,"Fluminense FC",52,323,"Fluminense FC",False,75,2001,2006-01-31,Defined,30,2006,,,2,1,"DISPLAY_NAME_UNRESOLVED",89,MEDIUM
3301191,"","Menezes Hubner",IDENTITY_FRAGMENT,Contracted,5651,52,323,"Fluminense FC",52,323,"Fluminense FC",False,4230,2004,2004-12-31,Defined,365,2004,,,2,1,"DISPLAY_NAME_UNRESOLVED",89,MEDIUM
311933,"","Mineiro",IDENTITY_FRAGMENT,OnLoan,2490,56,327,"EC Juventude",52,323,"Fluminense FC",True,348,2002,2005-12-31,Defined,364,2005,348,2004-12-31,2,2,"DISPLAY_NAME_UNRESOLVED",97,HIGH
3300227,"","Odvan",IDENTITY_FRAGMENT,Contracted,5299,52,323,"Fluminense FC",52,323,"Fluminense FC",False,4166,2004,2005-01-31,Defined,30,2005,,,2,1,"DISPLAY_NAME_UNRESOLVED",89,MEDIUM
315082,"","Pereira de Viveiroa",IDENTITY_FRAGMENT,Contracted,2588,52,323,"Fluminense FC",52,323,"Fluminense FC",False,75,2001,2006-01-31,Defined,30,2006,,,2,1,"DISPLAY_NAME_UNRESOLVED",89,MEDIUM
315080,"","Pinceli",IDENTITY_FRAGMENT,Contracted,2586,52,323,"Fluminense FC",52,323,"Fluminense FC",False,237,2001,2006-01-31,Defined,30,2006,,,2,1,"DISPLAY_NAME_UNRESOLVED",89,MEDIUM
302846,"","Quinhone",IDENTITY_FRAGMENT,Contracted,865,52,323,"Fluminense FC",52,323,"Fluminense FC",False,212,2001,2006-01-31,Defined,30,2006,,,2,1,"DISPLAY_NAME_UNRESOLVED",89,MEDIUM
8832856,"","Radamés",IDENTITY_FRAGMENT,Contracted,7196,52,323,"Fluminense FC",52,323,"Fluminense FC",False,127,2004,2005-01-31,Defined,30,2005,,,2,1,"DISPLAY_NAME_UNRESOLVED",89,MEDIUM
315073,"","Rafael Estevam",IDENTITY_FRAGMENT,Contracted,2580,52,323,"Fluminense FC",52,323,"Fluminense FC",False,178,2001,2006-01-31,Defined,30,2006,,,2,1,"DISPLAY_NAME_UNRESOLVED",89,MEDIUM
8832858,"","Ramos Fernandes",IDENTITY_FRAGMENT,Contracted,7198,52,323,"Fluminense FC",52,323,"Fluminense FC",False,217,2003,2006-02-28,Defined,58,2006,,,2,1,"DISPLAY_NAME_UNRESOLVED",89,MEDIUM
308415,"","Ricardo Roberto",IDENTITY_FRAGMENT,Contracted,1934,52,323,"Fluminense FC",52,323,"Fluminense FC",False,770,2001,2009-01-31,Defined,30,2009,,,2,1,"DISPLAY_NAME_UNRESOLVED",89,MEDIUM
315077,"","Rodger Back",IDENTITY_FRAGMENT,Contracted,2583,52,323,"Fluminense FC",52,323,"Fluminense FC",False,383,2001,2006-01-31,Defined,30,2006,,,2,1,"DISPLAY_NAME_UNRESOLVED",89,MEDIUM
315075,"","Rosa Ferreira",IDENTITY_FRAGMENT,Contracted,2582,52,323,"Fluminense FC",52,323,"Fluminense FC",False,193,2001,2005-01-31,Defined,30,2005,,,2,1,"DISPLAY_NAME_UNRESOLVED",89,MEDIUM
8832841,"","Rosa Vidal Santos",IDENTITY_FRAGMENT,Contracted,7181,52,323,"Fluminense FC",52,323,"Fluminense FC",False,66,2004,2005-01-31,Defined,30,2005,,,2,1,"DISPLAY_NAME_UNRESOLVED",89,MEDIUM
8832857,"","Santos dos Anjos",IDENTITY_FRAGMENT,Contracted,7197,52,323,"Fluminense FC",52,323,"Fluminense FC",False,214,2004,2005-01-31,Defined,30,2005,,,2,1,"DISPLAY_NAME_UNRESOLVED",89,MEDIUM
302834,"","Silva de Azevedo",IDENTITY_FRAGMENT,Contracted,864,52,323,"Fluminense FC",52,323,"Fluminense FC",False,346,2000,2006-01-31,Defined,30,2006,,,2,1,"DISPLAY_NAME_UNRESOLVED",89,MEDIUM
8832844,"","Silva Marjori",IDENTITY_FRAGMENT,FormationContract,7184,52,323,"Fluminense FC",52,323,"Fluminense FC",False,30,2004,,NotDefined,1,1900,,,2,1,"SENTINEL_END_DATE|DISPLAY_NAME_UNRESOLVED",89,MEDIUM
311178,"","Simoni",IDENTITY_FRAGMENT,Contracted,2282,52,323,"Fluminense FC",52,323,"Fluminense FC",False,360,2001,2007-01-31,Defined,30,2007,,,1,1,"DISPLAY_NAME_UNRESOLVED",89,MEDIUM
8832846,"","Souza Reis",IDENTITY_FRAGMENT,Contracted,7186,52,323,"Fluminense FC",52,323,"Fluminense FC",False,75,2003,2005-12-31,Defined,364,2005,,,2,1,"DISPLAY_NAME_UNRESOLVED",89,MEDIUM
8834911,"","Torreira da Gama Lima",IDENTITY_FRAGMENT,Contracted,7632,52,323,"Fluminense FC",52,323,"Fluminense FC",False,1520,2001,2009-01-31,Defined,30,2009,,,2,1,"DISPLAY_NAME_UNRESOLVED",89,MEDIUM
304045,"","Victor Lucky",IDENTITY_FRAGMENT,OnLoan,1033,579,107228,"CF Zico (RJ)",52,323,"Fluminense FC",True,304,1997,2006-01-31,Defined,30,2006,304,2004-12-31,1,2,"DISPLAY_NAME_UNRESOLVED",97,HIGH
8832853,"","Vieira da Silva Júnior",IDENTITY_FRAGMENT,FormationContract,7193,52,323,"Fluminense FC",52,323,"Fluminense FC",False,36,2004,,NotDefined,1,1900,,,2,1,"SENTINEL_END_DATE|DISPLAY_NAME_UNRESOLVED",89,MEDIUM
304745,"","Álvaro Márcio",IDENTITY_FRAGMENT,Contracted,1240,111,505,"Football Club Copenhaga",111,505,"Football Club Copenhaga",False,5500,2003,2008-06-30,Defined,181,2008,,,1,1,"DISPLAY_NAME_UNRESOLVED",89,MEDIUM
7500604,"","Agnaldo",IDENTITY_FRAGMENT,Contracted,6614,523,104750,"Fortaleza EC",523,104750,"Fortaleza EC",False,1188,2004,2005-12-31,Defined,364,2005,,,2,1,"DISPLAY_NAME_UNRESOLVED",89,MEDIUM
3301324,"","Albérico",IDENTITY_FRAGMENT,Contracted,5729,523,104750,"Fortaleza EC",523,104750,"Fortaleza EC",False,223,2004,2004-12-10,Defined,344,2004,,,2,1,"DISPLAY_NAME_UNRESOLVED",89,MEDIUM
318768,"","Alyson Robério",IDENTITY_FRAGMENT,Contracted,3951,523,104750,"Fortaleza EC",523,104750,"Fortaleza EC",False,576,2001,2006-01-31,Defined,30,2006,,,2,1,"DISPLAY_NAME_UNRESOLVED",89,MEDIUM
315864,"","Batista Santana",IDENTITY_FRAGMENT,Contracted,2963,523,104750,"Fortaleza EC",523,104750,"Fortaleza EC",False,164,2004,2006-01-31,Defined,30,2006,,,2,1,"DISPLAY_NAME_UNRESOLVED",89,MEDIUM
312555,"","Betti Rosa",IDENTITY_FRAGMENT,Contracted,2561,523,104750,"Fortaleza EC",523,104750,"Fortaleza EC",False,121,2004,2004-12-10,Defined,344,2004,,,2,1,"DISPLAY_NAME_UNRESOLVED",89,MEDIUM
310910,"","Braghin",IDENTITY_FRAGMENT,Contracted,2150,523,104750,"Fortaleza EC",523,104750,"Fortaleza EC",False,158,2004,2004-12-31,Defined,365,2004,,,2,1,"DISPLAY_NAME_UNRESOLVED",89,MEDIUM
3300557,"","Carvalho da Silva Neto",IDENTITY_FRAGMENT,Contracted,5384,523,104750,"Fortaleza EC",523,104750,"Fortaleza EC",False,213,2004,2006-01-31,Defined,30,2006,,,2,1,"DISPLAY_NAME_UNRESOLVED",89,MEDIUM
315968,"","da Silveira Távora Neto",IDENTITY_FRAGMENT,Contracted,3013,523,104750,"Fortaleza EC",523,104750,"Fortaleza EC",False,75,2001,2007-01-31,Defined,30,2007,,,1,1,"DISPLAY_NAME_UNRESOLVED",89,MEDIUM
315575,"","Damasceno",IDENTITY_FRAGMENT,Contracted,2854,523,104750,"Fortaleza EC",523,104750,"Fortaleza EC",False,206,2004,2004-12-24,Defined,358,2004,,,2,1,"DISPLAY_NAME_UNRESOLVED",89,MEDIUM
8833547,"","Daniel José",IDENTITY_FRAGMENT,Contracted,7400,523,104750,"Fortaleza EC",523,104750,"Fortaleza EC",False,276,2003,2005-12-24,Defined,357,2005,,,2,1,"DISPLAY_NAME_UNRESOLVED",89,MEDIUM
316164,"","Daniel Sobralense",IDENTITY_FRAGMENT,OnLoan,3121,1046,310642,"Guarany de Sobral",523,104750,"Fortaleza EC",True,312,2003,2006-12-31,Defined,364,2006,312,2004-12-29,2,2,"DISPLAY_NAME_UNRESOLVED",97,HIGH
3301331,"","de Freitas Chaves",IDENTITY_FRAGMENT,OnLoan,5733,67,338,"Sport C Recife",523,104750,"Fortaleza EC",True,358,2004,2004-12-31,Defined,365,2004,358,2004-12-31,2,2,"DISPLAY_NAME_UNRESOLVED",97,HIGH
317283,"","de Oliveira Krauss",IDENTITY_FRAGMENT,OnLoan,3675,66,337,"São Paulo FC",523,104750,"Fortaleza EC",True,403,2003,2007-08-15,Defined,226,2007,403,2004-12-31,2,2,"DISPLAY_NAME_UNRESOLVED",97,HIGH
319217,"","do Vale",IDENTITY_FRAGMENT,Contracted,3984,523,104750,"Fortaleza EC",523,104750,"Fortaleza EC",False,75,2003,2006-12-24,Defined,357,2006,,,1,1,"DISPLAY_NAME_UNRESOLVED",89,MEDIUM
315959,"","Dude",IDENTITY_FRAGMENT,Contracted,3005,523,104750,"Fortaleza EC",523,104750,"Fortaleza EC",False,497,2003,2004-12-24,Defined,358,2004,,,2,1,"DISPLAY_NAME_UNRESOLVED",89,MEDIUM
6900108,"","Edemar Antônio",IDENTITY_FRAGMENT,Contracted,6474,523,104750,"Fortaleza EC",523,104750,"Fortaleza EC",False,115,2004,2006-01-31,Defined,30,2006,,,2,1,"DISPLAY_NAME_UNRESOLVED",89,MEDIUM
3301349,"","Émerson Roberto",IDENTITY_FRAGMENT,Contracted,5744,523,104750,"Fortaleza EC",523,104750,"Fortaleza EC",False,476,2004,2004-12-10,Defined,344,2004,,,2,1,"DISPLAY_NAME_UNRESOLVED",89,MEDIUM
318769,"","Ferreira Gadelha",IDENTITY_FRAGMENT,Contracted,3952,523,104750,"Fortaleza EC",523,104750,"Fortaleza EC",False,352,2003,2004-12-24,Defined,358,2004,,,2,1,"DISPLAY_NAME_UNRESOLVED",89,MEDIUM
304067,"","Francisco Carlos",IDENTITY_FRAGMENT,Contracted,1036,523,104750,"Fortaleza EC",523,104750,"Fortaleza EC",False,407,2001,2005-12-31,Defined,364,2005,,,2,1,"DISPLAY_NAME_UNRESOLVED",89,MEDIUM
2001642,"","Francisco Clodoaldo",IDENTITY_FRAGMENT,Contracted,5014,523,104750,"Fortaleza EC",523,104750,"Fortaleza EC",False,1213,2001,2005-12-31,Defined,364,2005,,,2,1,"DISPLAY_NAME_UNRESOLVED",89,MEDIUM
307041,"","Francisco Dino",IDENTITY_FRAGMENT,Contracted,1778,523,104750,"Fortaleza EC",523,104750,"Fortaleza EC",False,384,2003,2004-12-24,Defined,358,2004,,,2,1,"DISPLAY_NAME_UNRESOLVED",89,MEDIUM
311054,"","Francisco Erandir",IDENTITY_FRAGMENT,Contracted,2214,523,104750,"Fortaleza EC",523,104750,"Fortaleza EC",False,463,2001,2005-12-31,Defined,364,2005,,,1,1,"DISPLAY_NAME_UNRESOLVED",89,MEDIUM
316342,"","Francisco Euzimar",IDENTITY_FRAGMENT,Contracted,3214,523,104750,"Fortaleza EC",523,104750,"Fortaleza EC",False,316,2004,2004-12-24,Defined,358,2004,,,2,1,"DISPLAY_NAME_UNRESOLVED",89,MEDIUM
315958,"","Francisco Gilcivânio",IDENTITY_FRAGMENT,Contracted,3004,523,104750,"Fortaleza EC",523,104750,"Fortaleza EC",False,75,2000,2005-09-14,Defined,256,2005,,,2,1,"DISPLAY_NAME_UNRESOLVED",89,MEDIUM
318767,"","Francisco Sérgio",IDENTITY_FRAGMENT,Contracted,3950,523,104750,"Fortaleza EC",523,104750,"Fortaleza EC",False,241,2002,2004-12-31,Defined,365,2004,,,2,1,"DISPLAY_NAME_UNRESOLVED",89,MEDIUM
315957,"","Guimarães Souza",IDENTITY_FRAGMENT,Contracted,3003,523,104750,"Fortaleza EC",523,104750,"Fortaleza EC",False,149,2001,2005-01-31,Defined,30,2005,,,2,1,"DISPLAY_NAME_UNRESOLVED",89,MEDIUM
304471,"","Jean Carlos",IDENTITY_FRAGMENT,Contracted,1153,523,104750,"Fortaleza EC",523,104750,"Fortaleza EC",False,736,2004,2005-01-31,Defined,30,2005,,,2,1,"DISPLAY_NAME_UNRESOLVED",89,MEDIUM
315960,"","Jessuí",IDENTITY_FRAGMENT,Contracted,3006,523,104750,"Fortaleza EC",523,104750,"Fortaleza EC",False,272,2001,2006-01-31,Defined,30,2006,,,2,1,"DISPLAY_NAME_UNRESOLVED",89,MEDIUM
320243,"","Julião",IDENTITY_FRAGMENT,Contracted,4243,523,104750,"Fortaleza EC",523,104750,"Fortaleza EC",False,198,2001,2009-01-31,Defined,30,2009,,,1,1,"DISPLAY_NAME_UNRESOLVED",89,MEDIUM
315586,"","Júnio Augusto",IDENTITY_FRAGMENT,Contracted,2863,523,104750,"Fortaleza EC",523,104750,"Fortaleza EC",False,148,2004,2004-12-31,Defined,365,2004,,,2,1,"DISPLAY_NAME_UNRESOLVED",89,MEDIUM
315966,"","Marques Nunes",IDENTITY_FRAGMENT,Contracted,3011,523,104750,"Fortaleza EC",523,104750,"Fortaleza EC",False,132,2001,2008-01-31,Defined,30,2008,,,1,1,"DISPLAY_NAME_UNRESOLVED",89,MEDIUM
2016871,"","Martins Dinelli",IDENTITY_FRAGMENT,Contracted,5134,523,104750,"Fortaleza EC",523,104750,"Fortaleza EC",False,1044,2004,2004-12-24,Defined,358,2004,,,2,1,"DISPLAY_NAME_UNRESOLVED",89,MEDIUM
6900049,"","Mauro Fernandes",IDENTITY_FRAGMENT,Contracted,6432,523,104750,"Fortaleza EC",523,104750,"Fortaleza EC",False,760,2001,2009-01-31,Defined,30,2009,,,2,1,"DISPLAY_NAME_UNRESOLVED",89,MEDIUM
301839,"","Neves de Freitas",IDENTITY_FRAGMENT,Contracted,747,523,104750,"Fortaleza EC",523,104750,"Fortaleza EC",False,216,2004,2006-01-31,Defined,30,2006,,,2,1,"DISPLAY_NAME_UNRESOLVED",89,MEDIUM
315969,"","Rodrigues de Almeida",IDENTITY_FRAGMENT,Contracted,3014,523,104750,"Fortaleza EC",523,104750,"Fortaleza EC",False,75,2001,2007-01-31,Defined,30,2007,,,1,1,"DISPLAY_NAME_UNRESOLVED",89,MEDIUM
315967,"","Salvino Damião",IDENTITY_FRAGMENT,Contracted,3012,523,104750,"Fortaleza EC",523,104750,"Fortaleza EC",False,132,2001,2007-01-31,Defined,30,2007,,,1,1,"DISPLAY_NAME_UNRESOLVED",89,MEDIUM
311399,"","Simões Angelim",IDENTITY_FRAGMENT,Contracted,2373,523,104750,"Fortaleza EC",523,104750,"Fortaleza EC",False,802,2002,2004-12-20,Defined,354,2004,,,2,1,"DISPLAY_NAME_UNRESOLVED",89,MEDIUM
302490,"","Torrezan",IDENTITY_FRAGMENT,OnLoan,820,66,337,"São Paulo FC",523,104750,"Fortaleza EC",True,274,2001,2006-01-31,Defined,30,2006,274,2004-12-31,1,2,"DISPLAY_NAME_UNRESOLVED",97,HIGH
316209,"","Wanderson Bruno",IDENTITY_FRAGMENT,Contracted,3140,523,104750,"Fortaleza EC",523,104750,"Fortaleza EC",False,364,2004,2004-12-24,Defined,358,2004,,,2,1,"DISPLAY_NAME_UNRESOLVED",89,MEDIUM
311264,"","Joaquim",IDENTITY_FRAGMENT,Contracted,2330,801,301216,"Francisco Beltrão FC",801,301216,"Francisco Beltrão FC",False,250,2001,2009-01-31,Defined,30,2009,,,2,1,"DISPLAY_NAME_UNRESOLVED",89,MEDIUM
315941,"","Marcelo Régis",IDENTITY_FRAGMENT,Contracted,2990,801,301216,"Francisco Beltrão FC",801,301216,"Francisco Beltrão FC",False,390,2001,2006-01-31,Defined,30,2006,,,2,1,"DISPLAY_NAME_UNRESOLVED",89,MEDIUM
315428,"","Aparício dos Santos",IDENTITY_FRAGMENT,Contracted,2788,571,107212,"Friburguense AC",571,107212,"Friburguense AC",False,202,2001,2006-01-31,Defined,30,2006,,,2,1,"DISPLAY_NAME_UNRESOLVED",89,MEDIUM
315422,"","Baltazar",IDENTITY_FRAGMENT,Contracted,2786,571,107212,"Friburguense AC",571,107212,"Friburguense AC",False,75,2001,2006-01-31,Defined,30,2006,,,2,1,"DISPLAY_NAME_UNRESOLVED",89,MEDIUM
8833548,"","da Cruz de Oliveira",IDENTITY_FRAGMENT,Contracted,7401,571,107212,"Friburguense AC",571,107212,"Friburguense AC",False,188,2001,2006-01-31,Defined,30,2006,,,2,1,"DISPLAY_NAME_UNRESOLVED",89,MEDIUM
311680,"","da Silva Guerra",IDENTITY_FRAGMENT,Contracted,2410,571,107212,"Friburguense AC",571,107212,"Friburguense AC",False,608,2001,2006-01-31,Defined,30,2006,,,2,1,"DISPLAY_NAME_UNRESOLVED",89,MEDIUM
311087,"","de Oliveira Andrade",IDENTITY_FRAGMENT,Contracted,2234,571,107212,"Friburguense AC",571,107212,"Friburguense AC",False,202,2001,2006-01-31,Defined,30,2006,,,2,1,"DISPLAY_NAME_UNRESOLVED",89,MEDIUM
3300690,"","Dias de Amorim",IDENTITY_FRAGMENT,Contracted,5438,571,107212,"Friburguense AC",571,107212,"Friburguense AC",False,202,2001,2006-01-31,Defined,30,2006,,,2,1,"DISPLAY_NAME_UNRESOLVED",89,MEDIUM
6900170,"","Elmo",IDENTITY_FRAGMENT,OnLoan,6515,901,303018,"CRA Catalano",571,107212,"Friburguense AC",True,192,2001,2006-01-31,Defined,30,2006,192,2004-12-31,2,2,"DISPLAY_NAME_UNRESOLVED",97,HIGH
3300719,"","Felgueiras",IDENTITY_FRAGMENT,Contracted,5452,571,107212,"Friburguense AC",571,107212,"Friburguense AC",False,125,2001,2007-01-31,Defined,30,2007,,,1,1,"DISPLAY_NAME_UNRESOLVED",89,MEDIUM
311682,"","Fernandes Miranda",IDENTITY_FRAGMENT,Contracted,2412,571,107212,"Friburguense AC",571,107212,"Friburguense AC",False,75,2001,2006-01-31,Defined,30,2006,,,2,1,"DISPLAY_NAME_UNRESOLVED",89,MEDIUM
311681,"","Flávio Luiz",IDENTITY_FRAGMENT,Contracted,2411,571,107212,"Friburguense AC",571,107212,"Friburguense AC",False,433,2001,2006-01-31,Defined,30,2006,,,2,1,"DISPLAY_NAME_UNRESOLVED",89,MEDIUM
8827040,"","Francisco Eleazar",IDENTITY_FRAGMENT,Contracted,6864,571,107212,"Friburguense AC",571,107212,"Friburguense AC",False,228,2001,2006-01-31,Defined,30,2006,,,1,1,"DISPLAY_NAME_UNRESOLVED",89,MEDIUM
3300709,"","Gerônimo",IDENTITY_FRAGMENT,Contracted,5447,571,107212,"Friburguense AC",571,107212,"Friburguense AC",False,246,2003,2006-01-31,Defined,30,2006,,,1,1,"DISPLAY_NAME_UNRESOLVED",89,MEDIUM
3300597,"","Gomes da Conceição",IDENTITY_FRAGMENT,Contracted,5394,571,107212,"Friburguense AC",571,107212,"Friburguense AC",False,329,2004,2006-01-31,Defined,30,2006,,,2,1,"DISPLAY_NAME_UNRESOLVED",89,MEDIUM
3300688,"","Guindani Soares",IDENTITY_FRAGMENT,Contracted,5437,571,107212,"Friburguense AC",571,107212,"Friburguense AC",False,194,2001,2006-01-31,Defined,30,2006,,,2,1,"DISPLAY_NAME_UNRESOLVED",89,MEDIUM
3300701,"","José Romário",IDENTITY_FRAGMENT,Contracted,5443,571,107212,"Friburguense AC",571,107212,"Friburguense AC",False,119,2004,2005-01-31,Defined,30,2005,,,2,1,"DISPLAY_NAME_UNRESOLVED",89,MEDIUM
3300720,"","Marcondes",IDENTITY_FRAGMENT,Contracted,5453,571,107212,"Friburguense AC",571,107212,"Friburguense AC",False,50,2001,2007-01-31,Defined,30,2007,,,1,1,"DISPLAY_NAME_UNRESOLVED",89,MEDIUM
3300702,"","Martins Ribeiro",IDENTITY_FRAGMENT,Contracted,5444,571,107212,"Friburguense AC",571,107212,"Friburguense AC",False,99,2001,2006-01-31,Defined,30,2006,,,2,1,"DISPLAY_NAME_UNRESOLVED",89,MEDIUM
3301464,"","Max",IDENTITY_FRAGMENT,Contracted,5772,571,107212,"Friburguense AC",571,107212,"Friburguense AC",False,75,2001,2006-01-31,Defined,30,2006,,,1,1,"DISPLAY_NAME_UNRESOLVED",89,MEDIUM
8831667,"","Mendes de Souza",IDENTITY_FRAGMENT,Contracted,7108,571,107212,"Friburguense AC",571,107212,"Friburguense AC",False,420,2001,2008-01-31,Defined,30,2008,,,1,1,"DISPLAY_NAME_UNRESOLVED",89,MEDIUM
315421,"","Pantoja Carvalho",IDENTITY_FRAGMENT,Contracted,2785,571,107212,"Friburguense AC",571,107212,"Friburguense AC",False,130,2001,2006-01-31,Defined,30,2006,,,2,1,"DISPLAY_NAME_UNRESOLVED",89,MEDIUM
307401,"","Rachid Buharb",IDENTITY_FRAGMENT,Contracted,1850,571,107212,"Friburguense AC",571,107212,"Friburguense AC",False,108,2001,2006-01-31,Defined,30,2006,,,2,1,"DISPLAY_NAME_UNRESOLVED",89,MEDIUM
315430,"","Serrano Campos",IDENTITY_FRAGMENT,Contracted,2790,571,107212,"Friburguense AC",571,107212,"Friburguense AC",False,241,2001,2006-01-31,Defined,30,2006,,,2,1,"DISPLAY_NAME_UNRESOLVED",89,MEDIUM
303877,"","Sharlei",IDENTITY_FRAGMENT,Contracted,973,571,107212,"Friburguense AC",571,107212,"Friburguense AC",False,350,2004,2006-01-31,Defined,30,2006,,,2,1,"DISPLAY_NAME_UNRESOLVED",89,MEDIUM
315424,"","Souza Dias",IDENTITY_FRAGMENT,Contracted,2787,571,107212,"Friburguense AC",571,107212,"Friburguense AC",False,88,2001,2006-01-31,Defined,30,2006,,,2,1,"DISPLAY_NAME_UNRESOLVED",89,MEDIUM
311088,"","Verne",IDENTITY_FRAGMENT,Contracted,2235,571,107212,"Friburguense AC",571,107212,"Friburguense AC",False,141,2001,2006-01-31,Defined,30,2006,,,1,1,"DISPLAY_NAME_UNRESOLVED",89,MEDIUM
310855,"","Barbosa da Cunha",IDENTITY_FRAGMENT,Contracted,2133,323,1478,"Futebol Clube do Porto",323,1478,"Futebol Clube do Porto",False,3400,2004,2008-06-30,Defined,181,2008,,,2,1,"DISPLAY_NAME_UNRESOLVED",89,MEDIUM
6900134,"","Clemente",IDENTITY_FRAGMENT,Contracted,6490,323,1478,"Futebol Clube do Porto",323,1478,"Futebol Clube do Porto",False,9060,2004,2009-08-01,Defined,212,2009,,,2,1,"DISPLAY_NAME_UNRESOLVED",89,MEDIUM
7003291,"","Fernandes Silva",IDENTITY_FRAGMENT,Contracted,6581,323,1478,"Futebol Clube do Porto",323,1478,"Futebol Clube do Porto",False,3200,2002,2007-06-30,Defined,180,2007,,,2,1,"DISPLAY_NAME_UNRESOLVED",89,MEDIUM
309147,"","Kepler Laveran",IDENTITY_FRAGMENT,Contracted,1992,323,1478,"Futebol Clube do Porto",323,1478,"Futebol Clube do Porto",False,2000,2004,2008-06-30,Defined,181,2008,,,2,1,"DISPLAY_NAME_UNRESOLVED",89,MEDIUM
311148,"","Ribas da Cunha",IDENTITY_FRAGMENT,Contracted,2264,323,1478,"Futebol Clube do Porto",323,1478,"Futebol Clube do Porto",False,12500,2004,2008-06-30,Defined,181,2008,,,2,1,"DISPLAY_NAME_UNRESOLVED",89,MEDIUM
8833628,"","Thiago Emiliano",IDENTITY_FRAGMENT,Contracted,7480,323,1478,"Futebol Clube do Porto",323,1478,"Futebol Clube do Porto",False,1082,2004,2006-06-30,Defined,180,2006,,,2,1,"DISPLAY_NAME_UNRESOLVED",89,MEDIUM
3267,"","Flávio Conceição",IDENTITY_FRAGMENT,Contracted,114,422,1871,"Galatasaray SK",422,1871,"Galatasaray SK",False,11000,2004,2006-08-03,Defined,214,2006,,,2,1,"DISPLAY_NAME_UNRESOLVED",89,MEDIUM
308311,"","João Ricardo",IDENTITY_FRAGMENT,Contracted,1898,1444,318901,"GE Mauaense",1444,318901,"GE Mauaense",False,250,2001,2007-01-31,Defined,30,2007,,,1,1,"DISPLAY_NAME_UNRESOLVED",89,MEDIUM
707735,"","José Elías",IDENTITY_FRAGMENT,Contracted,4676,250,1132,"Génova 1893",250,1132,"Génova 1893",False,4147,2001,2006-07-31,Defined,211,2006,,,2,1,"DISPLAY_NAME_UNRESOLVED",89,MEDIUM
305212,"","Luiz Dário",IDENTITY_FRAGMENT,Contracted,1357,770,301157,"Goiânia EC",770,301157,"Goiânia EC",False,250,2001,2008-01-31,Defined,30,2008,,,1,1,"DISPLAY_NAME_UNRESOLVED",89,MEDIUM
6900184,"","Aldrovani",IDENTITY_FRAGMENT,Contracted,6521,498,102555,"Goiás EC",498,102555,"Goiás EC",False,732,2004,2004-12-31,Defined,365,2004,,,2,1,"DISPLAY_NAME_UNRESOLVED",89,MEDIUM
3301280,"","Alex Dias",IDENTITY_FRAGMENT,OnLoan,5705,50,321,"Cruzeiro EC",498,102555,"Goiás EC",True,841,2003,2005-06-30,Defined,180,2005,841,2004-12-31,2,2,"DISPLAY_NAME_UNRESOLVED",97,HIGH
10268,"","Alves da Cruz",IDENTITY_FRAGMENT,Contracted,247,498,102555,"Goiás EC",498,102555,"Goiás EC",False,2250,2004,2004-12-20,Defined,354,2004,,,2,1,"DISPLAY_NAME_UNRESOLVED",89,MEDIUM
3301269,"","Alves Fraga",IDENTITY_FRAGMENT,Contracted,5699,498,102555,"Goiás EC",498,102555,"Goiás EC",False,337,2003,2005-01-15,Defined,14,2005,,,2,1,"DISPLAY_NAME_UNRESOLVED",89,MEDIUM
316369,"","Antunes Estevam",IDENTITY_FRAGMENT,Contracted,3232,498,102555,"Goiás EC",498,102555,"Goiás EC",False,75,2004,2009-01-18,Defined,17,2009,,,1,1,"DISPLAY_NAME_UNRESOLVED",89,MEDIUM
3301272,"","Anunciado de Oliveira",IDENTITY_FRAGMENT,Contracted,5701,498,102555,"Goiás EC",498,102555,"Goiás EC",False,1630,2001,2005-01-30,Defined,29,2005,,,2,1,"DISPLAY_NAME_UNRESOLVED",89,MEDIUM
316734,"","Assis da Silva",IDENTITY_FRAGMENT,Contracted,3475,498,102555,"Goiás EC",498,102555,"Goiás EC",False,282,2002,2006-01-27,Defined,26,2006,,,2,1,"DISPLAY_NAME_UNRESOLVED",89,MEDIUM
304917,"","Baier",IDENTITY_FRAGMENT,Contracted,1281,498,102555,"Goiás EC",498,102555,"Goiás EC",False,1277,2004,2006-01-11,Defined,10,2006,,,1,1,"DISPLAY_NAME_UNRESOLVED",89,MEDIUM
8827511,"","Barbosa Tabata",IDENTITY_FRAGMENT,Contracted,6894,498,102555,"Goiás EC",498,102555,"Goiás EC",False,305,2003,2008-12-31,Defined,365,2008,,,1,1,"DISPLAY_NAME_UNRESOLVED",89,MEDIUM
8827466,"","Braitner",IDENTITY_FRAGMENT,Contracted,6886,498,102555,"Goiás EC",498,102555,"Goiás EC",False,274,2001,2006-01-31,Defined,30,2006,,,2,1,"DISPLAY_NAME_UNRESOLVED",89,MEDIUM
8832862,"","Chaves Machado",IDENTITY_FRAGMENT,Contracted,7202,498,102555,"Goiás EC",498,102555,"Goiás EC",False,165,2004,2008-12-31,Defined,365,2008,,,2,1,"DISPLAY_NAME_UNRESOLVED",89,MEDIUM
317016,"","Cristiano Luiz",IDENTITY_FRAGMENT,OnLoan,3536,864,301338,"Paulista FC",498,102555,"Goiás EC",True,177,2000,2006-04-01,Defined,90,2006,177,2004-12-31,2,2,"DISPLAY_NAME_UNRESOLVED",97,HIGH
315822,"","Daniel Elias",IDENTITY_FRAGMENT,Contracted,2925,498,102555,"Goiás EC",498,102555,"Goiás EC",False,75,2003,2005-12-31,Defined,364,2005,,,2,1,"DISPLAY_NAME_UNRESOLVED",89,MEDIUM
902081,"","de Menezes Silva",IDENTITY_FRAGMENT,Contracted,4872,498,102555,"Goiás EC",498,102555,"Goiás EC",False,1202,2001,2006-07-12,Defined,192,2006,,,2,1,"DISPLAY_NAME_UNRESOLVED",89,MEDIUM
311915,"","de Queiroz",IDENTITY_FRAGMENT,Contracted,2478,498,102555,"Goiás EC",498,102555,"Goiás EC",False,217,2001,2006-01-31,Defined,30,2006,,,2,1,"DISPLAY_NAME_UNRESOLVED",89,MEDIUM
8832864,"","Dias do Nascimento",IDENTITY_FRAGMENT,Contracted,7204,498,102555,"Goiás EC",498,102555,"Goiás EC",False,182,2003,2006-12-02,Defined,335,2006,,,2,1,"DISPLAY_NAME_UNRESOLVED",89,MEDIUM
8832888,"","Garcia de Vasconcelos",IDENTITY_FRAGMENT,Contracted,7226,498,102555,"Goiás EC",498,102555,"Goiás EC",False,216,2001,2009-01-31,Defined,30,2009,,,2,1,"DISPLAY_NAME_UNRESOLVED",89,MEDIUM
316635,"","Gílson Marcos",IDENTITY_FRAGMENT,Contracted,3403,498,102555,"Goiás EC",498,102555,"Goiás EC",False,877,2004,2005-01-01,Defined,0,2005,,,2,1,"DISPLAY_NAME_UNRESOLVED",89,MEDIUM
3301281,"","Gomes Pereira",IDENTITY_FRAGMENT,Contracted,5706,498,102555,"Goiás EC",498,102555,"Goiás EC",False,174,2001,2006-01-31,Defined,30,2006,,,2,1,"DISPLAY_NAME_UNRESOLVED",89,MEDIUM
3301312,"","Gonçalves Dias",IDENTITY_FRAGMENT,Contracted,5723,498,102555,"Goiás EC",498,102555,"Goiás EC",False,232,2004,2006-01-01,Defined,0,2006,,,2,1,"DISPLAY_NAME_UNRESOLVED",89,MEDIUM
317050,"","Guimarães Santos do Amaral",IDENTITY_FRAGMENT,Contracted,3565,498,102555,"Goiás EC",498,102555,"Goiás EC",False,466,2001,2004-11-13,Defined,317,2004,,,2,1,"DISPLAY_NAME_UNRESOLVED",89,MEDIUM
3300145,"","Januário Araújo",IDENTITY_FRAGMENT,Contracted,5247,498,102555,"Goiás EC",498,102555,"Goiás EC",False,1118,2004,2004-12-31,Defined,365,2004,,,2,1,"DISPLAY_NAME_UNRESOLVED",89,MEDIUM
302700,"","José Jadílson",IDENTITY_FRAGMENT,Contracted,846,498,102555,"Goiás EC",498,102555,"Goiás EC",False,1346,2004,2006-01-31,Defined,30,2006,,,1,1,"DISPLAY_NAME_UNRESOLVED",89,MEDIUM
3301576,"","Juarez Roth",IDENTITY_FRAGMENT,Contracted,5813,498,102555,"Goiás EC",498,102555,"Goiás EC",False,1920,2001,2009-01-31,Defined,30,2009,,,1,1,"DISPLAY_NAME_UNRESOLVED",96,HIGH
6900021,"","Lessa de Azevedo",IDENTITY_FRAGMENT,Contracted,6419,498,102555,"Goiás EC",498,102555,"Goiás EC",False,817,2004,2006-01-31,Defined,30,2006,,,2,1,"DISPLAY_NAME_UNRESOLVED",89,MEDIUM
8833549,"","Leyrielton",IDENTITY_FRAGMENT,FormationContract,7402,498,102555,"Goiás EC",498,102555,"Goiás EC",False,30,2001,,NotDefined,1,1900,,,2,1,"SENTINEL_END_DATE|DISPLAY_NAME_UNRESOLVED",89,MEDIUM
319929,"","Mendonça Nóbrega",IDENTITY_FRAGMENT,Contracted,4222,498,102555,"Goiás EC",498,102555,"Goiás EC",False,255,2003,2008-04-08,Defined,98,2008,,,2,1,"DISPLAY_NAME_UNRESOLVED",89,MEDIUM
317062,"","Pedro Henrique",IDENTITY_FRAGMENT,Contracted,3571,498,102555,"Goiás EC",498,102555,"Goiás EC",False,251,2003,2005-03-29,Defined,87,2005,,,2,1,"DISPLAY_NAME_UNRESOLVED",89,MEDIUM
311912,"","Pereira Calaça",IDENTITY_FRAGMENT,Contracted,2476,498,102555,"Goiás EC",498,102555,"Goiás EC",False,248,2001,2005-07-12,Defined,192,2005,,,2,1,"DISPLAY_NAME_UNRESOLVED",89,MEDIUM
318169,"","Pereira Mutt",IDENTITY_FRAGMENT,Contracted,3848,498,102555,"Goiás EC",498,102555,"Goiás EC",False,398,2004,2004-12-25,Defined,359,2004,,,2,1,"DISPLAY_NAME_UNRESOLVED",89,MEDIUM
8832863,"","Podadeiro",IDENTITY_FRAGMENT,Contracted,7203,498,102555,"Goiás EC",498,102555,"Goiás EC",False,161,2004,2005-01-31,Defined,30,2005,,,2,1,"DISPLAY_NAME_UNRESOLVED",89,MEDIUM
317052,"","Portugal Bueno Ferreira",IDENTITY_FRAGMENT,Contracted,3567,498,102555,"Goiás EC",498,102555,"Goiás EC",False,158,2003,2006-05-06,Defined,125,2006,,,2,1,"DISPLAY_NAME_UNRESOLVED",89,MEDIUM
316735,"","Ratunde de Carvalho",IDENTITY_FRAGMENT,Contracted,3476,498,102555,"Goiás EC",498,102555,"Goiás EC",False,388,2002,2005-02-15,Defined,45,2005,,,2,1,"DISPLAY_NAME_UNRESOLVED",89,MEDIUM
3301058,"","Rezende de Oliveira",IDENTITY_FRAGMENT,Contracted,5591,498,102555,"Goiás EC",498,102555,"Goiás EC",False,557,2002,2004-12-31,Defined,365,2004,,,2,1,"DISPLAY_NAME_UNRESOLVED",89,MEDIUM
301912,"","Róbson Luís",IDENTITY_FRAGMENT,Contracted,752,498,102555,"Goiás EC",498,102555,"Goiás EC",False,432,2001,2009-01-31,Defined,30,2009,,,2,1,"DISPLAY_NAME_UNRESOLVED",89,MEDIUM
319930,"","Rodolfo",IDENTITY_FRAGMENT,Contracted,4223,498,102555,"Goiás EC",498,102555,"Goiás EC",False,99,2003,2005-06-11,Defined,161,2005,,,2,1,"DISPLAY_NAME_UNRESOLVED",89,MEDIUM
311914,"","Rôni Flávio",IDENTITY_FRAGMENT,Contracted,2477,498,102555,"Goiás EC",498,102555,"Goiás EC",False,345,2001,2006-01-31,Defined,30,2006,,,2,1,"DISPLAY_NAME_UNRESOLVED",89,MEDIUM
6900091,"","Silfarley Felipe",IDENTITY_FRAGMENT,Contracted,6462,498,102555,"Goiás EC",498,102555,"Goiás EC",False,222,2001,2006-01-31,Defined,30,2006,,,1,1,"DISPLAY_NAME_UNRESOLVED",89,MEDIUM
311917,"","Smith Carlos",IDENTITY_FRAGMENT,Contracted,2480,498,102555,"Goiás EC",498,102555,"Goiás EC",False,509,2001,2004-12-31,Defined,365,2004,,,2,1,"DISPLAY_NAME_UNRESOLVED",89,MEDIUM
850024,"","Somália",IDENTITY_FRAGMENT,OnLoan,4809,872,301354,"AD São Caetano",498,102555,"Goiás EC",True,4200,2002,2006-01-31,Defined,30,2006,4200,2004-12-31,2,2,"DISPLAY_NAME_UNRESOLVED",97,HIGH
317059,"","Valadares de Araújo",IDENTITY_FRAGMENT,Contracted,3570,498,102555,"Goiás EC",498,102555,"Goiás EC",False,276,2000,2005-06-18,Defined,168,2005,,,2,1,"DISPLAY_NAME_UNRESOLVED",89,MEDIUM
3300131,"","Vicente Simão",IDENTITY_FRAGMENT,Contracted,5239,498,102555,"Goiás EC",498,102555,"Goiás EC",False,582,2004,2004-12-31,Defined,365,2004,,,2,1,"DISPLAY_NAME_UNRESOLVED",89,MEDIUM
311184,"","Wanderley José",IDENTITY_FRAGMENT,Contracted,2288,498,102555,"Goiás EC",498,102555,"Goiás EC",False,432,2001,2007-01-31,Defined,30,2007,,,1,1,"DISPLAY_NAME_UNRESOLVED",89,MEDIUM
316736,"","Zeferino da Silva",IDENTITY_FRAGMENT,Contracted,3477,498,102555,"Goiás EC",498,102555,"Goiás EC",False,268,2002,2007-03-04,Defined,62,2007,,,2,1,"DISPLAY_NAME_UNRESOLVED",89,MEDIUM
317895,"","Ramos Mendes",IDENTITY_FRAGMENT,Contracted,3781,771,301159,"Goiatuba EC",771,301159,"Goiatuba EC",False,250,2001,2008-01-31,Defined,30,2008,,,2,1,"DISPLAY_NAME_UNRESOLVED",89,MEDIUM
304749,"","Zaluar",IDENTITY_FRAGMENT,Contracted,1241,891,302143,"Goytacaz FC",891,302143,"Goytacaz FC",False,250,2001,2007-01-31,Defined,30,2007,,,2,1,"DISPLAY_NAME_UNRESOLVED",89,MEDIUM
5723483,"","Ribeiro",IDENTITY_FRAGMENT,Contracted,6332,417,1855,"Grasshopper-Club Zürich",417,1855,"Grasshopper-Club Zürich",False,1086,2001,2007-07-01,Defined,181,2007,,,2,1,"DISPLAY_NAME_UNRESOLVED",89,MEDIUM
311229,"","Paula Guimarães",IDENTITY_FRAGMENT,Contracted,2326,902,303020,"Grêmio E Maringá",902,303020,"Grêmio E Maringá",False,367,2001,2006-01-31,Defined,30,2006,,,2,1,"DISPLAY_NAME_UNRESOLVED",89,MEDIUM
8835173,"","Adorcelino Wesley",IDENTITY_FRAGMENT,Contracted,7730,53,324,"Grêmio FBPA",53,324,"Grêmio FBPA",False,56,2004,2005-12-31,Defined,364,2005,,,2,1,"DISPLAY_NAME_UNRESOLVED",89,MEDIUM
8833558,"","Alarico",IDENTITY_FRAGMENT,Contracted,7411,53,324,"Grêmio FBPA",53,324,"Grêmio FBPA",False,433,2001,2009-01-31,Defined,30,2009,,,2,1,"DISPLAY_NAME_UNRESOLVED",89,MEDIUM
8833550,"","Alerson",IDENTITY_FRAGMENT,FormationContract,7403,53,324,"Grêmio FBPA",53,324,"Grêmio FBPA",False,31,2001,,NotDefined,1,1900,,,2,1,"SENTINEL_END_DATE|DISPLAY_NAME_UNRESOLVED",89,MEDIUM
8833551,"","Aloísio",IDENTITY_FRAGMENT,FormationContract,7404,53,324,"Grêmio FBPA",53,324,"Grêmio FBPA",False,30,2001,,NotDefined,1,1900,,,2,1,"SENTINEL_END_DATE|DISPLAY_NAME_UNRESOLVED",89,MEDIUM
8833593,"","Alves Albina",IDENTITY_FRAGMENT,Contracted,7445,53,324,"Grêmio FBPA",53,324,"Grêmio FBPA",False,516,2004,2006-12-31,Defined,364,2006,,,2,1,"DISPLAY_NAME_UNRESOLVED",89,MEDIUM
3801659,"","Alves da Silva",IDENTITY_FRAGMENT,Contracted,5926,53,324,"Grêmio FBPA",53,324,"Grêmio FBPA",False,534,2004,2006-06-30,Defined,180,2006,,,2,1,"DISPLAY_NAME_UNRESOLVED",89,MEDIUM
8835146,"","Alves Ezequiel de Souza",IDENTITY_FRAGMENT,Contracted,7703,53,324,"Grêmio FBPA",53,324,"Grêmio FBPA",False,75,2001,2005-01-31,Defined,30,2005,,,2,1,"DISPLAY_NAME_UNRESOLVED",89,MEDIUM
310931,"","Andrey",IDENTITY_FRAGMENT,Contracted,2160,53,324,"Grêmio FBPA",53,324,"Grêmio FBPA",False,234,2001,2005-08-28,Defined,239,2005,,,2,1,"DISPLAY_NAME_UNRESOLVED",89,MEDIUM
8835125,"","Anthony Vinícius",IDENTITY_FRAGMENT,Contracted,7682,53,324,"Grêmio FBPA",53,324,"Grêmio FBPA",False,75,2004,2005-12-31,Defined,364,2005,,,1,1,"DISPLAY_NAME_UNRESOLVED",89,MEDIUM
8835127,"","Beschorner",IDENTITY_FRAGMENT,Contracted,7684,53,324,"Grêmio FBPA",53,324,"Grêmio FBPA",False,733,2001,2009-01-31,Defined,30,2009,,,2,1,"DISPLAY_NAME_UNRESOLVED",89,MEDIUM
8835177,"","Boccudo Pinto",IDENTITY_FRAGMENT,FormationContract,7734,53,324,"Grêmio FBPA",53,324,"Grêmio FBPA",False,32,2001,,NotDefined,1,1900,,,2,1,"SENTINEL_END_DATE|DISPLAY_NAME_UNRESOLVED",89,MEDIUM
104313,"","Bolzoni",IDENTITY_FRAGMENT,Contracted,439,53,324,"Grêmio FBPA",53,324,"Grêmio FBPA",False,433,2001,2007-01-31,Defined,30,2007,,,2,1,"DISPLAY_NAME_UNRESOLVED",89,MEDIUM
6900093,"","Botti",IDENTITY_FRAGMENT,Contracted,6463,53,324,"Grêmio FBPA",53,324,"Grêmio FBPA",False,733,2001,2007-01-31,Defined,30,2007,,,2,1,"DISPLAY_NAME_UNRESOLVED",89,MEDIUM
8835128,"","Bruno Flávio",IDENTITY_FRAGMENT,FormationContract,7685,53,324,"Grêmio FBPA",53,324,"Grêmio FBPA",False,31,2001,,NotDefined,1,1900,,,2,1,"SENTINEL_END_DATE|DISPLAY_NAME_UNRESOLVED",89,MEDIUM
451285,"","Capone",IDENTITY_FRAGMENT,Contracted,4499,53,324,"Grêmio FBPA",53,324,"Grêmio FBPA",False,2661,2004,2004-12-31,Defined,365,2004,,,2,1,"DISPLAY_NAME_UNRESOLVED",89,MEDIUM
8835152,"","Cardoso Ribeiro da Luz",IDENTITY_FRAGMENT,Contracted,7709,53,324,"Grêmio FBPA",53,324,"Grêmio FBPA",False,71,2003,2006-07-09,Defined,189,2006,,,1,1,"DISPLAY_NAME_UNRESOLVED",89,MEDIUM
8832975,"","Cléber Rafael",IDENTITY_FRAGMENT,Contracted,7289,53,324,"Grêmio FBPA",53,324,"Grêmio FBPA",False,76,2004,2007-01-11,Defined,10,2007,,,2,1,"DISPLAY_NAME_UNRESOLVED",89,MEDIUM
8835129,"","Coutinho Martins",IDENTITY_FRAGMENT,Contracted,7686,53,324,"Grêmio FBPA",53,324,"Grêmio FBPA",False,197,2003,2006-04-30,Defined,119,2006,,,2,1,"DISPLAY_NAME_UNRESOLVED",89,MEDIUM
320230,"","da Rosa Saldanha",IDENTITY_FRAGMENT,Contracted,4231,53,324,"Grêmio FBPA",53,324,"Grêmio FBPA",False,75,2001,2005-01-31,Defined,30,2005,,,2,1,"DISPLAY_NAME_UNRESOLVED",89,MEDIUM
8835166,"","da Silva Antônio",IDENTITY_FRAGMENT,FormationContract,7723,53,324,"Grêmio FBPA",53,324,"Grêmio FBPA",False,31,2001,,NotDefined,1,1900,,,2,1,"SENTINEL_END_DATE|DISPLAY_NAME_UNRESOLVED",89,MEDIUM
8835143,"","da Silva Brasil Júnior",IDENTITY_FRAGMENT,FormationContract,7700,53,324,"Grêmio FBPA",53,324,"Grêmio FBPA",False,31,2001,,NotDefined,1,1900,,,2,1,"SENTINEL_END_DATE|DISPLAY_NAME_UNRESOLVED",89,MEDIUM
8835172,"","da Silva Bueno",IDENTITY_FRAGMENT,Contracted,7729,53,324,"Grêmio FBPA",53,324,"Grêmio FBPA",False,75,2001,2005-01-31,Defined,30,2005,,,2,1,"DISPLAY_NAME_UNRESOLVED",89,MEDIUM
3300817,"","da Silva Leal",IDENTITY_FRAGMENT,Contracted,5489,53,324,"Grêmio FBPA",53,324,"Grêmio FBPA",False,1752,2001,2005-03-31,Defined,89,2005,,,2,1,"DISPLAY_NAME_UNRESOLVED",89,MEDIUM
8835132,"","da Veiga",IDENTITY_FRAGMENT,Contracted,7689,53,324,"Grêmio FBPA",53,324,"Grêmio FBPA",False,733,2001,2007-01-31,Defined,30,2007,,,2,1,"DISPLAY_NAME_UNRESOLVED",89,MEDIUM
8835133,"","de Jesús Novaes",IDENTITY_FRAGMENT,Contracted,7690,53,324,"Grêmio FBPA",53,324,"Grêmio FBPA",False,75,2001,2005-01-31,Defined,30,2005,,,1,1,"DISPLAY_NAME_UNRESOLVED",89,MEDIUM
8833578,"","de Oliveira Jesuíno",IDENTITY_FRAGMENT,FormationContract,7431,53,324,"Grêmio FBPA",53,324,"Grêmio FBPA",False,30,2003,,NotDefined,1,1900,,,1,1,"SENTINEL_END_DATE|DISPLAY_NAME_UNRESOLVED",89,MEDIUM
8835175,"","de Oliveira Tomáz",IDENTITY_FRAGMENT,FormationContract,7732,53,324,"Grêmio FBPA",53,324,"Grêmio FBPA",False,30,2001,,NotDefined,1,1900,,,2,1,"SENTINEL_END_DATE|DISPLAY_NAME_UNRESOLVED",89,MEDIUM
8835124,"","de Siqueira Ataíde",IDENTITY_FRAGMENT,Contracted,7681,53,324,"Grêmio FBPA",53,324,"Grêmio FBPA",False,279,2003,2006-01-31,Defined,30,2006,,,2,1,"DISPLAY_NAME_UNRESOLVED",89,MEDIUM
8832973,"","Deives Thiago",IDENTITY_FRAGMENT,Contracted,7288,53,324,"Grêmio FBPA",53,324,"Grêmio FBPA",False,1587,2004,2006-12-31,Defined,364,2006,,,2,1,"DISPLAY_NAME_UNRESOLVED",89,MEDIUM
8833556,"","Diego Otacílio",IDENTITY_FRAGMENT,FormationContract,7409,53,324,"Grêmio FBPA",53,324,"Grêmio FBPA",False,30,2001,,NotDefined,1,1900,,,2,1,"SENTINEL_END_DATE|DISPLAY_NAME_UNRESOLVED",89,MEDIUM
8835140,"","Diel Vieira",IDENTITY_FRAGMENT,Contracted,7697,53,324,"Grêmio FBPA",53,324,"Grêmio FBPA",False,75,2002,2005-08-31,Defined,242,2005,,,2,1,"DISPLAY_NAME_UNRESOLVED",89,MEDIUM
8833557,"","Dieyson",IDENTITY_FRAGMENT,FormationContract,7410,53,324,"Grêmio FBPA",53,324,"Grêmio FBPA",False,30,2001,,NotDefined,1,1900,,,1,1,"SENTINEL_END_DATE|DISPLAY_NAME_UNRESOLVED",89,MEDIUM
3301099,"","Dionísio Correia",IDENTITY_FRAGMENT,Contracted,5603,53,324,"Grêmio FBPA",53,324,"Grêmio FBPA",False,3203,2004,2005-06-30,Defined,180,2005,,,2,1,"DISPLAY_NAME_UNRESOLVED",89,MEDIUM
8835121,"","do Amaral Benites",IDENTITY_FRAGMENT,FormationContract,7678,53,324,"Grêmio FBPA",53,324,"Grêmio FBPA",False,30,2001,,NotDefined,1,1900,,,2,1,"SENTINEL_END_DATE|DISPLAY_NAME_UNRESOLVED",89,MEDIUM
8835137,"","do Canto",IDENTITY_FRAGMENT,Contracted,7694,53,324,"Grêmio FBPA",53,324,"Grêmio FBPA",False,433,2001,2008-01-31,Defined,30,2008,,,2,1,"DISPLAY_NAME_UNRESOLVED",89,MEDIUM
8835138,"","Donizete",IDENTITY_FRAGMENT,Contracted,7695,53,324,"Grêmio FBPA",53,324,"Grêmio FBPA",False,54,2004,2007-04-05,Defined,94,2007,,,2,1,"DISPLAY_NAME_UNRESOLVED",89,MEDIUM
8835131,"","Edivélton",IDENTITY_FRAGMENT,FormationContract,7688,53,324,"Grêmio FBPA",53,324,"Grêmio FBPA",False,88,2003,,NotDefined,1,1900,,,1,1,"SENTINEL_END_DATE|DISPLAY_NAME_UNRESOLVED",89,MEDIUM
316762,"","Élton Giovanni",IDENTITY_FRAGMENT,Contracted,3496,53,324,"Grêmio FBPA",53,324,"Grêmio FBPA",False,614,2000,2005-10-31,Defined,303,2005,,,2,1,"DISPLAY_NAME_UNRESOLVED",89,MEDIUM
8833580,"","Erinaldo",IDENTITY_FRAGMENT,FormationContract,7433,53,324,"Grêmio FBPA",53,324,"Grêmio FBPA",False,30,2001,,NotDefined,1,1900,,,1,1,"SENTINEL_END_DATE|DISPLAY_NAME_UNRESOLVED",89,MEDIUM
108410,"","Fábio Pinto",IDENTITY_FRAGMENT,Contracted,513,53,324,"Grêmio FBPA",53,324,"Grêmio FBPA",False,1755,2004,2004-12-31,Defined,365,2004,,,2,1,"DISPLAY_NAME_UNRESOLVED",89,MEDIUM
8835164,"","Fachim Romanini",IDENTITY_FRAGMENT,FormationContract,7721,53,324,"Grêmio FBPA",53,324,"Grêmio FBPA",False,30,2001,,NotDefined,1,1900,,,2,1,"SENTINEL_END_DATE|DISPLAY_NAME_UNRESOLVED",89,MEDIUM
856161,"","Fernandes Bastos",IDENTITY_FRAGMENT,OnLoan,4825,568,107206,"C Atlético Paranaense",53,324,"Grêmio FBPA",True,343,2003,2007-07-23,Defined,203,2007,343,2004-12-31,2,2,"DISPLAY_NAME_UNRESOLVED",97,HIGH
8835141,"","Fernando Henrique",IDENTITY_FRAGMENT,Contracted,7698,53,324,"Grêmio FBPA",53,324,"Grêmio FBPA",False,144,2004,2005-12-31,Defined,364,2005,,,2,1,"DISPLAY_NAME_UNRESOLVED",89,MEDIUM
8833561,"","Fernando Marcel",IDENTITY_FRAGMENT,FormationContract,7414,53,324,"Grêmio FBPA",53,324,"Grêmio FBPA",False,52,1994,,NotDefined,1,1900,,,2,1,"SENTINEL_END_DATE|DISPLAY_NAME_UNRESOLVED",89,MEDIUM
303587,"","Ferraz das Neves",IDENTITY_FRAGMENT,Contracted,952,53,324,"Grêmio FBPA",53,324,"Grêmio FBPA",False,75,2001,2006-01-31,Defined,30,2006,,,2,1,"DISPLAY_NAME_UNRESOLVED",89,MEDIUM
8835122,"","Ferreira Duraes",IDENTITY_FRAGMENT,Contracted,7679,53,324,"Grêmio FBPA",53,324,"Grêmio FBPA",False,75,2004,2005-01-31,Defined,30,2005,,,2,1,"DISPLAY_NAME_UNRESOLVED",89,MEDIUM
319269,"","Ferreira Martins",IDENTITY_FRAGMENT,OnLoan,3997,987,309670,"Brasiliense FC",53,324,"Grêmio FBPA",True,161,2003,2006-12-31,Defined,364,2006,161,2004-12-31,2,2,"DISPLAY_NAME_UNRESOLVED",97,HIGH
8835154,"","Fittipaldi Medaglia",IDENTITY_FRAGMENT,Contracted,7711,53,324,"Grêmio FBPA",53,324,"Grêmio FBPA",False,226,2001,2005-01-31,Defined,30,2005,,,2,1,"DISPLAY_NAME_UNRESOLVED",89,MEDIUM
8833572,"","Fortes de Souza",IDENTITY_FRAGMENT,FormationContract,7425,53,324,"Grêmio FBPA",53,324,"Grêmio FBPA",False,30,2001,,NotDefined,1,1900,,,2,1,"SENTINEL_END_DATE|DISPLAY_NAME_UNRESOLVED",89,MEDIUM
8833562,"","Galatto",IDENTITY_FRAGMENT,Contracted,7415,53,324,"Grêmio FBPA",53,324,"Grêmio FBPA",False,75,2004,2006-12-31,Defined,364,2006,,,2,1,"DISPLAY_NAME_UNRESOLVED",89,MEDIUM
8833563,"","Geison",IDENTITY_FRAGMENT,FormationContract,7416,53,324,"Grêmio FBPA",53,324,"Grêmio FBPA",False,33,2001,,NotDefined,1,1900,,,2,1,"SENTINEL_END_DATE|DISPLAY_NAME_UNRESOLVED",89,MEDIUM
319186,"","George Lucas",IDENTITY_FRAGMENT,Contracted,3965,53,324,"Grêmio FBPA",53,324,"Grêmio FBPA",False,395,2001,2005-02-28,Defined,58,2005,,,2,1,"DISPLAY_NAME_UNRESOLVED",89,MEDIUM
306004,"","Goelzer",IDENTITY_FRAGMENT,Contracted,1499,53,324,"Grêmio FBPA",53,324,"Grêmio FBPA",False,231,2004,2006-12-31,Defined,364,2006,,,2,1,"DISPLAY_NAME_UNRESOLVED",89,MEDIUM
8835156,"","Grohe",IDENTITY_FRAGMENT,FormationContract,7713,53,324,"Grêmio FBPA",53,324,"Grêmio FBPA",False,30,2004,,NotDefined,1,1900,,,2,1,"SENTINEL_END_DATE|DISPLAY_NAME_UNRESOLVED",89,MEDIUM
8833592,"","Gustavo Roberto",IDENTITY_FRAGMENT,FormationContract,7444,53,324,"Grêmio FBPA",53,324,"Grêmio FBPA",False,30,2001,,NotDefined,1,1900,,,2,1,"SENTINEL_END_DATE|DISPLAY_NAME_UNRESOLVED",89,MEDIUM
8835147,"","Guto",IDENTITY_FRAGMENT,OnLoan,7704,1392,314936,"GE Glória",53,324,"Grêmio FBPA",True,391,2004,2007-03-18,Defined,76,2007,391,2004-12-31,2,2,"DISPLAY_NAME_UNRESOLVED",97,HIGH
8833569,"","Jacson",IDENTITY_FRAGMENT,FormationContract,7422,53,324,"Grêmio FBPA",53,324,"Grêmio FBPA",False,33,2001,,NotDefined,1,1900,,,2,1,"SENTINEL_END_DATE|DISPLAY_NAME_UNRESOLVED",89,MEDIUM
8835148,"","Jean Tcharles",IDENTITY_FRAGMENT,FormationContract,7705,53,324,"Grêmio FBPA",53,324,"Grêmio FBPA",False,31,2001,,NotDefined,1,1900,,,2,1,"SENTINEL_END_DATE|DISPLAY_NAME_UNRESOLVED",89,MEDIUM
8835149,"","Jeremias",IDENTITY_FRAGMENT,Contracted,7706,53,324,"Grêmio FBPA",53,324,"Grêmio FBPA",False,75,2001,2005-01-31,Defined,30,2005,,,2,1,"DISPLAY_NAME_UNRESOLVED",89,MEDIUM
8833590,"","João Ricardo",IDENTITY_FRAGMENT,Contracted,7442,53,324,"Grêmio FBPA",53,324,"Grêmio FBPA",False,433,2001,2008-01-31,Defined,30,2008,,,1,1,"DISPLAY_NAME_UNRESOLVED",89,MEDIUM
8835150,"","Jonas Augusto",IDENTITY_FRAGMENT,Contracted,7707,53,324,"Grêmio FBPA",53,324,"Grêmio FBPA",False,30,2001,2005-01-31,Defined,30,2005,,,2,1,"DISPLAY_NAME_UNRESOLVED",89,MEDIUM
8833571,"","Jonata",IDENTITY_FRAGMENT,FormationContract,7424,53,324,"Grêmio FBPA",53,324,"Grêmio FBPA",False,31,2001,,NotDefined,1,1900,,,2,1,"SENTINEL_END_DATE|DISPLAY_NAME_UNRESOLVED",89,MEDIUM
8835151,"","Jonathan Jeremias Juliano",IDENTITY_FRAGMENT,Contracted,7708,53,324,"Grêmio FBPA",53,324,"Grêmio FBPA",False,75,2002,2005-08-31,Defined,242,2005,,,2,1,"DISPLAY_NAME_UNRESOLVED",89,MEDIUM
8835126,"","Jorge Mário",IDENTITY_FRAGMENT,Contracted,7683,53,324,"Grêmio FBPA",53,324,"Grêmio FBPA",False,733,2001,2007-01-31,Defined,30,2007,,,1,1,"DISPLAY_NAME_UNRESOLVED",89,MEDIUM
8833560,"","Kaufmann",IDENTITY_FRAGMENT,Contracted,7413,53,324,"Grêmio FBPA",53,324,"Grêmio FBPA",False,75,2004,2007-04-01,Defined,90,2007,,,2,1,"DISPLAY_NAME_UNRESOLVED",89,MEDIUM
8833574,"","Krebs",IDENTITY_FRAGMENT,Contracted,7427,53,324,"Grêmio FBPA",53,324,"Grêmio FBPA",False,433,2001,2007-01-31,Defined,30,2007,,,1,1,"DISPLAY_NAME_UNRESOLVED",89,MEDIUM
316763,"","Leanderson",IDENTITY_FRAGMENT,Contracted,3497,53,324,"Grêmio FBPA",53,324,"Grêmio FBPA",False,1642,2003,2006-12-31,Defined,364,2006,,,1,1,"DISPLAY_NAME_UNRESOLVED",89,MEDIUM
316515,"","Leandson",IDENTITY_FRAGMENT,Contracted,3310,53,324,"Grêmio FBPA",53,324,"Grêmio FBPA",False,690,2004,2005-12-31,Defined,364,2005,,,1,1,"DISPLAY_NAME_UNRESOLVED",89,MEDIUM
8835153,"","Lenuzza Castilhos",IDENTITY_FRAGMENT,Contracted,7710,53,324,"Grêmio FBPA",53,324,"Grêmio FBPA",False,733,2001,2009-01-31,Defined,30,2009,,,2,1,"DISPLAY_NAME_UNRESOLVED",89,MEDIUM
3301246,"","Leonardo Inácio",IDENTITY_FRAGMENT,Contracted,5687,53,324,"Grêmio FBPA",53,324,"Grêmio FBPA",False,652,2004,2004-12-31,Defined,365,2004,,,2,1,"DISPLAY_NAME_UNRESOLVED",89,MEDIUM
8833576,"","Leonardo Renan",IDENTITY_FRAGMENT,FormationContract,7429,53,324,"Grêmio FBPA",53,324,"Grêmio FBPA",False,30,2001,,NotDefined,1,1900,,,2,1,"SENTINEL_END_DATE|DISPLAY_NAME_UNRESOLVED",89,MEDIUM
8835171,"","Lopes da Cunha",IDENTITY_FRAGMENT,Contracted,7728,53,324,"Grêmio FBPA",53,324,"Grêmio FBPA",False,261,2004,2007-07-31,Defined,211,2007,,,2,1,"DISPLAY_NAME_UNRESOLVED",89,MEDIUM
8835155,"","Luiz Felipe",IDENTITY_FRAGMENT,Contracted,7712,53,324,"Grêmio FBPA",53,324,"Grêmio FBPA",False,75,2001,2005-01-31,Defined,30,2005,,,2,1,"DISPLAY_NAME_UNRESOLVED",89,MEDIUM
316766,"","Luiz Paulo",IDENTITY_FRAGMENT,Contracted,3499,53,324,"Grêmio FBPA",53,324,"Grêmio FBPA",False,733,2001,2009-01-31,Defined,30,2009,,,2,1,"DISPLAY_NAME_UNRESOLVED",89,MEDIUM
319962,"","Marcelo Magno",IDENTITY_FRAGMENT,Contracted,4224,53,324,"Grêmio FBPA",53,324,"Grêmio FBPA",False,75,2001,2005-01-31,Defined,30,2005,,,2,1,"DISPLAY_NAME_UNRESOLVED",89,MEDIUM
308630,"","Márcio Augusto",IDENTITY_FRAGMENT,OnLoan,1949,66,337,"São Paulo FC",53,324,"Grêmio FBPA",True,296,2000,2005-02-15,Defined,45,2005,296,2004-12-31,2,2,"DISPLAY_NAME_UNRESOLVED",97,HIGH
8835157,"","Marco Tiago",IDENTITY_FRAGMENT,Contracted,7714,53,324,"Grêmio FBPA",53,324,"Grêmio FBPA",False,75,2004,2005-02-28,Defined,58,2005,,,2,1,"DISPLAY_NAME_UNRESOLVED",89,MEDIUM
6900652,"","Maria",IDENTITY_FRAGMENT,Contracted,6568,53,324,"Grêmio FBPA",53,324,"Grêmio FBPA",False,733,2001,2008-01-31,Defined,30,2008,,,1,1,"DISPLAY_NAME_UNRESOLVED",89,MEDIUM
8835120,"","Marinho de Andrade Júnior",IDENTITY_FRAGMENT,Contracted,7677,53,324,"Grêmio FBPA",53,324,"Grêmio FBPA",False,75,2003,2005-01-31,Defined,30,2005,,,2,1,"DISPLAY_NAME_UNRESOLVED",89,MEDIUM
316769,"","Marques Oliveira",IDENTITY_FRAGMENT,Contracted,3502,53,324,"Grêmio FBPA",53,324,"Grêmio FBPA",False,75,2001,2006-01-31,Defined,30,2006,,,2,1,"DISPLAY_NAME_UNRESOLVED",89,MEDIUM
8835139,"","Martins Nunes",IDENTITY_FRAGMENT,Contracted,7696,53,324,"Grêmio FBPA",53,324,"Grêmio FBPA",False,199,2001,2005-01-31,Defined,30,2005,,,2,1,"DISPLAY_NAME_UNRESOLVED",89,MEDIUM
8835158,"","Matheus Fernando",IDENTITY_FRAGMENT,Contracted,7715,53,324,"Grêmio FBPA",53,324,"Grêmio FBPA",False,54,2004,2007-05-02,Defined,121,2007,,,2,1,"DISPLAY_NAME_UNRESOLVED",89,MEDIUM
8833559,"","Mattione Rohde",IDENTITY_FRAGMENT,FormationContract,7412,53,324,"Grêmio FBPA",53,324,"Grêmio FBPA",False,30,2001,,NotDefined,1,1900,,,2,1,"SENTINEL_END_DATE|DISPLAY_NAME_UNRESOLVED",89,MEDIUM
8835160,"","Maurício Oliveira",IDENTITY_FRAGMENT,FormationContract,7717,53,324,"Grêmio FBPA",53,324,"Grêmio FBPA",False,30,2001,,NotDefined,1,1900,,,2,1,"SENTINEL_END_DATE|DISPLAY_NAME_UNRESOLVED",89,MEDIUM
306947,"","Mejolaro",IDENTITY_FRAGMENT,Contracted,1738,53,324,"Grêmio FBPA",53,324,"Grêmio FBPA",False,632,2001,2006-01-31,Defined,30,2006,,,1,1,"DISPLAY_NAME_UNRESOLVED",89,MEDIUM
3301531,"","Michel",IDENTITY_FRAGMENT,OnLoan,5796,64,335,"Santos FC",53,324,"Grêmio FBPA",True,446,2002,2005-01-31,Defined,30,2005,446,2004-12-31,2,2,"DISPLAY_NAME_UNRESOLVED",97,HIGH
8833582,"","Mosael Gewehr",IDENTITY_FRAGMENT,FormationContract,7435,53,324,"Grêmio FBPA",53,324,"Grêmio FBPA",False,30,2001,,NotDefined,1,1900,,,1,1,"SENTINEL_END_DATE|DISPLAY_NAME_UNRESOLVED",89,MEDIUM
8833567,"","Odacir",IDENTITY_FRAGMENT,FormationContract,7420,53,324,"Grêmio FBPA",53,324,"Grêmio FBPA",False,34,2001,,NotDefined,1,1900,,,2,1,"SENTINEL_END_DATE|DISPLAY_NAME_UNRESOLVED",89,MEDIUM
303597,"","Oliveira Almeida",IDENTITY_FRAGMENT,Contracted,956,53,324,"Grêmio FBPA",53,324,"Grêmio FBPA",False,75,2001,2006-01-31,Defined,30,2006,,,2,1,"DISPLAY_NAME_UNRESOLVED",89,MEDIUM
142365,"","Oliveira da Silva Alvim",IDENTITY_FRAGMENT,Contracted,686,53,324,"Grêmio FBPA",53,324,"Grêmio FBPA",False,273,1990,2005-07-14,Defined,194,2005,,,2,1,"DISPLAY_NAME_UNRESOLVED",89,MEDIUM
6900132,"","Padilha Nascimento",IDENTITY_FRAGMENT,Contracted,6488,53,324,"Grêmio FBPA",53,324,"Grêmio FBPA",False,75,2001,2006-01-31,Defined,30,2006,,,2,1,"DISPLAY_NAME_UNRESOLVED",89,MEDIUM
316767,"","Patric",IDENTITY_FRAGMENT,FormationContract,3500,53,324,"Grêmio FBPA",53,324,"Grêmio FBPA",False,33,2001,,NotDefined,1,1900,,,2,1,"SENTINEL_END_DATE|DISPLAY_NAME_UNRESOLVED",89,MEDIUM
316770,"","Pazutti Figueiredo",IDENTITY_FRAGMENT,Contracted,3503,53,324,"Grêmio FBPA",53,324,"Grêmio FBPA",False,270,2001,2005-01-31,Defined,30,2005,,,2,1,"DISPLAY_NAME_UNRESOLVED",89,MEDIUM
8835123,"","Pereira Oliveira",IDENTITY_FRAGMENT,FormationContract,7680,53,324,"Grêmio FBPA",53,324,"Grêmio FBPA",False,32,2001,,NotDefined,1,1900,,,2,1,"SENTINEL_END_DATE|DISPLAY_NAME_UNRESOLVED",89,MEDIUM
8833577,"","Pezzini Leiva",IDENTITY_FRAGMENT,FormationContract,7430,53,324,"Grêmio FBPA",53,324,"Grêmio FBPA",False,30,2003,,NotDefined,1,1900,,,2,1,"SENTINEL_END_DATE|DISPLAY_NAME_UNRESOLVED",89,MEDIUM
8833589,"","Prado Nogueira",IDENTITY_FRAGMENT,Contracted,7441,53,324,"Grêmio FBPA",53,324,"Grêmio FBPA",False,422,2004,2006-12-31,Defined,364,2006,,,1,1,"DISPLAY_NAME_UNRESOLVED",89,MEDIUM
3301257,"","Rabaldo",IDENTITY_FRAGMENT,Contracted,5694,53,324,"Grêmio FBPA",53,324,"Grêmio FBPA",False,433,2001,2008-01-31,Defined,30,2008,,,2,1,"DISPLAY_NAME_UNRESOLVED",89,MEDIUM
8835162,"","Remi Antônio",IDENTITY_FRAGMENT,Contracted,7719,53,324,"Grêmio FBPA",53,324,"Grêmio FBPA",False,733,2001,2008-01-31,Defined,30,2008,,,2,1,"DISPLAY_NAME_UNRESOLVED",89,MEDIUM
8835142,"","Rempel",IDENTITY_FRAGMENT,FormationContract,7699,53,324,"Grêmio FBPA",53,324,"Grêmio FBPA",False,31,2001,,NotDefined,1,1900,,,2,1,"SENTINEL_END_DATE|DISPLAY_NAME_UNRESOLVED",89,MEDIUM
8835165,"","Renílton",IDENTITY_FRAGMENT,Contracted,7722,53,324,"Grêmio FBPA",53,324,"Grêmio FBPA",False,171,2001,2005-01-31,Defined,30,2005,,,2,1,"DISPLAY_NAME_UNRESOLVED",89,MEDIUM
8833585,"","Révson",IDENTITY_FRAGMENT,FormationContract,7438,53,324,"Grêmio FBPA",53,324,"Grêmio FBPA",False,32,2001,,NotDefined,1,1900,,,2,1,"SENTINEL_END_DATE|DISPLAY_NAME_UNRESOLVED",89,MEDIUM
321156,"","Roberto Santos",IDENTITY_FRAGMENT,Contracted,4421,53,324,"Grêmio FBPA",53,324,"Grêmio FBPA",False,549,2004,2005-12-31,Defined,364,2005,,,2,1,"DISPLAY_NAME_UNRESOLVED",89,MEDIUM
8835169,"","Rômulo Araújo",IDENTITY_FRAGMENT,Contracted,7726,53,324,"Grêmio FBPA",53,324,"Grêmio FBPA",False,75,2004,2007-03-31,Defined,89,2007,,,2,1,"DISPLAY_NAME_UNRESOLVED",89,MEDIUM
8835167,"","Rone",IDENTITY_FRAGMENT,Contracted,7724,53,324,"Grêmio FBPA",53,324,"Grêmio FBPA",False,75,2004,2007-04-06,Defined,95,2007,,,1,1,"DISPLAY_NAME_UNRESOLVED",89,MEDIUM
8833583,"","Rossato",IDENTITY_FRAGMENT,Contracted,7436,53,324,"Grêmio FBPA",53,324,"Grêmio FBPA",False,433,2001,2007-01-31,Defined,30,2007,,,1,1,"DISPLAY_NAME_UNRESOLVED",89,MEDIUM
8835168,"","Rudolph",IDENTITY_FRAGMENT,Contracted,7725,53,324,"Grêmio FBPA",53,324,"Grêmio FBPA",False,733,2001,2009-01-31,Defined,30,2009,,,2,1,"DISPLAY_NAME_UNRESOLVED",89,MEDIUM
8833584,"","Russowski",IDENTITY_FRAGMENT,Contracted,7437,53,324,"Grêmio FBPA",53,324,"Grêmio FBPA",False,433,2001,2007-01-31,Defined,30,2007,,,2,1,"DISPLAY_NAME_UNRESOLVED",89,MEDIUM
3301551,"","Salenave Santiago",IDENTITY_FRAGMENT,Contracted,5807,53,324,"Grêmio FBPA",53,324,"Grêmio FBPA",False,3102,2001,2004-06-30,Defined,181,2004,,,2,1,"DISPLAY_NAME_UNRESOLVED",89,MEDIUM
3301145,"","Sangalli",IDENTITY_FRAGMENT,Contracted,5626,53,324,"Grêmio FBPA",53,324,"Grêmio FBPA",False,75,2001,2006-01-31,Defined,30,2006,,,2,1,"DISPLAY_NAME_UNRESOLVED",89,MEDIUM
316772,"","Schmude",IDENTITY_FRAGMENT,Contracted,3504,53,324,"Grêmio FBPA",53,324,"Grêmio FBPA",False,75,2001,2005-01-31,Defined,30,2005,,,1,1,"DISPLAY_NAME_UNRESOLVED",89,MEDIUM
316759,"","Sena Macedo",IDENTITY_FRAGMENT,Contracted,3494,53,324,"Grêmio FBPA",53,324,"Grêmio FBPA",False,75,2001,2006-05-31,Defined,150,2006,,,2,1,"DISPLAY_NAME_UNRESOLVED",89,MEDIUM
8835159,"","Silva de Oliveira",IDENTITY_FRAGMENT,FormationContract,7716,53,324,"Grêmio FBPA",53,324,"Grêmio FBPA",False,35,2001,,NotDefined,1,1900,,,2,1,"SENTINEL_END_DATE|DISPLAY_NAME_UNRESOLVED",89,MEDIUM
316760,"","Silva Delfino",IDENTITY_FRAGMENT,Contracted,3495,53,324,"Grêmio FBPA",53,324,"Grêmio FBPA",False,276,2002,2007-01-31,Defined,30,2007,,,2,1,"DISPLAY_NAME_UNRESOLVED",89,MEDIUM
8835144,"","Silveira Terragno",IDENTITY_FRAGMENT,FormationContract,7701,53,324,"Grêmio FBPA",53,324,"Grêmio FBPA",False,32,2001,,NotDefined,1,1900,,,2,1,"SENTINEL_END_DATE|DISPLAY_NAME_UNRESOLVED",89,MEDIUM
8835145,"","Soares Hernandez",IDENTITY_FRAGMENT,Contracted,7702,53,324,"Grêmio FBPA",53,324,"Grêmio FBPA",False,75,2001,2005-01-31,Defined,30,2005,,,2,1,"DISPLAY_NAME_UNRESOLVED",89,MEDIUM
8833570,"","Souto Júnior",IDENTITY_FRAGMENT,FormationContract,7423,53,324,"Grêmio FBPA",53,324,"Grêmio FBPA",False,30,2001,,NotDefined,1,1900,,,2,1,"SENTINEL_END_DATE|DISPLAY_NAME_UNRESOLVED",89,MEDIUM
142366,"","Tales Rejane",IDENTITY_FRAGMENT,Contracted,687,53,324,"Grêmio FBPA",53,324,"Grêmio FBPA",False,75,2001,2006-01-31,Defined,30,2006,,,2,1,"DISPLAY_NAME_UNRESOLVED",89,MEDIUM
8833588,"","Tallys",IDENTITY_FRAGMENT,FormationContract,7440,53,324,"Grêmio FBPA",53,324,"Grêmio FBPA",False,30,2001,,NotDefined,1,1900,,,2,1,"SENTINEL_END_DATE|DISPLAY_NAME_UNRESOLVED",89,MEDIUM
8833568,"","Teixeira Dorte",IDENTITY_FRAGMENT,FormationContract,7421,53,324,"Grêmio FBPA",53,324,"Grêmio FBPA",False,30,2001,,NotDefined,1,1900,,,2,1,"SENTINEL_END_DATE|DISPLAY_NAME_UNRESOLVED",89,MEDIUM
6900038,"","Thiago Marcelo",IDENTITY_FRAGMENT,Contracted,6427,53,324,"Grêmio FBPA",53,324,"Grêmio FBPA",False,572,2004,2004-12-31,Defined,365,2004,,,2,1,"DISPLAY_NAME_UNRESOLVED",89,MEDIUM
316765,"","Tonho",IDENTITY_FRAGMENT,Contracted,3498,53,324,"Grêmio FBPA",53,324,"Grêmio FBPA",False,733,2001,2008-01-31,Defined,30,2008,,,1,1,"DISPLAY_NAME_UNRESOLVED",89,MEDIUM
8835135,"","Valentim Rosa",IDENTITY_FRAGMENT,Contracted,7692,53,324,"Grêmio FBPA",53,324,"Grêmio FBPA",False,75,2001,2005-01-31,Defined,30,2005,,,2,1,"DISPLAY_NAME_UNRESOLVED",89,MEDIUM
8835174,"","Victor Paulo",IDENTITY_FRAGMENT,FormationContract,7731,53,324,"Grêmio FBPA",53,324,"Grêmio FBPA",False,32,2001,,NotDefined,1,1900,,,2,1,"SENTINEL_END_DATE|DISPLAY_NAME_UNRESOLVED",89,MEDIUM
8835170,"","William",IDENTITY_FRAGMENT,FormationContract,7727,53,324,"Grêmio FBPA",53,324,"Grêmio FBPA",False,30,2001,,NotDefined,1,1900,,,2,1,"SENTINEL_END_DATE|DISPLAY_NAME_UNRESOLVED",89,MEDIUM
3301231,"","Yan Cleiton",IDENTITY_FRAGMENT,Contracted,5677,53,324,"Grêmio FBPA",53,324,"Grêmio FBPA",False,690,2004,2004-12-31,Defined,365,2004,,,2,1,"DISPLAY_NAME_UNRESOLVED",89,MEDIUM
8833564,"","Zielinski Rodrigues",IDENTITY_FRAGMENT,FormationContract,7417,53,324,"Grêmio FBPA",53,324,"Grêmio FBPA",False,30,2001,,NotDefined,1,1900,,,1,1,"SENTINEL_END_DATE|DISPLAY_NAME_UNRESOLVED",89,MEDIUM
316737,"","Andreolli",IDENTITY_FRAGMENT,OnLoan,3478,56,327,"EC Juventude",830,301270,"Guarani (RS)",True,159,2001,2006-11-20,Defined,323,2006,159,2004-12-31,2,2,"DISPLAY_NAME_UNRESOLVED",97,HIGH
309592,"","Bertran",IDENTITY_FRAGMENT,Contracted,2017,830,301270,"Guarani (RS)",830,301270,"Guarani (RS)",False,250,2001,2007-01-31,Defined,30,2007,,,2,1,"DISPLAY_NAME_UNRESOLVED",89,MEDIUM
8830552,"","Edson Néri",IDENTITY_FRAGMENT,Contracted,7088,883,301377,"Guarani de Palhoça",883,301377,"Guarani de Palhoça",False,250,2001,2008-01-31,Defined,30,2008,,,2,1,"DISPLAY_NAME_UNRESOLVED",89,MEDIUM
316724,"","Abdo Neto",IDENTITY_FRAGMENT,Contracted,3467,54,325,"Guarani FC",54,325,"Guarani FC",False,75,2001,2005-01-31,Defined,30,2005,,,2,1,"DISPLAY_NAME_UNRESOLVED",89,MEDIUM
310913,"","Acuña Egídio",IDENTITY_FRAGMENT,OnLoan,2151,56,327,"EC Juventude",54,325,"Guarani FC",True,379,2002,2004-12-31,Defined,365,2004,379,2004-12-31,1,2,"DISPLAY_NAME_UNRESOLVED",97,HIGH
8833416,"","Ademílson",IDENTITY_FRAGMENT,Contracted,7306,54,325,"Guarani FC",54,325,"Guarani FC",False,487,2001,2008-01-31,Defined,30,2008,,,2,1,"DISPLAY_NAME_UNRESOLVED",89,MEDIUM
8832901,"","Adílio Leandro",IDENTITY_FRAGMENT,Contracted,7239,54,325,"Guarani FC",54,325,"Guarani FC",False,230,2004,2009-01-31,Defined,30,2009,,,2,1,"DISPLAY_NAME_UNRESOLVED",89,MEDIUM
316723,"","Ageu Mendes",IDENTITY_FRAGMENT,Contracted,3466,54,325,"Guarani FC",54,325,"Guarani FC",False,153,2001,2006-01-31,Defined,30,2006,,,2,1,"DISPLAY_NAME_UNRESOLVED",89,MEDIUM
311057,"","Alberto Abraão",IDENTITY_FRAGMENT,OnLoan,2216,60,331,"Paysandu SC",54,325,"Guarani FC",True,634,2001,2006-01-31,Defined,30,2006,634,2004-12-31,2,2,"DISPLAY_NAME_UNRESOLVED",97,HIGH
8832905,"","Alcenil",IDENTITY_FRAGMENT,OnLoan,7242,571,107212,"Friburguense AC",54,325,"Guarani FC",True,183,2003,2006-01-31,Defined,30,2006,183,2004-12-31,2,2,"DISPLAY_NAME_UNRESOLVED",97,HIGH
316721,"","Altair",IDENTITY_FRAGMENT,Contracted,3464,54,325,"Guarani FC",54,325,"Guarani FC",False,468,2001,2009-01-31,Defined,30,2009,,,2,1,"DISPLAY_NAME_UNRESOLVED",89,MEDIUM
303380,"","Alves Lindo",IDENTITY_FRAGMENT,OnLoan,926,44,314,"C Atlético Mineiro",54,325,"Guarani FC",True,500,2001,2006-01-31,Defined,30,2006,500,2004-08-01,2,2,"DISPLAY_NAME_UNRESOLVED",97,HIGH
316683,"","Anderson Augusto",IDENTITY_FRAGMENT,Contracted,3428,54,325,"Guarani FC",54,325,"Guarani FC",False,304,2003,2004-12-31,Defined,365,2004,,,2,1,"DISPLAY_NAME_UNRESOLVED",89,MEDIUM
310966,"","Ângelo Marino",IDENTITY_FRAGMENT,Contracted,2181,54,325,"Guarani FC",54,325,"Guarani FC",False,75,2001,2006-01-31,Defined,30,2006,,,2,1,"DISPLAY_NAME_UNRESOLVED",89,MEDIUM
302076,"","Aparecido de Oliveira",IDENTITY_FRAGMENT,Contracted,764,54,325,"Guarani FC",54,325,"Guarani FC",False,782,2004,2006-01-31,Defined,30,2006,,,2,1,"DISPLAY_NAME_UNRESOLVED",89,MEDIUM
6900097,"","Avelino de Jesús Nogueira",IDENTITY_FRAGMENT,Contracted,6467,54,325,"Guarani FC",54,325,"Guarani FC",False,149,2001,2006-01-31,Defined,30,2006,,,2,1,"DISPLAY_NAME_UNRESOLVED",89,MEDIUM
316717,"","Breno Henrique",IDENTITY_FRAGMENT,Contracted,3461,54,325,"Guarani FC",54,325,"Guarani FC",False,75,2001,2006-01-31,Defined,30,2006,,,2,1,"DISPLAY_NAME_UNRESOLVED",89,MEDIUM
301836,"","Brólio",IDENTITY_FRAGMENT,Contracted,744,54,325,"Guarani FC",54,325,"Guarani FC",False,618,2001,2008-01-31,Defined,30,2008,,,2,1,"DISPLAY_NAME_UNRESOLVED",89,MEDIUM
8835179,"","Caio César",IDENTITY_FRAGMENT,Contracted,7736,54,325,"Guarani FC",54,325,"Guarani FC",False,178,2001,2005-01-31,Defined,30,2005,,,2,1,"DISPLAY_NAME_UNRESOLVED",89,MEDIUM
316637,"","Cairo Alberto",IDENTITY_FRAGMENT,Contracted,3405,54,325,"Guarani FC",54,325,"Guarani FC",False,75,2001,2006-05-31,Defined,150,2006,,,2,1,"DISPLAY_NAME_UNRESOLVED",89,MEDIUM
8825600,"","Correia da Silva",IDENTITY_FRAGMENT,Contracted,6777,54,325,"Guarani FC",54,325,"Guarani FC",False,206,2002,2004-10-30,Defined,303,2004,,,2,1,"DISPLAY_NAME_UNRESOLVED",89,MEDIUM
310970,"","Daniel Vítor",IDENTITY_FRAGMENT,Contracted,2182,54,325,"Guarani FC",54,325,"Guarani FC",False,273,2001,2006-01-31,Defined,30,2006,,,1,1,"DISPLAY_NAME_UNRESOLVED",89,MEDIUM
316726,"","de Souza Rezende",IDENTITY_FRAGMENT,Contracted,3469,54,325,"Guarani FC",54,325,"Guarani FC",False,255,2002,2005-05-31,Defined,150,2005,,,1,1,"DISPLAY_NAME_UNRESOLVED",89,MEDIUM
316719,"","Deni Éder",IDENTITY_FRAGMENT,Contracted,3462,54,325,"Guarani FC",54,325,"Guarani FC",False,217,2001,2006-01-31,Defined,30,2006,,,2,1,"DISPLAY_NAME_UNRESOLVED",89,MEDIUM
311704,"","Éderson",IDENTITY_FRAGMENT,Contracted,2417,54,325,"Guarani FC",54,325,"Guarani FC",False,75,2001,2006-01-31,Defined,30,2006,,,2,1,"DISPLAY_NAME_UNRESOLVED",89,MEDIUM
305657,"","Edu Valinhos",IDENTITY_FRAGMENT,Contracted,1416,54,325,"Guarani FC",54,325,"Guarani FC",False,190,2001,2006-01-31,Defined,30,2006,,,2,1,"DISPLAY_NAME_UNRESOLVED",89,MEDIUM
6900066,"","Eduardo Gabriel",IDENTITY_FRAGMENT,OnLoan,6446,987,309670,"Brasiliense FC",54,325,"Guarani FC",True,172,2002,2005-12-20,Defined,353,2005,172,2004-12-31,2,2,"DISPLAY_NAME_UNRESOLVED",97,HIGH
3300959,"","Faustino",IDENTITY_FRAGMENT,Contracted,5549,54,325,"Guarani FC",54,325,"Guarani FC",False,281,2001,2006-01-31,Defined,30,2006,,,2,1,"DISPLAY_NAME_UNRESOLVED",89,MEDIUM
303996,"","Fransérgio Eurípedes",IDENTITY_FRAGMENT,Contracted,1018,54,325,"Guarani FC",54,325,"Guarani FC",False,75,2001,2006-01-31,Defined,30,2006,,,2,1,"DISPLAY_NAME_UNRESOLVED",89,MEDIUM
3301192,"","Harrison",IDENTITY_FRAGMENT,Contracted,5652,54,325,"Guarani FC",54,325,"Guarani FC",False,534,2004,2006-01-31,Defined,30,2006,,,2,1,"DISPLAY_NAME_UNRESOLVED",89,MEDIUM
6900155,"","Hiroshi Parreão Oi",IDENTITY_FRAGMENT,Contracted,6505,54,325,"Guarani FC",54,325,"Guarani FC",False,750,2004,2006-01-31,Defined,30,2006,,,2,1,"DISPLAY_NAME_UNRESOLVED",89,MEDIUM
6900169,"","Jean Paulo",IDENTITY_FRAGMENT,Contracted,6514,54,325,"Guarani FC",54,325,"Guarani FC",False,630,2004,2005-01-31,Defined,30,2005,,,2,1,"DISPLAY_NAME_UNRESOLVED",89,MEDIUM
6900099,"","Jefferson Márcio",IDENTITY_FRAGMENT,Contracted,6469,54,325,"Guarani FC",54,325,"Guarani FC",False,240,2001,2006-01-31,Defined,30,2006,,,2,1,"DISPLAY_NAME_UNRESOLVED",89,MEDIUM
8835181,"","João Leonardo",IDENTITY_FRAGMENT,Contracted,7738,54,325,"Guarani FC",54,325,"Guarani FC",False,154,2004,2005-01-31,Defined,30,2005,,,1,1,"DISPLAY_NAME_UNRESOLVED",89,MEDIUM
8832866,"","Júlio Filippi",IDENTITY_FRAGMENT,Contracted,7205,54,325,"Guarani FC",54,325,"Guarani FC",False,155,2004,2006-01-31,Defined,30,2006,,,2,1,"DISPLAY_NAME_UNRESOLVED",89,MEDIUM
304255,"","Leonardo Augusto",IDENTITY_FRAGMENT,Contracted,1085,54,325,"Guarani FC",54,325,"Guarani FC",False,545,2004,2004-12-31,Defined,365,2004,,,2,1,"DISPLAY_NAME_UNRESOLVED",89,MEDIUM
320587,"","Lobo",IDENTITY_FRAGMENT,Contracted,4341,54,325,"Guarani FC",54,325,"Guarani FC",False,295,2002,2004-12-31,Defined,365,2004,,,1,1,"DISPLAY_NAME_UNRESOLVED",89,MEDIUM
316709,"","Lopes de Oliveira Pinto",IDENTITY_FRAGMENT,Contracted,3453,54,325,"Guarani FC",54,325,"Guarani FC",False,171,2001,2006-01-31,Defined,30,2006,,,2,1,"DISPLAY_NAME_UNRESOLVED",89,MEDIUM
3301012,"","Marlon",IDENTITY_FRAGMENT,OnLoan,5576,872,301354,"AD São Caetano",54,325,"Guarani FC",True,395,2003,2006-01-31,Defined,30,2006,395,2004-12-31,2,2,"DISPLAY_NAME_UNRESOLVED",97,HIGH
316716,"","Martins Silva",IDENTITY_FRAGMENT,Contracted,3460,54,325,"Guarani FC",54,325,"Guarani FC",False,75,2001,2005-01-31,Defined,30,2005,,,2,1,"DISPLAY_NAME_UNRESOLVED",89,MEDIUM
8825610,"","Oliveira Cardoso",IDENTITY_FRAGMENT,Contracted,6779,54,325,"Guarani FC",54,325,"Guarani FC",False,75,2004,2004-12-31,Defined,365,2004,,,1,1,"DISPLAY_NAME_UNRESOLVED",89,MEDIUM
8832906,"","Patrick Fabionn",IDENTITY_FRAGMENT,Contracted,7243,54,325,"Guarani FC",54,325,"Guarani FC",False,232,2004,2006-01-31,Defined,30,2006,,,2,1,"DISPLAY_NAME_UNRESOLVED",89,MEDIUM
8832908,"","Paulo André",IDENTITY_FRAGMENT,Contracted,7245,54,325,"Guarani FC",54,325,"Guarani FC",False,151,2004,2006-01-31,Defined,30,2006,,,2,1,"DISPLAY_NAME_UNRESOLVED",89,MEDIUM
316713,"","Pereira Neto",IDENTITY_FRAGMENT,Contracted,3457,54,325,"Guarani FC",54,325,"Guarani FC",False,215,2001,2005-01-31,Defined,30,2005,,,2,1,"DISPLAY_NAME_UNRESOLVED",89,MEDIUM
3300873,"","Picerni",IDENTITY_FRAGMENT,Contracted,5516,54,325,"Guarani FC",54,325,"Guarani FC",False,1800,2001,2009-01-31,Defined,30,2009,,,2,1,"DISPLAY_NAME_UNRESOLVED",89,MEDIUM
316722,"","Ramalho dos Santos",IDENTITY_FRAGMENT,Contracted,3465,54,325,"Guarani FC",54,325,"Guarani FC",False,159,2001,2006-01-31,Defined,30,2006,,,2,1,"DISPLAY_NAME_UNRESOLVED",89,MEDIUM
316725,"","Ramires",IDENTITY_FRAGMENT,Contracted,3468,54,325,"Guarani FC",54,325,"Guarani FC",False,75,2001,2006-01-31,Defined,30,2006,,,2,1,"DISPLAY_NAME_UNRESOLVED",89,MEDIUM
316708,"","Renato Agostinho",IDENTITY_FRAGMENT,Contracted,3452,54,325,"Guarani FC",54,325,"Guarani FC",False,160,2002,2005-02-28,Defined,58,2005,,,2,1,"DISPLAY_NAME_UNRESOLVED",89,MEDIUM
303687,"","Roberto Silveira",IDENTITY_FRAGMENT,Contracted,965,54,325,"Guarani FC",54,325,"Guarani FC",False,145,2002,2005-01-31,Defined,30,2005,,,2,1,"DISPLAY_NAME_UNRESOLVED",89,MEDIUM
8825036,"","Roncatto",IDENTITY_FRAGMENT,Contracted,6716,54,325,"Guarani FC",54,325,"Guarani FC",False,400,2003,2006-11-30,Defined,333,2006,,,2,1,"DISPLAY_NAME_UNRESOLVED",89,MEDIUM
3300969,"","Scrocca Cundiev",IDENTITY_FRAGMENT,Contracted,5552,54,325,"Guarani FC",54,325,"Guarani FC",False,280,2004,2004-12-31,Defined,365,2004,,,2,1,"DISPLAY_NAME_UNRESOLVED",89,MEDIUM
316720,"","Silva Alves Pereira",IDENTITY_FRAGMENT,Contracted,3463,54,325,"Guarani FC",54,325,"Guarani FC",False,75,2001,2006-01-31,Defined,30,2006,,,1,1,"DISPLAY_NAME_UNRESOLVED",89,MEDIUM
8832909,"","Simões de Jesús",IDENTITY_FRAGMENT,OnLoan,7246,574,107218,"Juventus (SP)",54,325,"Guarani FC",True,207,2004,2006-01-31,Defined,30,2006,207,2004-12-31,2,2,"DISPLAY_NAME_UNRESOLVED",97,HIGH
304553,"","Squarizzi",IDENTITY_FRAGMENT,Contracted,1195,54,325,"Guarani FC",54,325,"Guarani FC",False,651,2001,2007-01-31,Defined,30,2007,,,1,1,"DISPLAY_NAME_UNRESOLVED",89,MEDIUM
316172,"","Valdirgly",IDENTITY_FRAGMENT,OnLoan,3122,67,338,"Sport C Recife",54,325,"Guarani FC",True,940,2004,2004-12-31,Defined,365,2004,940,2004-12-31,2,2,"DISPLAY_NAME_UNRESOLVED",97,HIGH
304570,"","Viana Corrêa",IDENTITY_FRAGMENT,Contracted,1204,54,325,"Guarani FC",54,325,"Guarani FC",False,575,2001,2004-12-31,Defined,365,2004,,,2,1,"DISPLAY_NAME_UNRESOLVED",89,MEDIUM
304373,"","Vieira Moreira",IDENTITY_FRAGMENT,Contracted,1120,54,325,"Guarani FC",54,325,"Guarani FC",False,144,2004,2006-01-31,Defined,30,2006,,,2,1,"DISPLAY_NAME_UNRESOLVED",89,MEDIUM
317215,"","Wallison",IDENTITY_FRAGMENT,Contracted,3641,54,325,"Guarani FC",54,325,"Guarani FC",False,30,2001,2005-01-31,Defined,30,2005,,,2,1,"DISPLAY_NAME_UNRESOLVED",89,MEDIUM
310634,"","Adílton",IDENTITY_FRAGMENT,Contracted,2063,1046,310642,"Guarany de Sobral",1046,310642,"Guarany de Sobral",False,250,2001,2009-01-31,Defined,30,2009,,,1,1,"DISPLAY_NAME_UNRESOLVED",89,MEDIUM
316180,"","José Gladstone",IDENTITY_FRAGMENT,Contracted,3124,1046,310642,"Guarany de Sobral",1046,310642,"Guarany de Sobral",False,219,2001,2006-01-31,Defined,30,2006,,,2,1,"DISPLAY_NAME_UNRESOLVED",89,MEDIUM
320253,"","Gil Correia",IDENTITY_FRAGMENT,Contracted,4248,965,309624,"Gurupi EC",965,309624,"Gurupi EC",False,250,2001,2007-01-31,Defined,30,2007,,,1,1,"DISPLAY_NAME_UNRESOLVED",89,MEDIUM
315809,"","Bergantin",IDENTITY_FRAGMENT,Contracted,2915,187,927,"Hannover 96",187,927,"Hannover 96",False,5000,2001,2006-06-30,Defined,180,2006,,,2,1,"DISPLAY_NAME_UNRESOLVED",89,MEDIUM
3301543,"","Eduardo Marques",IDENTITY_FRAGMENT,Contracted,5804,235,1090,"Hapoel Tel-Aviv",235,1090,"Hapoel Tel-Aviv",False,2243,2004,2005-05-31,Defined,150,2005,,,2,1,"DISPLAY_NAME_UNRESOLVED",89,MEDIUM
306283,"","Barbosa da Costa",IDENTITY_FRAGMENT,Contracted,1534,530,104874,"Independência FC",530,104874,"Independência FC",False,92,2001,2006-01-31,Defined,30,2006,,,2,1,"DISPLAY_NAME_UNRESOLVED",89,MEDIUM
306289,"","César Rodrigues",IDENTITY_FRAGMENT,Contracted,1535,530,104874,"Independência FC",530,104874,"Independência FC",False,75,2001,2006-01-31,Defined,30,2006,,,1,1,"DISPLAY_NAME_UNRESOLVED",89,MEDIUM
8826777,"","Matos Ferreira",IDENTITY_FRAGMENT,Contracted,6853,1104,311973,"Independente (RJ)",1104,311973,"Independente (RJ)",False,250,2001,2007-01-31,Defined,30,2007,,,1,1,"DISPLAY_NAME_UNRESOLVED",89,MEDIUM
3301182,"","Sérgio Manoel",IDENTITY_FRAGMENT,Contracted,5648,13,89,"Independiente",13,89,"Independiente",False,1364,2004,2005-08-31,Defined,242,2005,,,2,1,"DISPLAY_NAME_UNRESOLVED",89,MEDIUM
320256,"","Vevé",IDENTITY_FRAGMENT,Contracted,4250,966,309626,"Intercap EC",966,309626,"Intercap EC",False,250,2001,2007-01-31,Defined,30,2007,,,2,1,"DISPLAY_NAME_UNRESOLVED",89,MEDIUM
318356,"","Derivaldo",IDENTITY_FRAGMENT,Contracted,3910,1403,314967,"Intercontinental FC do Recife",1403,314967,"Intercontinental FC do Recife",False,250,2001,2009-01-31,Defined,30,2009,,,1,1,"DISPLAY_NAME_UNRESOLVED",89,MEDIUM
11135,"","José Marcelo",IDENTITY_FRAGMENT,Contracted,280,251,1135,"Internazionale de Milão",251,1135,"Internazionale de Milão",False,12727,2004,2006-06-30,Defined,180,2006,,,2,1,"DISPLAY_NAME_UNRESOLVED",89,MEDIUM
306954,"","Mendes da Rocha",IDENTITY_FRAGMENT,Contracted,1741,859,301327,"Interporto FC",859,301327,"Interporto FC",False,250,2001,2008-01-31,Defined,30,2008,,,1,1,"DISPLAY_NAME_UNRESOLVED",89,MEDIUM
306714,"","Ademir Fonseca",IDENTITY_FRAGMENT,Contracted,1677,788,301190,"Ipatinga FC",788,301190,"Ipatinga FC",False,375,2001,2008-01-31,Defined,30,2008,,,2,1,"DISPLAY_NAME_UNRESOLVED",89,MEDIUM
304496,"","Alex Rossi",IDENTITY_FRAGMENT,Contracted,1160,788,301190,"Ipatinga FC",788,301190,"Ipatinga FC",False,353,2002,2005-01-31,Defined,30,2005,,,2,1,"DISPLAY_NAME_UNRESOLVED",89,MEDIUM
900732,"","Alvares de Medeiros",IDENTITY_FRAGMENT,Contracted,4867,788,301190,"Ipatinga FC",788,301190,"Ipatinga FC",False,248,2002,2006-01-31,Defined,30,2006,,,2,1,"DISPLAY_NAME_UNRESOLVED",89,MEDIUM
726649,"","Aniceto da Silva",IDENTITY_FRAGMENT,Contracted,4693,788,301190,"Ipatinga FC",788,301190,"Ipatinga FC",False,183,2003,2006-01-31,Defined,30,2006,,,2,1,"DISPLAY_NAME_UNRESOLVED",89,MEDIUM
3301225,"","Célio Lúcio",IDENTITY_FRAGMENT,Contracted,5673,788,301190,"Ipatinga FC",788,301190,"Ipatinga FC",False,333,2003,2005-01-31,Defined,30,2005,,,2,1,"DISPLAY_NAME_UNRESOLVED",89,MEDIUM
317183,"","Éliton Luiz",IDENTITY_FRAGMENT,Contracted,3624,788,301190,"Ipatinga FC",788,301190,"Ipatinga FC",False,284,2001,2006-01-31,Defined,30,2006,,,1,1,"DISPLAY_NAME_UNRESOLVED",89,MEDIUM
305061,"","Francimar",IDENTITY_FRAGMENT,Contracted,1293,788,301190,"Ipatinga FC",788,301190,"Ipatinga FC",False,603,2002,2006-01-31,Defined,30,2006,,,1,1,"DISPLAY_NAME_UNRESOLVED",89,MEDIUM
304384,"","Junqueira",IDENTITY_FRAGMENT,Contracted,1123,788,301190,"Ipatinga FC",788,301190,"Ipatinga FC",False,75,2001,2006-01-31,Defined,30,2006,,,2,1,"DISPLAY_NAME_UNRESOLVED",89,MEDIUM
303215,"","Léo",IDENTITY_FRAGMENT,Contracted,902,788,301190,"Ipatinga FC",788,301190,"Ipatinga FC",False,238,2001,2006-01-31,Defined,30,2006,,,2,1,"DISPLAY_NAME_UNRESOLVED",89,MEDIUM
303195,"","Márcio Aparecido",IDENTITY_FRAGMENT,Contracted,895,788,301190,"Ipatinga FC",788,301190,"Ipatinga FC",False,334,2002,2006-01-31,Defined,30,2006,,,2,1,"DISPLAY_NAME_UNRESOLVED",89,MEDIUM
311496,"","Mattoso",IDENTITY_FRAGMENT,Contracted,2394,788,301190,"Ipatinga FC",788,301190,"Ipatinga FC",False,115,2001,2006-01-31,Defined,30,2006,,,2,1,"DISPLAY_NAME_UNRESOLVED",89,MEDIUM
304382,"","Peres Xavier",IDENTITY_FRAGMENT,Contracted,1122,788,301190,"Ipatinga FC",788,301190,"Ipatinga FC",False,248,2001,2006-01-31,Defined,30,2006,,,2,1,"DISPLAY_NAME_UNRESOLVED",89,MEDIUM
304387,"","Sandro Luiz",IDENTITY_FRAGMENT,Contracted,1124,788,301190,"Ipatinga FC",788,301190,"Ipatinga FC",False,346,2001,2006-01-31,Defined,30,2006,,,2,1,"DISPLAY_NAME_UNRESOLVED",89,MEDIUM
320613,"","Valle de Oliveira e Cruz",IDENTITY_FRAGMENT,Contracted,4349,788,301190,"Ipatinga FC",788,301190,"Ipatinga FC",False,276,2001,2006-01-31,Defined,30,2006,,,2,1,"DISPLAY_NAME_UNRESOLVED",89,MEDIUM
311274,"","Alex Ricardo",IDENTITY_FRAGMENT,Contracted,2335,903,303022,"Iraty SC",903,303022,"Iraty SC",False,78,2001,2006-01-31,Defined,30,2006,,,2,1,"DISPLAY_NAME_UNRESOLVED",89,MEDIUM
8832867,"","Bezerra Melo",IDENTITY_FRAGMENT,Contracted,7206,903,303022,"Iraty SC",903,303022,"Iraty SC",False,522,2002,2005-02-08,Defined,38,2005,,,2,1,"DISPLAY_NAME_UNRESOLVED",89,MEDIUM
315164,"","Castorzinho",IDENTITY_FRAGMENT,Contracted,2651,903,303022,"Iraty SC",903,303022,"Iraty SC",False,75,2001,2006-01-31,Defined,30,2006,,,2,1,"DISPLAY_NAME_UNRESOLVED",89,MEDIUM
311270,"","Cipreste Pereira",IDENTITY_FRAGMENT,Contracted,2334,903,303022,"Iraty SC",903,303022,"Iraty SC",False,353,2003,2006-01-31,Defined,30,2006,,,2,1,"DISPLAY_NAME_UNRESOLVED",89,MEDIUM
311268,"","da Silva Ramos da Hora",IDENTITY_FRAGMENT,Contracted,2333,903,303022,"Iraty SC",903,303022,"Iraty SC",False,363,2001,2006-08-23,Defined,234,2006,,,2,1,"DISPLAY_NAME_UNRESOLVED",89,MEDIUM
317211,"","Maraston",IDENTITY_FRAGMENT,Contracted,3637,903,303022,"Iraty SC",903,303022,"Iraty SC",False,100,2001,2009-01-31,Defined,30,2009,,,1,1,"DISPLAY_NAME_UNRESOLVED",89,MEDIUM
311276,"","Mohamed Adnan",IDENTITY_FRAGMENT,Contracted,2337,903,303022,"Iraty SC",903,303022,"Iraty SC",False,75,2001,2005-01-31,Defined,30,2005,,,2,1,"DISPLAY_NAME_UNRESOLVED",89,MEDIUM
8825877,"","Osvaldo Félix",IDENTITY_FRAGMENT,Contracted,6816,903,303022,"Iraty SC",903,303022,"Iraty SC",False,426,2001,2006-01-31,Defined,30,2006,,,2,1,"DISPLAY_NAME_UNRESOLVED",89,MEDIUM
311277,"","Pedro Gustavo",IDENTITY_FRAGMENT,Contracted,2338,903,303022,"Iraty SC",903,303022,"Iraty SC",False,90,2001,2006-01-31,Defined,30,2006,,,2,1,"DISPLAY_NAME_UNRESOLVED",89,MEDIUM
317212,"","Roberto Paulista",IDENTITY_FRAGMENT,Contracted,3638,903,303022,"Iraty SC",903,303022,"Iraty SC",False,100,2001,2009-01-31,Defined,30,2009,,,1,1,"DISPLAY_NAME_UNRESOLVED",89,MEDIUM
7002546,"","Rocatelli Filho",IDENTITY_FRAGMENT,Contracted,6579,903,303022,"Iraty SC",903,303022,"Iraty SC",False,75,2001,2006-01-31,Defined,30,2006,,,2,1,"DISPLAY_NAME_UNRESOLVED",89,MEDIUM
311279,"","Silva de Assunção",IDENTITY_FRAGMENT,Contracted,2339,903,303022,"Iraty SC",903,303022,"Iraty SC",False,75,2001,2006-01-31,Defined,30,2006,,,1,1,"DISPLAY_NAME_UNRESOLVED",89,MEDIUM
8835238,"","Toledo",IDENTITY_FRAGMENT,Contracted,7795,903,303022,"Iraty SC",903,303022,"Iraty SC",False,352,2001,2006-01-31,Defined,30,2006,,,2,1,"DISPLAY_NAME_UNRESOLVED",89,MEDIUM
317210,"","Tutinha",IDENTITY_FRAGMENT,Contracted,3636,903,303022,"Iraty SC",903,303022,"Iraty SC",False,125,2001,2008-01-31,Defined,30,2008,,,1,1,"DISPLAY_NAME_UNRESOLVED",89,MEDIUM
317205,"","Vieira do Nascimento",IDENTITY_FRAGMENT,Contracted,3631,903,303022,"Iraty SC",903,303022,"Iraty SC",False,75,2001,2006-01-31,Defined,30,2006,,,2,1,"DISPLAY_NAME_UNRESOLVED",89,MEDIUM
320252,"","Beto Oliveira",IDENTITY_FRAGMENT,Contracted,4247,1122,312324,"Itabuna EC",1122,312324,"Itabuna EC",False,252,2001,2008-01-31,Defined,30,2008,,,1,1,"DISPLAY_NAME_UNRESOLVED",89,MEDIUM
320346,"","do Prado Júnior",IDENTITY_FRAGMENT,Contracted,4289,1122,312324,"Itabuna EC",1122,312324,"Itabuna EC",False,325,2001,2006-01-31,Defined,30,2006,,,2,1,"DISPLAY_NAME_UNRESOLVED",89,MEDIUM
320342,"","Guiovaldo",IDENTITY_FRAGMENT,Contracted,4285,1122,312324,"Itabuna EC",1122,312324,"Itabuna EC",False,93,2001,2006-01-31,Defined,30,2006,,,2,1,"DISPLAY_NAME_UNRESOLVED",89,MEDIUM
317220,"","Josémário",IDENTITY_FRAGMENT,Contracted,3645,1122,312324,"Itabuna EC",1122,312324,"Itabuna EC",False,306,2003,2006-01-31,Defined,30,2006,,,2,1,"DISPLAY_NAME_UNRESOLVED",89,MEDIUM
320347,"","Leandro João",IDENTITY_FRAGMENT,Contracted,4290,1122,312324,"Itabuna EC",1122,312324,"Itabuna EC",False,247,2001,2006-01-31,Defined,30,2006,,,2,1,"DISPLAY_NAME_UNRESOLVED",89,MEDIUM
320349,"","Lei",IDENTITY_FRAGMENT,Contracted,4292,1122,312324,"Itabuna EC",1122,312324,"Itabuna EC",False,346,2001,2006-01-31,Defined,30,2006,,,2,1,"DISPLAY_NAME_UNRESOLVED",89,MEDIUM
320350,"","Max Jorge",IDENTITY_FRAGMENT,Contracted,4293,1122,312324,"Itabuna EC",1122,312324,"Itabuna EC",False,81,2001,2006-01-31,Defined,30,2006,,,2,1,"DISPLAY_NAME_UNRESOLVED",89,MEDIUM
320345,"","Rubens José",IDENTITY_FRAGMENT,Contracted,4288,1122,312324,"Itabuna EC",1122,312324,"Itabuna EC",False,145,2001,2006-01-31,Defined,30,2006,,,2,1,"DISPLAY_NAME_UNRESOLVED",89,MEDIUM
320343,"","Ventura Amoroso",IDENTITY_FRAGMENT,Contracted,4286,1122,312324,"Itabuna EC",1122,312324,"Itabuna EC",False,222,2001,2006-01-31,Defined,30,2006,,,2,1,"DISPLAY_NAME_UNRESOLVED",89,MEDIUM
320348,"","Vieira Salles",IDENTITY_FRAGMENT,Contracted,4291,1122,312324,"Itabuna EC",1122,312324,"Itabuna EC",False,172,2001,2006-01-31,Defined,30,2006,,,2,1,"DISPLAY_NAME_UNRESOLVED",89,MEDIUM
320344,"","Wesclei José",IDENTITY_FRAGMENT,Contracted,4287,1122,312324,"Itabuna EC",1122,312324,"Itabuna EC",False,178,2001,2006-01-31,Defined,30,2006,,,2,1,"DISPLAY_NAME_UNRESOLVED",89,MEDIUM
8834929,"","Ferreira de Morais Filho",IDENTITY_FRAGMENT,Contracted,7639,1417,317242,"Itacuruba SC",1417,317242,"Itacuruba SC",False,365,2004,2005-12-31,Defined,364,2005,,,2,1,"DISPLAY_NAME_UNRESOLVED",89,MEDIUM
318119,"","Aender",IDENTITY_FRAGMENT,Contracted,3828,573,107216,"Ituano SCF",573,107216,"Ituano SCF",False,196,2001,2006-01-31,Defined,30,2006,,,2,1,"DISPLAY_NAME_UNRESOLVED",89,MEDIUM
3301129,"","Amorim Maranho",IDENTITY_FRAGMENT,Contracted,5621,573,107216,"Ituano SCF",573,107216,"Ituano SCF",False,451,2003,2006-01-31,Defined,30,2006,,,2,1,"DISPLAY_NAME_UNRESOLVED",89,MEDIUM
313124,"","André Leone",IDENTITY_FRAGMENT,Contracted,2568,573,107216,"Ituano SCF",573,107216,"Ituano SCF",False,167,2003,2005-09-05,Defined,247,2005,,,2,1,"DISPLAY_NAME_UNRESOLVED",89,MEDIUM
318120,"","Aparecido Bispo dos Santos",IDENTITY_FRAGMENT,Contracted,3829,573,107216,"Ituano SCF",573,107216,"Ituano SCF",False,129,2001,2006-01-31,Defined,30,2006,,,2,1,"DISPLAY_NAME_UNRESOLVED",89,MEDIUM
3300140,"","Câmara Amaral",IDENTITY_FRAGMENT,Contracted,5245,573,107216,"Ituano SCF",573,107216,"Ituano SCF",False,1272,2004,2006-01-31,Defined,30,2006,,,2,1,"DISPLAY_NAME_UNRESOLVED",89,MEDIUM
318127,"","Carvalho Salomão",IDENTITY_FRAGMENT,Contracted,3834,573,107216,"Ituano SCF",573,107216,"Ituano SCF",False,125,2001,2009-01-31,Defined,30,2009,,,1,1,"DISPLAY_NAME_UNRESOLVED",89,MEDIUM
315150,"","Claudino dos Santos",IDENTITY_FRAGMENT,Contracted,2640,573,107216,"Ituano SCF",573,107216,"Ituano SCF",False,175,2003,2006-01-31,Defined,30,2006,,,2,1,"DISPLAY_NAME_UNRESOLVED",89,MEDIUM
3301335,"","Coelho da Silva",IDENTITY_FRAGMENT,Contracted,5736,573,107216,"Ituano SCF",573,107216,"Ituano SCF",False,917,2003,2005-01-31,Defined,30,2005,,,2,1,"DISPLAY_NAME_UNRESOLVED",89,MEDIUM
318130,"","da Costa Franco",IDENTITY_FRAGMENT,Contracted,3837,573,107216,"Ituano SCF",573,107216,"Ituano SCF",False,100,2001,2007-01-31,Defined,30,2007,,,1,1,"DISPLAY_NAME_UNRESOLVED",89,MEDIUM
315815,"","da Silva Jacques",IDENTITY_FRAGMENT,Contracted,2920,573,107216,"Ituano SCF",573,107216,"Ituano SCF",False,353,2001,2006-01-31,Defined,30,2006,,,2,1,"DISPLAY_NAME_UNRESOLVED",89,MEDIUM
8835186,"","da Silva Jaques",IDENTITY_FRAGMENT,Contracted,7743,573,107216,"Ituano SCF",573,107216,"Ituano SCF",False,318,2001,2006-01-31,Defined,30,2006,,,2,1,"DISPLAY_NAME_UNRESOLVED",89,MEDIUM
8825063,"","Daniel Marques",IDENTITY_FRAGMENT,OnLoan,6726,58,329,"SE Palmeiras",573,107216,"Ituano SCF",True,278,2003,2006-05-31,Defined,150,2006,278,2004-12-31,2,2,"DISPLAY_NAME_UNRESOLVED",97,HIGH
304248,"","de Salles",IDENTITY_FRAGMENT,OnLoan,1082,1064,311026,"Marília AC",573,107216,"Ituano SCF",True,387,2001,2006-01-31,Defined,30,2006,387,2004-12-31,2,2,"DISPLAY_NAME_UNRESOLVED",97,HIGH
318113,"","Dias Pereira Filho",IDENTITY_FRAGMENT,Contracted,3822,573,107216,"Ituano SCF",573,107216,"Ituano SCF",False,128,2001,2006-01-31,Defined,30,2006,,,2,1,"DISPLAY_NAME_UNRESOLVED",89,MEDIUM
304190,"","Didi",IDENTITY_FRAGMENT,Contracted,1059,573,107216,"Ituano SCF",573,107216,"Ituano SCF",False,718,2001,2006-01-31,Defined,30,2006,,,2,1,"DISPLAY_NAME_UNRESOLVED",89,MEDIUM
8835185,"","Diolei",IDENTITY_FRAGMENT,Contracted,7742,573,107216,"Ituano SCF",573,107216,"Ituano SCF",False,100,2001,2008-01-31,Defined,30,2008,,,2,1,"DISPLAY_NAME_UNRESOLVED",89,MEDIUM
8835187,"","do Amaral",IDENTITY_FRAGMENT,Contracted,7744,573,107216,"Ituano SCF",573,107216,"Ituano SCF",False,151,2004,2005-01-31,Defined,30,2005,,,2,1,"DISPLAY_NAME_UNRESOLVED",89,MEDIUM
312086,"","dos Santos Hotti",IDENTITY_FRAGMENT,Contracted,2504,573,107216,"Ituano SCF",573,107216,"Ituano SCF",False,52,2001,2006-01-31,Defined,30,2006,,,2,1,"DISPLAY_NAME_UNRESOLVED",89,MEDIUM
8835182,"","Drey",IDENTITY_FRAGMENT,Contracted,7739,573,107216,"Ituano SCF",573,107216,"Ituano SCF",False,100,2001,2008-01-31,Defined,30,2008,,,1,1,"DISPLAY_NAME_UNRESOLVED",89,MEDIUM
318114,"","Eduardo Luiz",IDENTITY_FRAGMENT,Contracted,3823,573,107216,"Ituano SCF",573,107216,"Ituano SCF",False,52,2001,2006-01-31,Defined,30,2006,,,2,1,"DISPLAY_NAME_UNRESOLVED",89,MEDIUM
8833596,"","Eurico Alessandro",IDENTITY_FRAGMENT,Contracted,7448,573,107216,"Ituano SCF",573,107216,"Ituano SCF",False,148,2004,2005-01-31,Defined,30,2005,,,2,1,"DISPLAY_NAME_UNRESOLVED",89,MEDIUM
318122,"","Fábio Sander",IDENTITY_FRAGMENT,Contracted,3831,573,107216,"Ituano SCF",573,107216,"Ituano SCF",False,189,2001,2006-01-31,Defined,30,2006,,,2,1,"DISPLAY_NAME_UNRESOLVED",89,MEDIUM
305525,"","Fernandes de Souza",IDENTITY_FRAGMENT,Contracted,1383,573,107216,"Ituano SCF",573,107216,"Ituano SCF",False,164,2003,2006-01-31,Defined,30,2006,,,1,1,"DISPLAY_NAME_UNRESOLVED",89,MEDIUM
312102,"","Francisco José",IDENTITY_FRAGMENT,Contracted,2507,573,107216,"Ituano SCF",573,107216,"Ituano SCF",False,126,2002,2006-01-31,Defined,30,2006,,,2,1,"DISPLAY_NAME_UNRESOLVED",89,MEDIUM
317752,"","Franco de Luna",IDENTITY_FRAGMENT,Contracted,3772,573,107216,"Ituano SCF",573,107216,"Ituano SCF",False,52,2001,2006-01-31,Defined,30,2006,,,2,1,"DISPLAY_NAME_UNRESOLVED",89,MEDIUM
318112,"","Gomes Viana",IDENTITY_FRAGMENT,Contracted,3821,573,107216,"Ituano SCF",573,107216,"Ituano SCF",False,175,2001,2006-01-31,Defined,30,2006,,,2,1,"DISPLAY_NAME_UNRESOLVED",89,MEDIUM
8833595,"","Gustinelli Migliati",IDENTITY_FRAGMENT,Contracted,7447,573,107216,"Ituano SCF",573,107216,"Ituano SCF",False,380,2004,2005-01-31,Defined,30,2005,,,2,1,"DISPLAY_NAME_UNRESOLVED",89,MEDIUM
8835184,"","Hovarth",IDENTITY_FRAGMENT,Contracted,7741,573,107216,"Ituano SCF",573,107216,"Ituano SCF",False,125,2001,2007-01-31,Defined,30,2007,,,1,1,"DISPLAY_NAME_UNRESOLVED",89,MEDIUM
318111,"","Izael",IDENTITY_FRAGMENT,Contracted,3820,573,107216,"Ituano SCF",573,107216,"Ituano SCF",False,194,2001,2006-01-31,Defined,30,2006,,,2,1,"DISPLAY_NAME_UNRESOLVED",89,MEDIUM
8827474,"","Jales",IDENTITY_FRAGMENT,OnLoan,6890,872,301354,"AD São Caetano",573,107216,"Ituano SCF",True,75,2002,2008-04-02,Defined,92,2008,75,2004-12-31,2,2,"DISPLAY_NAME_UNRESOLVED",97,HIGH
8825160,"","Jonny Meg",IDENTITY_FRAGMENT,Contracted,6744,573,107216,"Ituano SCF",573,107216,"Ituano SCF",False,91,2001,2005-01-31,Defined,30,2005,,,2,1,"DISPLAY_NAME_UNRESOLVED",89,MEDIUM
304295,"","Leandro Campos",IDENTITY_FRAGMENT,Contracted,1094,573,107216,"Ituano SCF",573,107216,"Ituano SCF",False,472,2001,2009-01-31,Defined,30,2009,,,1,1,"DISPLAY_NAME_UNRESOLVED",89,MEDIUM
318118,"","Lucas Pierre",IDENTITY_FRAGMENT,Contracted,3827,573,107216,"Ituano SCF",573,107216,"Ituano SCF",False,280,2002,2007-01-02,Defined,1,2007,,,2,1,"DISPLAY_NAME_UNRESOLVED",89,MEDIUM
8835189,"","Marques Antoneli",IDENTITY_FRAGMENT,Contracted,7746,573,107216,"Ituano SCF",573,107216,"Ituano SCF",False,102,2001,2006-01-31,Defined,30,2006,,,2,1,"DISPLAY_NAME_UNRESOLVED",89,MEDIUM
8825155,"","Marques Filho",IDENTITY_FRAGMENT,Contracted,6742,573,107216,"Ituano SCF",573,107216,"Ituano SCF",False,112,2003,2006-02-16,Defined,46,2006,,,2,1,"DISPLAY_NAME_UNRESOLVED",89,MEDIUM
304130,"","Martins Cabral",IDENTITY_FRAGMENT,OnLoan,1047,574,107218,"Juventus (SP)",573,107216,"Ituano SCF",True,179,2001,2006-01-31,Defined,30,2006,179,2004-12-31,2,2,"DISPLAY_NAME_UNRESOLVED",97,HIGH
318129,"","Martins Canuto",IDENTITY_FRAGMENT,Contracted,3836,573,107216,"Ituano SCF",573,107216,"Ituano SCF",False,100,2001,2007-01-31,Defined,30,2007,,,1,1,"DISPLAY_NAME_UNRESOLVED",89,MEDIUM
8835183,"","Ortiz",IDENTITY_FRAGMENT,Contracted,7740,573,107216,"Ituano SCF",573,107216,"Ituano SCF",False,100,2001,2009-01-31,Defined,30,2009,,,1,1,"DISPLAY_NAME_UNRESOLVED",89,MEDIUM
8825140,"","Raoni",IDENTITY_FRAGMENT,Contracted,6740,573,107216,"Ituano SCF",573,107216,"Ituano SCF",False,52,2001,2005-01-31,Defined,30,2005,,,2,1,"DISPLAY_NAME_UNRESOLVED",89,MEDIUM
318116,"","Ribeiro Barbosa",IDENTITY_FRAGMENT,Contracted,3825,573,107216,"Ituano SCF",573,107216,"Ituano SCF",False,52,2001,2006-01-31,Defined,30,2006,,,2,1,"DISPLAY_NAME_UNRESOLVED",89,MEDIUM
8833598,"","Ricardo Araújo",IDENTITY_FRAGMENT,OnLoan,7450,770,301157,"Goiânia EC",573,107216,"Ituano SCF",True,315,2003,2006-01-31,Defined,30,2006,315,2004-12-31,2,2,"DISPLAY_NAME_UNRESOLVED",97,HIGH
3300132,"","Ricardo Lopes",IDENTITY_FRAGMENT,Contracted,5240,573,107216,"Ituano SCF",573,107216,"Ituano SCF",False,544,2004,2007-08-27,Defined,238,2007,,,2,1,"DISPLAY_NAME_UNRESOLVED",89,MEDIUM
307343,"","Santos dos Reis",IDENTITY_FRAGMENT,Contracted,1840,573,107216,"Ituano SCF",573,107216,"Ituano SCF",False,196,2002,2006-01-31,Defined,30,2006,,,2,1,"DISPLAY_NAME_UNRESOLVED",89,MEDIUM
8835190,"","Sidney Cristiano",IDENTITY_FRAGMENT,Contracted,7747,573,107216,"Ituano SCF",573,107216,"Ituano SCF",False,233,2001,2006-01-31,Defined,30,2006,,,2,1,"DISPLAY_NAME_UNRESOLVED",89,MEDIUM
8835188,"","Sílvio João",IDENTITY_FRAGMENT,Contracted,7745,573,107216,"Ituano SCF",573,107216,"Ituano SCF",False,180,2001,2006-01-31,Defined,30,2006,,,2,1,"DISPLAY_NAME_UNRESOLVED",89,MEDIUM
318121,"","Siqueira Lourenço",IDENTITY_FRAGMENT,Contracted,3830,573,107216,"Ituano SCF",573,107216,"Ituano SCF",False,52,2001,2006-01-31,Defined,30,2006,,,2,1,"DISPLAY_NAME_UNRESOLVED",89,MEDIUM
8825159,"","Souza Rocha",IDENTITY_FRAGMENT,Contracted,6743,573,107216,"Ituano SCF",573,107216,"Ituano SCF",False,75,2003,2006-01-31,Defined,30,2006,,,2,1,"DISPLAY_NAME_UNRESOLVED",89,MEDIUM
318126,"","Tita",IDENTITY_FRAGMENT,Contracted,3833,573,107216,"Ituano SCF",573,107216,"Ituano SCF",False,219,2002,2007-08-04,Defined,215,2007,,,1,1,"DISPLAY_NAME_UNRESOLVED",89,MEDIUM
8825851,"","Trévor Luís",IDENTITY_FRAGMENT,Contracted,6810,573,107216,"Ituano SCF",573,107216,"Ituano SCF",False,52,2001,2005-01-31,Defined,30,2005,,,2,1,"DISPLAY_NAME_UNRESOLVED",89,MEDIUM
8835191,"","Wilson Tiago",IDENTITY_FRAGMENT,Contracted,7748,573,107216,"Ituano SCF",573,107216,"Ituano SCF",False,420,2003,2006-01-31,Defined,30,2006,,,2,1,"DISPLAY_NAME_UNRESOLVED",89,MEDIUM
304641,"","Christiano Florêncio",IDENTITY_FRAGMENT,Contracted,1228,905,303614,"Jaboticabal A",905,303614,"Jaboticabal A",False,438,2001,2006-01-31,Defined,30,2006,,,1,1,"DISPLAY_NAME_UNRESOLVED",89,MEDIUM
306584,"","Cruz de Oliveira",IDENTITY_FRAGMENT,Contracted,1655,841,301292,"Ji-Paraná FC",841,301292,"Ji-Paraná FC",False,75,2001,2006-01-31,Defined,30,2006,,,2,1,"DISPLAY_NAME_UNRESOLVED",89,MEDIUM
8830596,"","Aberson",IDENTITY_FRAGMENT,Contracted,7095,851,301310,"Joinville EC",851,301310,"Joinville EC",False,30,2001,2005-01-31,Defined,30,2005,,,1,1,"DISPLAY_NAME_UNRESOLVED",89,MEDIUM
304303,"","Bambam",IDENTITY_FRAGMENT,Contracted,1098,851,301310,"Joinville EC",851,301310,"Joinville EC",False,272,2001,2006-01-31,Defined,30,2006,,,2,1,"DISPLAY_NAME_UNRESOLVED",89,MEDIUM
316353,"","Batista Flores",IDENTITY_FRAGMENT,Contracted,3223,851,301310,"Joinville EC",851,301310,"Joinville EC",False,118,2003,2004-12-15,Defined,349,2004,,,2,1,"DISPLAY_NAME_UNRESOLVED",89,MEDIUM
8830588,"","Brandão Cestaro",IDENTITY_FRAGMENT,Contracted,7091,851,301310,"Joinville EC",851,301310,"Joinville EC",False,132,2001,2006-01-31,Defined,30,2006,,,2,1,"DISPLAY_NAME_UNRESOLVED",89,MEDIUM
8833599,"","Bredher Gilbert",IDENTITY_FRAGMENT,Contracted,7451,851,301310,"Joinville EC",851,301310,"Joinville EC",False,184,2001,2006-01-31,Defined,30,2006,,,2,1,"DISPLAY_NAME_UNRESOLVED",89,MEDIUM
304296,"","Bustamante",IDENTITY_FRAGMENT,Contracted,1095,851,301310,"Joinville EC",851,301310,"Joinville EC",False,100,2001,2008-01-31,Defined,30,2008,,,2,1,"DISPLAY_NAME_UNRESOLVED",89,MEDIUM
311359,"","Câmara Alves",IDENTITY_FRAGMENT,Contracted,2362,851,301310,"Joinville EC",851,301310,"Joinville EC",False,120,2001,2006-01-31,Defined,30,2006,,,2,1,"DISPLAY_NAME_UNRESOLVED",89,MEDIUM
3300927,"","Camargo Coracini",IDENTITY_FRAGMENT,Contracted,5531,851,301310,"Joinville EC",851,301310,"Joinville EC",False,239,2003,2004-12-31,Defined,365,2004,,,1,1,"DISPLAY_NAME_UNRESOLVED",89,MEDIUM
304310,"","Capistrano",IDENTITY_FRAGMENT,Contracted,1100,851,301310,"Joinville EC",851,301310,"Joinville EC",False,75,2001,2006-01-31,Defined,30,2006,,,2,1,"DISPLAY_NAME_UNRESOLVED",89,MEDIUM
316360,"","César Ricardo",IDENTITY_FRAGMENT,Contracted,3227,851,301310,"Joinville EC",851,301310,"Joinville EC",False,135,2001,2006-01-31,Defined,30,2006,,,2,1,"DISPLAY_NAME_UNRESOLVED",89,MEDIUM
316397,"","Cléber Orleans",IDENTITY_FRAGMENT,OnLoan,3257,49,320,"Criciúma EC",851,301310,"Joinville EC",True,349,2001,2006-01-31,Defined,30,2006,349,2004-12-31,2,2,"DISPLAY_NAME_UNRESOLVED",97,HIGH
311355,"","Costa Leite",IDENTITY_FRAGMENT,Contracted,2359,851,301310,"Joinville EC",851,301310,"Joinville EC",False,120,2001,2006-01-31,Defined,30,2006,,,2,1,"DISPLAY_NAME_UNRESOLVED",89,MEDIUM
319654,"","da Rocha Toreti",IDENTITY_FRAGMENT,Contracted,4112,851,301310,"Joinville EC",851,301310,"Joinville EC",False,210,2003,2007-12-31,Defined,364,2007,,,2,1,"DISPLAY_NAME_UNRESOLVED",89,MEDIUM
319657,"","de Oliveira Nunes",IDENTITY_FRAGMENT,Contracted,4115,851,301310,"Joinville EC",851,301310,"Joinville EC",False,219,2003,2004-06-30,Defined,181,2004,,,2,1,"DISPLAY_NAME_UNRESOLVED",89,MEDIUM
311353,"","Demonti",IDENTITY_FRAGMENT,Contracted,2357,851,301310,"Joinville EC",851,301310,"Joinville EC",False,75,2001,2008-01-31,Defined,30,2008,,,1,1,"DISPLAY_NAME_UNRESOLVED",89,MEDIUM
316357,"","Dias Lourenço",IDENTITY_FRAGMENT,Contracted,3224,851,301310,"Joinville EC",851,301310,"Joinville EC",False,266,2003,2004-12-15,Defined,349,2004,,,2,1,"DISPLAY_NAME_UNRESOLVED",89,MEDIUM
319661,"","dos Passos Linduíno",IDENTITY_FRAGMENT,Contracted,4118,851,301310,"Joinville EC",851,301310,"Joinville EC",False,225,2003,2007-12-31,Defined,364,2007,,,2,1,"DISPLAY_NAME_UNRESOLVED",89,MEDIUM
319655,"","Eder Donizetti",IDENTITY_FRAGMENT,Contracted,4113,851,301310,"Joinville EC",851,301310,"Joinville EC",False,96,2001,2005-01-31,Defined,30,2005,,,2,1,"DISPLAY_NAME_UNRESOLVED",89,MEDIUM
316366,"","Fábio Aparecido",IDENTITY_FRAGMENT,Contracted,3231,851,301310,"Joinville EC",851,301310,"Joinville EC",False,210,2002,2005-05-23,Defined,142,2005,,,2,1,"DISPLAY_NAME_UNRESOLVED",89,MEDIUM
311351,"","Felini",IDENTITY_FRAGMENT,Contracted,2355,851,301310,"Joinville EC",851,301310,"Joinville EC",False,100,2001,2009-01-31,Defined,30,2009,,,1,1,"DISPLAY_NAME_UNRESOLVED",89,MEDIUM
311098,"","Figueiredo Cruz",IDENTITY_FRAGMENT,Contracted,2240,851,301310,"Joinville EC",851,301310,"Joinville EC",False,637,2001,2008-01-31,Defined,30,2008,,,1,1,"DISPLAY_NAME_UNRESOLVED",89,MEDIUM
304308,"","Fladimir",IDENTITY_FRAGMENT,Contracted,1099,851,301310,"Joinville EC",851,301310,"Joinville EC",False,387,2001,2006-01-31,Defined,30,2006,,,2,1,"DISPLAY_NAME_UNRESOLVED",89,MEDIUM
311358,"","Fonseca Nunes",IDENTITY_FRAGMENT,Contracted,2361,851,301310,"Joinville EC",851,301310,"Joinville EC",False,167,2001,2006-01-31,Defined,30,2006,,,2,1,"DISPLAY_NAME_UNRESOLVED",89,MEDIUM
312254,"","Gil",IDENTITY_FRAGMENT,Contracted,2539,851,301310,"Joinville EC",851,301310,"Joinville EC",False,416,2001,2006-01-31,Defined,30,2006,,,1,1,"DISPLAY_NAME_UNRESOLVED",89,MEDIUM
310770,"","Henrique Jorge",IDENTITY_FRAGMENT,Contracted,2101,851,301310,"Joinville EC",851,301310,"Joinville EC",False,304,2003,2005-12-15,Defined,348,2005,,,2,1,"DISPLAY_NAME_UNRESOLVED",89,MEDIUM
319660,"","Jaílton",IDENTITY_FRAGMENT,Contracted,4117,851,301310,"Joinville EC",851,301310,"Joinville EC",False,75,2003,2004-12-16,Defined,350,2004,,,2,1,"DISPLAY_NAME_UNRESOLVED",89,MEDIUM
142333,"","Janderson",IDENTITY_FRAGMENT,Contracted,677,851,301310,"Joinville EC",851,301310,"Joinville EC",False,1074,2004,2004-12-15,Defined,349,2004,,,2,1,"DISPLAY_NAME_UNRESOLVED",89,MEDIUM
304297,"","Jiovanildo Francisco",IDENTITY_FRAGMENT,Contracted,1096,851,301310,"Joinville EC",851,301310,"Joinville EC",False,165,2001,2006-01-31,Defined,30,2006,,,2,1,"DISPLAY_NAME_UNRESOLVED",89,MEDIUM
315852,"","Jonathan Modesto",IDENTITY_FRAGMENT,FormationContract,2952,851,301310,"Joinville EC",851,301310,"Joinville EC",False,59,2003,,NotDefined,1,1900,,,2,1,"SENTINEL_END_DATE|DISPLAY_NAME_UNRESOLVED",89,MEDIUM
316364,"","José Rodrigo",IDENTITY_FRAGMENT,Contracted,3230,851,301310,"Joinville EC",851,301310,"Joinville EC",False,75,2001,2006-01-31,Defined,30,2006,,,2,1,"DISPLAY_NAME_UNRESOLVED",89,MEDIUM
315850,"","Leandro Souza",IDENTITY_FRAGMENT,Contracted,2951,851,301310,"Joinville EC",851,301310,"Joinville EC",False,271,2001,2006-01-31,Defined,30,2006,,,2,1,"DISPLAY_NAME_UNRESOLVED",89,MEDIUM
316403,"","Lopes de Oliveira",IDENTITY_FRAGMENT,Contracted,3263,851,301310,"Joinville EC",851,301310,"Joinville EC",False,425,2004,2004-12-15,Defined,349,2004,,,2,1,"DISPLAY_NAME_UNRESOLVED",89,MEDIUM
5660440,"","Luciano Roger",IDENTITY_FRAGMENT,Contracted,6300,851,301310,"Joinville EC",851,301310,"Joinville EC",False,490,2004,2006-01-31,Defined,30,2006,,,2,1,"DISPLAY_NAME_UNRESOLVED",89,MEDIUM
316362,"","Luiz Carlos",IDENTITY_FRAGMENT,Contracted,3228,851,301310,"Joinville EC",851,301310,"Joinville EC",False,148,2002,2006-01-31,Defined,30,2006,,,2,1,"DISPLAY_NAME_UNRESOLVED",89,MEDIUM
304324,"","Magal",IDENTITY_FRAGMENT,Contracted,1104,851,301310,"Joinville EC",851,301310,"Joinville EC",False,346,2001,2006-01-31,Defined,30,2006,,,2,1,"DISPLAY_NAME_UNRESOLVED",89,MEDIUM
317753,"","Normando",IDENTITY_FRAGMENT,Contracted,3773,851,301310,"Joinville EC",851,301310,"Joinville EC",False,338,2003,2004-12-31,Defined,365,2004,,,2,1,"DISPLAY_NAME_UNRESOLVED",89,MEDIUM
5701531,"","Paulini",IDENTITY_FRAGMENT,Contracted,6321,851,301310,"Joinville EC",851,301310,"Joinville EC",False,798,2003,2004-12-31,Defined,365,2004,,,2,1,"DISPLAY_NAME_UNRESOLVED",89,MEDIUM
316371,"","Polli Batista",IDENTITY_FRAGMENT,Contracted,3234,851,301310,"Joinville EC",851,301310,"Joinville EC",False,100,2001,2008-01-31,Defined,30,2008,,,2,1,"DISPLAY_NAME_UNRESOLVED",89,MEDIUM
8833600,"","Rhuan Carlos",IDENTITY_FRAGMENT,Contracted,7452,851,301310,"Joinville EC",851,301310,"Joinville EC",False,30,2004,2005-01-31,Defined,30,2005,,,2,1,"DISPLAY_NAME_UNRESOLVED",89,MEDIUM
311352,"","Romero",IDENTITY_FRAGMENT,Contracted,2356,851,301310,"Joinville EC",851,301310,"Joinville EC",False,100,2001,2008-01-31,Defined,30,2008,,,1,1,"DISPLAY_NAME_UNRESOLVED",89,MEDIUM
304301,"","Ronconi",IDENTITY_FRAGMENT,Contracted,1097,851,301310,"Joinville EC",851,301310,"Joinville EC",False,335,2001,2006-01-31,Defined,30,2006,,,2,1,"DISPLAY_NAME_UNRESOLVED",89,MEDIUM
319656,"","Rosa de Souza",IDENTITY_FRAGMENT,Contracted,4114,851,301310,"Joinville EC",851,301310,"Joinville EC",False,30,2001,2005-01-31,Defined,30,2005,,,2,1,"DISPLAY_NAME_UNRESOLVED",89,MEDIUM
319659,"","Ruan Carlos",IDENTITY_FRAGMENT,Contracted,4116,851,301310,"Joinville EC",851,301310,"Joinville EC",False,189,2001,2006-01-31,Defined,30,2006,,,2,1,"DISPLAY_NAME_UNRESOLVED",89,MEDIUM
728288,"","Trinidade de Oliveira",IDENTITY_FRAGMENT,OnLoan,4702,1064,311026,"Marília AC",851,301310,"Joinville EC",True,278,2002,2005-06-28,Defined,178,2005,278,2004-12-31,2,2,"DISPLAY_NAME_UNRESOLVED",97,HIGH
3301424,"","Válbson",IDENTITY_FRAGMENT,Contracted,5758,851,301310,"Joinville EC",851,301310,"Joinville EC",False,392,2003,2004-12-15,Defined,349,2004,,,2,1,"DISPLAY_NAME_UNRESOLVED",89,MEDIUM
9562,"","Adelson",IDENTITY_FRAGMENT,Contracted,223,753,301125,"Juazeiro (BA)",753,301125,"Juazeiro (BA)",False,265,2001,2006-01-31,Defined,30,2006,,,2,1,"DISPLAY_NAME_UNRESOLVED",89,MEDIUM
3901169,"","Cardoso de Jesús",IDENTITY_FRAGMENT,Contracted,5972,753,301125,"Juazeiro (BA)",753,301125,"Juazeiro (BA)",False,75,2001,2006-01-31,Defined,30,2006,,,2,1,"DISPLAY_NAME_UNRESOLVED",89,MEDIUM
308295,"","de Souza Freitas",IDENTITY_FRAGMENT,Contracted,1894,753,301125,"Juazeiro (BA)",753,301125,"Juazeiro (BA)",False,255,2001,2006-01-31,Defined,30,2006,,,2,1,"DISPLAY_NAME_UNRESOLVED",89,MEDIUM
115846,"","Gama Nunes",IDENTITY_FRAGMENT,Contracted,566,753,301125,"Juazeiro (BA)",753,301125,"Juazeiro (BA)",False,224,2001,2006-01-31,Defined,30,2006,,,1,1,"DISPLAY_NAME_UNRESOLVED",89,MEDIUM
902327,"","Haílton",IDENTITY_FRAGMENT,Contracted,4874,753,301125,"Juazeiro (BA)",753,301125,"Juazeiro (BA)",False,809,2001,2005-01-31,Defined,30,2005,,,2,1,"DISPLAY_NAME_UNRESOLVED",89,MEDIUM
3202039,"","Janílson",IDENTITY_FRAGMENT,Contracted,5216,753,301125,"Juazeiro (BA)",753,301125,"Juazeiro (BA)",False,695,2002,2006-01-31,Defined,30,2006,,,2,1,"DISPLAY_NAME_UNRESOLVED",89,MEDIUM
308303,"","Maciel",IDENTITY_FRAGMENT,Contracted,1895,753,301125,"Juazeiro (BA)",753,301125,"Juazeiro (BA)",False,75,2001,2006-01-31,Defined,30,2006,,,1,1,"DISPLAY_NAME_UNRESOLVED",89,MEDIUM
2001449,"","Murilo André",IDENTITY_FRAGMENT,Contracted,4995,753,301125,"Juazeiro (BA)",753,301125,"Juazeiro (BA)",False,387,2001,2006-01-31,Defined,30,2006,,,2,1,"DISPLAY_NAME_UNRESOLVED",89,MEDIUM
902079,"","Nunes de Almeida",IDENTITY_FRAGMENT,Contracted,4871,753,301125,"Juazeiro (BA)",753,301125,"Juazeiro (BA)",False,75,2001,2006-01-31,Defined,30,2006,,,2,1,"DISPLAY_NAME_UNRESOLVED",89,MEDIUM
317218,"","Santos Guimarães",IDENTITY_FRAGMENT,Contracted,3644,753,301125,"Juazeiro (BA)",753,301125,"Juazeiro (BA)",False,237,2001,2006-01-31,Defined,30,2006,,,2,1,"DISPLAY_NAME_UNRESOLVED",89,MEDIUM
6900124,"","Sapatão",IDENTITY_FRAGMENT,Contracted,6485,753,301125,"Juazeiro (BA)",753,301125,"Juazeiro (BA)",False,250,2001,2007-01-31,Defined,30,2007,,,2,1,"DISPLAY_NAME_UNRESOLVED",89,MEDIUM
3301579,"","Thoni Jarbas",IDENTITY_FRAGMENT,Contracted,5815,753,301125,"Juazeiro (BA)",753,301125,"Juazeiro (BA)",False,75,2001,2006-01-31,Defined,30,2006,,,1,1,"DISPLAY_NAME_UNRESOLVED",89,MEDIUM
317928,"","Anderson Xavier",IDENTITY_FRAGMENT,Contracted,3794,779,301173,"Juventude (MT)",779,301173,"Juventude (MT)",False,250,2001,2009-01-31,Defined,30,2009,,,2,1,"DISPLAY_NAME_UNRESOLVED",89,MEDIUM
319708,"","Éber Luís",IDENTITY_FRAGMENT,Contracted,4150,779,301173,"Juventude (MT)",779,301173,"Juventude (MT)",False,142,2001,2006-01-31,Defined,30,2006,,,2,1,"DISPLAY_NAME_UNRESOLVED",89,MEDIUM
319704,"","Fraga Bonfim",IDENTITY_FRAGMENT,Contracted,4146,779,301173,"Juventude (MT)",779,301173,"Juventude (MT)",False,377,2001,2005-01-31,Defined,30,2005,,,2,1,"DISPLAY_NAME_UNRESOLVED",89,MEDIUM
306793,"","Moreno Oliveira",IDENTITY_FRAGMENT,Contracted,1707,779,301173,"Juventude (MT)",779,301173,"Juventude (MT)",False,75,2001,2006-01-31,Defined,30,2006,,,1,1,"DISPLAY_NAME_UNRESOLVED",89,MEDIUM
319701,"","Oldra",IDENTITY_FRAGMENT,Contracted,4143,779,301173,"Juventude (MT)",779,301173,"Juventude (MT)",False,239,2001,2006-01-31,Defined,30,2006,,,2,1,"DISPLAY_NAME_UNRESOLVED",89,MEDIUM
306785,"","Santos Figueiredo",IDENTITY_FRAGMENT,Contracted,1705,779,301173,"Juventude (MT)",779,301173,"Juventude (MT)",False,280,2001,2006-01-31,Defined,30,2006,,,2,1,"DISPLAY_NAME_UNRESOLVED",89,MEDIUM
306786,"","Tiquinho",IDENTITY_FRAGMENT,Contracted,1706,779,301173,"Juventude (MT)",779,301173,"Juventude (MT)",False,75,2001,2006-01-31,Defined,30,2006,,,2,1,"DISPLAY_NAME_UNRESOLVED",89,MEDIUM
500128,"","Ferreira da Rosa",IDENTITY_FRAGMENT,Contracted,4562,252,1139,"Juventus",252,1139,"Juventus",False,39500,2004,2009-06-30,Defined,180,2009,,,2,1,"DISPLAY_NAME_UNRESOLVED",89,MEDIUM
307003,"","Brida",IDENTITY_FRAGMENT,Contracted,1764,574,107218,"Juventus (SP)",574,107218,"Juventus (SP)",False,250,2001,2008-01-31,Defined,30,2008,,,1,1,"DISPLAY_NAME_UNRESOLVED",89,MEDIUM
304160,"","Luciano Bebê",IDENTITY_FRAGMENT,OnLoan,1055,48,319,"SC Corinthians Paulista",574,107218,"Juventus (SP)",True,392,2001,2006-01-31,Defined,30,2006,392,2004-12-31,2,2,"DISPLAY_NAME_UNRESOLVED",97,HIGH
529524,"","de Camargo",IDENTITY_FRAGMENT,Contracted,4582,34,258,"K Racing Club Genk",34,258,"K Racing Club Genk",False,1330,2000,2007-06-30,Defined,180,2007,,,2,1,"DISPLAY_NAME_UNRESOLVED",89,MEDIUM
3300778,"","de Oliveira Gomes",IDENTITY_FRAGMENT,Contracted,5475,408,1809,"Kalmar FF",408,1809,"Kalmar FF",False,585,2003,2005-12-11,Defined,344,2005,,,2,1,"DISPLAY_NAME_UNRESOLVED",89,MEDIUM
3300989,"","Souza",IDENTITY_FRAGMENT,Contracted,5561,337,1523,"Krylja Sovetov Samara",337,1523,"Krylja Sovetov Samara",False,5026,2003,2005-12-15,Defined,348,2005,,,2,1,"DISPLAY_NAME_UNRESOLVED",89,MEDIUM
308422,"","César",IDENTITY_FRAGMENT,Contracted,1938,253,1140,"Lázio",253,1140,"Lázio",False,16250,2001,2006-06-30,Defined,180,2006,,,2,1,"DISPLAY_NAME_UNRESOLVED",89,MEDIUM
3301316,"","Vitorino da Silva",IDENTITY_FRAGMENT,Contracted,5725,167,871,"Lens",167,871,"Lens",False,2277,2004,2006-06-30,Defined,180,2006,,,2,1,"DISPLAY_NAME_UNRESOLVED",89,MEDIUM
310976,"","Antônio Nei",IDENTITY_FRAGMENT,Contracted,2187,1583,1024428,"Liaoning Zhongba",1583,1024428,"Liaoning Zhongba",False,237,2001,2009-12-31,Defined,364,2009,,,1,1,"DISPLAY_NAME_UNRESOLVED",89,MEDIUM
303196,"","Soares de Almeida Neto",IDENTITY_FRAGMENT,Contracted,896,1599,1300197,"Litex (Lovech)",1599,1300197,"Litex (Lovech)",False,758,2004,2006-06-30,Defined,180,2006,,,2,1,"DISPLAY_NAME_UNRESOLVED",89,MEDIUM
308071,"","Tiago Silva",IDENTITY_FRAGMENT,Contracted,1862,1599,1300197,"Litex (Lovech)",1599,1300197,"Litex (Lovech)",False,3444,2002,2006-06-30,Defined,180,2006,,,2,1,"DISPLAY_NAME_UNRESOLVED",89,MEDIUM
121098,"","Francisco Govinho",IDENTITY_FRAGMENT,Contracted,612,338,1525,"Lokomotiv Moscovo",338,1525,"Lokomotiv Moscovo",False,15000,2004,2005-12-31,Defined,364,2005,,,2,1,"DISPLAY_NAME_UNRESOLVED",89,MEDIUM
306949,"","Abel Ribeiro",IDENTITY_FRAGMENT,Contracted,1739,1564,900678,"Londrina EC",1564,900678,"Londrina EC",False,608,2001,2008-01-31,Defined,30,2008,,,1,1,"DISPLAY_NAME_UNRESOLVED",89,MEDIUM
319617,"","Ademar Aparecido",IDENTITY_FRAGMENT,Contracted,4086,1564,900678,"Londrina EC",1564,900678,"Londrina EC",False,75,2001,2005-01-31,Defined,30,2005,,,2,1,"DISPLAY_NAME_UNRESOLVED",89,MEDIUM
3300665,"","Borovicz Cardoso Schweger",IDENTITY_FRAGMENT,Contracted,5419,1564,900678,"Londrina EC",1564,900678,"Londrina EC",False,224,2001,2006-08-07,Defined,218,2006,,,2,1,"DISPLAY_NAME_UNRESOLVED",89,MEDIUM
320852,"","Bueno Guimarães",IDENTITY_FRAGMENT,Contracted,4383,1564,900678,"Londrina EC",1564,900678,"Londrina EC",False,100,2001,2009-01-31,Defined,30,2009,,,1,1,"DISPLAY_NAME_UNRESOLVED",89,MEDIUM
319614,"","Carlos Renato",IDENTITY_FRAGMENT,Contracted,4083,1564,900678,"Londrina EC",1564,900678,"Londrina EC",False,75,2001,2005-01-31,Defined,30,2005,,,2,1,"DISPLAY_NAME_UNRESOLVED",89,MEDIUM
5701317,"","Cezar",IDENTITY_FRAGMENT,Contracted,6319,1564,900678,"Londrina EC",1564,900678,"Londrina EC",False,588,2004,2004-09-30,Defined,273,2004,,,2,1,"DISPLAY_NAME_UNRESOLVED",89,MEDIUM
303684,"","Cláudio Alexandre",IDENTITY_FRAGMENT,Contracted,964,1564,900678,"Londrina EC",1564,900678,"Londrina EC",False,571,2004,2006-01-31,Defined,30,2006,,,2,1,"DISPLAY_NAME_UNRESOLVED",89,MEDIUM
319609,"","Cláudio Roberto",IDENTITY_FRAGMENT,Contracted,4078,1564,900678,"Londrina EC",1564,900678,"Londrina EC",False,75,2001,2005-01-31,Defined,30,2005,,,2,1,"DISPLAY_NAME_UNRESOLVED",89,MEDIUM
301671,"","da Silva Magalhães",IDENTITY_FRAGMENT,Contracted,724,1564,900678,"Londrina EC",1564,900678,"Londrina EC",False,146,2001,2005-01-31,Defined,30,2005,,,2,1,"DISPLAY_NAME_UNRESOLVED",89,MEDIUM
8829637,"","da Silva Trannin",IDENTITY_FRAGMENT,Contracted,6942,1564,900678,"Londrina EC",1564,900678,"Londrina EC",False,181,2003,2006-01-31,Defined,30,2006,,,1,1,"DISPLAY_NAME_UNRESOLVED",89,MEDIUM
320853,"","Danieli",IDENTITY_FRAGMENT,Contracted,4384,1564,900678,"Londrina EC",1564,900678,"Londrina EC",False,75,2001,2008-01-31,Defined,30,2008,,,1,1,"DISPLAY_NAME_UNRESOLVED",89,MEDIUM
319610,"","de Castro Frisselli",IDENTITY_FRAGMENT,Contracted,4079,1564,900678,"Londrina EC",1564,900678,"Londrina EC",False,75,2001,2005-01-31,Defined,30,2005,,,2,1,"DISPLAY_NAME_UNRESOLVED",89,MEDIUM
319592,"","de Jesús Henrique",IDENTITY_FRAGMENT,Contracted,4061,1564,900678,"Londrina EC",1564,900678,"Londrina EC",False,75,2002,2006-01-31,Defined,30,2006,,,2,1,"DISPLAY_NAME_UNRESOLVED",89,MEDIUM
311748,"","de Jesús Santos",IDENTITY_FRAGMENT,Contracted,2435,1564,900678,"Londrina EC",1564,900678,"Londrina EC",False,375,2000,2006-01-31,Defined,30,2006,,,2,1,"DISPLAY_NAME_UNRESOLVED",89,MEDIUM
8825754,"","de Oliveira Avelar",IDENTITY_FRAGMENT,Contracted,6785,1564,900678,"Londrina EC",1564,900678,"Londrina EC",False,30,2001,2005-01-31,Defined,30,2005,,,2,1,"DISPLAY_NAME_UNRESOLVED",89,MEDIUM
8825770,"","de Souza Medeiros",IDENTITY_FRAGMENT,Contracted,6801,1564,900678,"Londrina EC",1564,900678,"Londrina EC",False,30,2001,2005-01-31,Defined,30,2005,,,2,1,"DISPLAY_NAME_UNRESOLVED",89,MEDIUM
8825769,"","Diego Carlos",IDENTITY_FRAGMENT,FormationContract,6800,1564,900678,"Londrina EC",1564,900678,"Londrina EC",False,30,2001,,NotDefined,1,1900,,,2,1,"SENTINEL_END_DATE|DISPLAY_NAME_UNRESOLVED",89,MEDIUM
8832805,"","Diego Henrique",IDENTITY_FRAGMENT,FormationContract,7150,1564,900678,"Londrina EC",1564,900678,"Londrina EC",False,30,2004,,NotDefined,1,1900,,,2,1,"SENTINEL_END_DATE|DISPLAY_NAME_UNRESOLVED",89,MEDIUM
8825758,"","Diego Rodrigo",IDENTITY_FRAGMENT,FormationContract,6789,1564,900678,"Londrina EC",1564,900678,"Londrina EC",False,30,2001,,NotDefined,1,1900,,,2,1,"SENTINEL_END_DATE|DISPLAY_NAME_UNRESOLVED",89,MEDIUM
305287,"","do Carmo Matias",IDENTITY_FRAGMENT,OnLoan,1360,58,329,"SE Palmeiras",1564,900678,"Londrina EC",True,188,2001,2006-03-09,Defined,67,2006,188,2004-12-31,1,2,"DISPLAY_NAME_UNRESOLVED",97,HIGH
319602,"","Domingues Pereira",IDENTITY_FRAGMENT,Contracted,4071,1564,900678,"Londrina EC",1564,900678,"Londrina EC",False,75,2001,2006-01-31,Defined,30,2006,,,2,1,"DISPLAY_NAME_UNRESOLVED",89,MEDIUM
304723,"","dos Santos Rossi",IDENTITY_FRAGMENT,Contracted,1237,1564,900678,"Londrina EC",1564,900678,"Londrina EC",False,433,2003,2006-01-31,Defined,30,2006,,,2,1,"DISPLAY_NAME_UNRESOLVED",89,MEDIUM
8832937,"","Eduardo Neves",IDENTITY_FRAGMENT,OnLoan,7256,56,327,"EC Juventude",1564,900678,"Londrina EC",True,204,2001,2006-10-09,Defined,281,2006,204,2004-12-31,2,2,"DISPLAY_NAME_UNRESOLVED",97,HIGH
8833609,"","Egon de Paula",IDENTITY_FRAGMENT,Contracted,7461,1564,900678,"Londrina EC",1564,900678,"Londrina EC",False,99,2004,2006-01-31,Defined,30,2006,,,2,1,"DISPLAY_NAME_UNRESOLVED",89,MEDIUM
319606,"","Everton Cryley",IDENTITY_FRAGMENT,Contracted,4075,1564,900678,"Londrina EC",1564,900678,"Londrina EC",False,75,2001,2006-01-31,Defined,30,2006,,,2,1,"DISPLAY_NAME_UNRESOLVED",89,MEDIUM
8833602,"","Ezequiel Daniel",IDENTITY_FRAGMENT,OnLoan,7454,883,301377,"Guarani de Palhoça",1564,900678,"Londrina EC",True,95,2003,2006-01-31,Defined,30,2006,95,2004-12-31,2,2,"DISPLAY_NAME_UNRESOLVED",97,HIGH
319595,"","Fábio Alexandre",IDENTITY_FRAGMENT,Contracted,4064,1564,900678,"Londrina EC",1564,900678,"Londrina EC",False,343,2001,2006-06-06,Defined,156,2006,,,2,1,"DISPLAY_NAME_UNRESOLVED",89,MEDIUM
8833603,"","Fábio Herbert",IDENTITY_FRAGMENT,Contracted,7455,1564,900678,"Londrina EC",1564,900678,"Londrina EC",False,215,2004,2006-01-31,Defined,30,2006,,,2,1,"DISPLAY_NAME_UNRESOLVED",89,MEDIUM
8825766,"","Gabriel Leandro",IDENTITY_FRAGMENT,FormationContract,6797,1564,900678,"Londrina EC",1564,900678,"Londrina EC",False,30,2001,,NotDefined,1,1900,,,2,1,"SENTINEL_END_DATE|DISPLAY_NAME_UNRESOLVED",89,MEDIUM
319615,"","Gasparino",IDENTITY_FRAGMENT,Contracted,4084,1564,900678,"Londrina EC",1564,900678,"Londrina EC",False,30,2001,2005-01-31,Defined,30,2005,,,2,1,"DISPLAY_NAME_UNRESOLVED",89,MEDIUM
317056,"","Giancarlo",IDENTITY_FRAGMENT,Contracted,3569,1564,900678,"Londrina EC",1564,900678,"Londrina EC",False,225,2003,2006-01-31,Defined,30,2006,,,2,1,"DISPLAY_NAME_UNRESOLVED",89,MEDIUM
8829634,"","Gil Steven",IDENTITY_FRAGMENT,Contracted,6941,1564,900678,"Londrina EC",1564,900678,"Londrina EC",False,590,2003,2006-01-31,Defined,30,2006,,,2,1,"DISPLAY_NAME_UNRESOLVED",89,MEDIUM
8825771,"","Guerra de Lima Almeida",IDENTITY_FRAGMENT,FormationContract,6802,1564,900678,"Londrina EC",1564,900678,"Londrina EC",False,30,2001,,NotDefined,1,1900,,,2,1,"SENTINEL_END_DATE|DISPLAY_NAME_UNRESOLVED",89,MEDIUM
8835192,"","Hiziel",IDENTITY_FRAGMENT,Contracted,7749,1564,900678,"Londrina EC",1564,900678,"Londrina EC",False,75,2001,2005-01-31,Defined,30,2005,,,2,1,"DISPLAY_NAME_UNRESOLVED",89,MEDIUM
8825767,"","Hyuri",IDENTITY_FRAGMENT,Contracted,6798,1564,900678,"Londrina EC",1564,900678,"Londrina EC",False,30,2001,2005-01-31,Defined,30,2005,,,2,1,"DISPLAY_NAME_UNRESOLVED",89,MEDIUM
8825773,"","Jader",IDENTITY_FRAGMENT,Contracted,6804,1564,900678,"Londrina EC",1564,900678,"Londrina EC",False,30,2001,2005-01-31,Defined,30,2005,,,2,1,"DISPLAY_NAME_UNRESOLVED",89,MEDIUM
8833604,"","Jean Carlos",IDENTITY_FRAGMENT,Contracted,7456,1564,900678,"Londrina EC",1564,900678,"Londrina EC",False,75,2001,2006-01-31,Defined,30,2006,,,2,1,"DISPLAY_NAME_UNRESOLVED",89,MEDIUM
319613,"","Jéferson Lucas",IDENTITY_FRAGMENT,Contracted,4082,1564,900678,"Londrina EC",1564,900678,"Londrina EC",False,75,2001,2005-01-31,Defined,30,2005,,,2,1,"DISPLAY_NAME_UNRESOLVED",89,MEDIUM
8825759,"","Jefferson Tássio",IDENTITY_FRAGMENT,FormationContract,6790,1564,900678,"Londrina EC",1564,900678,"Londrina EC",False,30,2001,,NotDefined,1,1900,,,2,1,"SENTINEL_END_DATE|DISPLAY_NAME_UNRESOLVED",89,MEDIUM
319601,"","Jhonnes",IDENTITY_FRAGMENT,Contracted,4070,1564,900678,"Londrina EC",1564,900678,"Londrina EC",False,75,2001,2005-01-31,Defined,30,2005,,,2,1,"DISPLAY_NAME_UNRESOLVED",89,MEDIUM
8825756,"","Joage",IDENTITY_FRAGMENT,FormationContract,6787,1564,900678,"Londrina EC",1564,900678,"Londrina EC",False,30,2001,,NotDefined,1,1900,,,2,1,"SENTINEL_END_DATE|DISPLAY_NAME_UNRESOLVED",89,MEDIUM
8825774,"","Jonas Henrique",IDENTITY_FRAGMENT,FormationContract,6805,1564,900678,"Londrina EC",1564,900678,"Londrina EC",False,30,2001,,NotDefined,1,1900,,,1,1,"SENTINEL_END_DATE|DISPLAY_NAME_UNRESOLVED",89,MEDIUM
319604,"","José Iveton",IDENTITY_FRAGMENT,Contracted,4073,1564,900678,"Londrina EC",1564,900678,"Londrina EC",False,75,2001,2006-01-31,Defined,30,2006,,,2,1,"DISPLAY_NAME_UNRESOLVED",89,MEDIUM
319596,"","Júnior Alexandre",IDENTITY_FRAGMENT,Contracted,4065,1564,900678,"Londrina EC",1564,900678,"Londrina EC",False,362,2003,2006-01-31,Defined,30,2006,,,2,1,"DISPLAY_NAME_UNRESOLVED",89,MEDIUM
319598,"","Leandro Henrique",IDENTITY_FRAGMENT,Contracted,4067,1564,900678,"Londrina EC",1564,900678,"Londrina EC",False,30,2000,2005-01-31,Defined,30,2005,,,2,1,"DISPLAY_NAME_UNRESOLVED",89,MEDIUM
316621,"","Leopoldo Roberto",IDENTITY_FRAGMENT,OnLoan,3391,58,329,"SE Palmeiras",1564,900678,"Londrina EC",True,67,2001,2006-01-31,Defined,30,2006,67,2004-12-31,2,2,"DISPLAY_NAME_UNRESOLVED",97,HIGH
305520,"","Lívio",IDENTITY_FRAGMENT,Contracted,1382,1564,900678,"Londrina EC",1564,900678,"Londrina EC",False,125,2001,2008-01-31,Defined,30,2008,,,2,1,"DISPLAY_NAME_UNRESOLVED",89,MEDIUM
8825768,"","Machado Martins Filho",IDENTITY_FRAGMENT,Contracted,6799,1564,900678,"Londrina EC",1564,900678,"Londrina EC",False,30,2001,2005-01-31,Defined,30,2005,,,2,1,"DISPLAY_NAME_UNRESOLVED",89,MEDIUM
320239,"","Manzato dos Santos",IDENTITY_FRAGMENT,OnLoan,4239,58,329,"SE Palmeiras",1564,900678,"Londrina EC",True,75,2003,2005-02-10,Defined,40,2005,75,2004-12-31,2,2,"DISPLAY_NAME_UNRESOLVED",97,HIGH
311773,"","Marcelo Galvão",IDENTITY_FRAGMENT,OnLoan,2445,576,107222,"Mogi Mirim EC",1564,900678,"Londrina EC",True,230,2001,2006-01-31,Defined,30,2006,230,2004-12-31,2,2,"DISPLAY_NAME_UNRESOLVED",97,HIGH
3301332,"","Márcio Allan",IDENTITY_FRAGMENT,Contracted,5734,1564,900678,"Londrina EC",1564,900678,"Londrina EC",False,360,2003,2006-01-31,Defined,30,2006,,,2,1,"DISPLAY_NAME_UNRESOLVED",89,MEDIUM
8825764,"","Marcos Barbosa",IDENTITY_FRAGMENT,Contracted,6795,1564,900678,"Londrina EC",1564,900678,"Londrina EC",False,30,2001,2005-01-31,Defined,30,2005,,,2,1,"DISPLAY_NAME_UNRESOLVED",89,MEDIUM
319597,"","Marcos Cruz",IDENTITY_FRAGMENT,Contracted,4066,1564,900678,"Londrina EC",1564,900678,"Londrina EC",False,279,2001,2006-01-31,Defined,30,2006,,,2,1,"DISPLAY_NAME_UNRESOLVED",89,MEDIUM
319616,"","Marques Dantas",IDENTITY_FRAGMENT,Contracted,4085,1564,900678,"Londrina EC",1564,900678,"Londrina EC",False,75,2001,2005-01-31,Defined,30,2005,,,2,1,"DISPLAY_NAME_UNRESOLVED",89,MEDIUM
319600,"","Mendes Cordeiro",IDENTITY_FRAGMENT,Contracted,4069,1564,900678,"Londrina EC",1564,900678,"Londrina EC",False,75,2001,2006-01-31,Defined,30,2006,,,2,1,"DISPLAY_NAME_UNRESOLVED",89,MEDIUM
320856,"","Miguel Luís",IDENTITY_FRAGMENT,Contracted,4385,1564,900678,"Londrina EC",1564,900678,"Londrina EC",False,125,2001,2009-01-31,Defined,30,2009,,,1,1,"DISPLAY_NAME_UNRESOLVED",89,MEDIUM
8825755,"","Mitayn",IDENTITY_FRAGMENT,Contracted,6786,1564,900678,"Londrina EC",1564,900678,"Londrina EC",False,30,2001,2005-01-31,Defined,30,2005,,,2,1,"DISPLAY_NAME_UNRESOLVED",89,MEDIUM
8825760,"","Morisco da Silva",IDENTITY_FRAGMENT,Contracted,6791,1564,900678,"Londrina EC",1564,900678,"Londrina EC",False,30,2001,2005-01-31,Defined,30,2005,,,2,1,"DISPLAY_NAME_UNRESOLVED",89,MEDIUM
8833605,"","Munhoz de Souza",IDENTITY_FRAGMENT,OnLoan,7457,801,301216,"Francisco Beltrão FC",1564,900678,"Londrina EC",True,151,2001,2006-01-31,Defined,30,2006,151,2004-12-31,2,2,"DISPLAY_NAME_UNRESOLVED",97,HIGH
8825763,"","Platini Ernesto Vítor",IDENTITY_FRAGMENT,FormationContract,6794,1564,900678,"Londrina EC",1564,900678,"Londrina EC",False,30,2001,,NotDefined,1,1900,,,2,1,"SENTINEL_END_DATE|DISPLAY_NAME_UNRESOLVED",89,MEDIUM
8825765,"","Rafhael",IDENTITY_FRAGMENT,FormationContract,6796,1564,900678,"Londrina EC",1564,900678,"Londrina EC",False,30,2001,,NotDefined,1,1900,,,2,1,"SENTINEL_END_DATE|DISPLAY_NAME_UNRESOLVED",89,MEDIUM
319603,"","Refferson Luiz",IDENTITY_FRAGMENT,Contracted,4072,1564,900678,"Londrina EC",1564,900678,"Londrina EC",False,150,2003,2008-04-28,Defined,118,2008,,,2,1,"DISPLAY_NAME_UNRESOLVED",89,MEDIUM
8835193,"","Renan Vinícius",IDENTITY_FRAGMENT,Contracted,7750,1564,900678,"Londrina EC",1564,900678,"Londrina EC",False,264,2001,2006-01-31,Defined,30,2006,,,2,1,"DISPLAY_NAME_UNRESOLVED",89,MEDIUM
319612,"","Rodrigues de Souza Zocatelli",IDENTITY_FRAGMENT,Contracted,4081,1564,900678,"Londrina EC",1564,900678,"Londrina EC",False,75,2001,2006-01-31,Defined,30,2006,,,2,1,"DISPLAY_NAME_UNRESOLVED",89,MEDIUM
8833726,"","Rogério Benedito",IDENTITY_FRAGMENT,OnLoan,7561,58,329,"SE Palmeiras",1564,900678,"Londrina EC",True,75,2003,2005-01-31,Defined,30,2005,75,2004-12-31,2,2,"DISPLAY_NAME_UNRESOLVED",97,HIGH
3300932,"","Rosa da Silva",IDENTITY_FRAGMENT,Contracted,5533,1564,900678,"Londrina EC",1564,900678,"Londrina EC",False,221,2002,2004-08-04,Defined,216,2004,,,2,1,"DISPLAY_NAME_UNRESOLVED",89,MEDIUM
319618,"","Santos de Souza",IDENTITY_FRAGMENT,Contracted,4087,1564,900678,"Londrina EC",1564,900678,"Londrina EC",False,75,2001,2006-01-31,Defined,30,2006,,,1,1,"DISPLAY_NAME_UNRESOLVED",89,MEDIUM
311530,"","Scharles Roberto",IDENTITY_FRAGMENT,Contracted,2405,1564,900678,"Londrina EC",1564,900678,"Londrina EC",False,143,2004,2004-09-30,Defined,273,2004,,,2,1,"DISPLAY_NAME_UNRESOLVED",89,MEDIUM
319608,"","Silva Pereira",IDENTITY_FRAGMENT,Contracted,4077,1564,900678,"Londrina EC",1564,900678,"Londrina EC",False,75,2001,2005-01-31,Defined,30,2005,,,2,1,"DISPLAY_NAME_UNRESOLVED",89,MEDIUM
8825757,"","Silvério Aparecido",IDENTITY_FRAGMENT,Contracted,6788,1564,900678,"Londrina EC",1564,900678,"Londrina EC",False,30,2001,2005-01-31,Defined,30,2005,,,2,1,"DISPLAY_NAME_UNRESOLVED",89,MEDIUM
319215,"","Souto Pinheiro Júnior",IDENTITY_FRAGMENT,OnLoan,3982,50,321,"Cruzeiro EC",1564,900678,"Londrina EC",True,194,2001,2005-01-31,Defined,30,2005,194,2004-12-31,2,2,"DISPLAY_NAME_UNRESOLVED",97,HIGH
304589,"","Tácio",IDENTITY_FRAGMENT,Contracted,1217,1564,900678,"Londrina EC",1564,900678,"Londrina EC",False,599,2004,2005-01-31,Defined,30,2005,,,2,1,"DISPLAY_NAME_UNRESOLVED",89,MEDIUM
319593,"","Theodoro da Silva",IDENTITY_FRAGMENT,Contracted,4062,1564,900678,"Londrina EC",1564,900678,"Londrina EC",False,111,2003,2006-01-31,Defined,30,2006,,,2,1,"DISPLAY_NAME_UNRESOLVED",89,MEDIUM
8825772,"","Tomaz de Souza",IDENTITY_FRAGMENT,FormationContract,6803,1564,900678,"Londrina EC",1564,900678,"Londrina EC",False,30,2001,,NotDefined,1,1900,,,2,1,"SENTINEL_END_DATE|DISPLAY_NAME_UNRESOLVED",89,MEDIUM
319607,"","Vanderlei",IDENTITY_FRAGMENT,Contracted,4076,1564,900678,"Londrina EC",1564,900678,"Londrina EC",False,75,2001,2005-01-31,Defined,30,2005,,,2,1,"DISPLAY_NAME_UNRESOLVED",89,MEDIUM
308246,"","Venturini",IDENTITY_FRAGMENT,Contracted,1890,1564,900678,"Londrina EC",1564,900678,"Londrina EC",False,100,2001,2009-01-31,Defined,30,2009,,,1,1,"DISPLAY_NAME_UNRESOLVED",89,MEDIUM
3301456,"","Vitori",IDENTITY_FRAGMENT,Contracted,5770,1564,900678,"Londrina EC",1564,900678,"Londrina EC",False,112,2003,2004-12-31,Defined,365,2004,,,2,1,"DISPLAY_NAME_UNRESOLVED",89,MEDIUM
319611,"","Wágner Luís",IDENTITY_FRAGMENT,Contracted,4080,1564,900678,"Londrina EC",1564,900678,"Londrina EC",False,75,2001,2006-01-31,Defined,30,2006,,,2,1,"DISPLAY_NAME_UNRESOLVED",89,MEDIUM
319605,"","Wilson Aparecido",IDENTITY_FRAGMENT,Contracted,4074,1564,900678,"Londrina EC",1564,900678,"Londrina EC",False,75,2001,2005-01-31,Defined,30,2005,,,2,1,"DISPLAY_NAME_UNRESOLVED",89,MEDIUM
8833607,"","Xavier de Camargo",IDENTITY_FRAGMENT,Contracted,7459,1564,900678,"Londrina EC",1564,900678,"Londrina EC",False,75,2001,2006-01-31,Defined,30,2006,,,2,1,"DISPLAY_NAME_UNRESOLVED",89,MEDIUM
3300230,"","Caçapa",IDENTITY_FRAGMENT,Contracted,5301,164,865,"Lyon",164,865,"Lyon",False,7500,2001,2005-06-30,Defined,180,2005,,,2,1,"DISPLAY_NAME_UNRESOLVED",89,MEDIUM
14928,"","Giovane Élber",IDENTITY_FRAGMENT,Contracted,380,164,865,"Lyon",164,865,"Lyon",False,40000,2003,2005-06-30,Defined,180,2005,,,2,1,"DISPLAY_NAME_UNRESOLVED",89,MEDIUM
3301196,"","Marques Gomes",IDENTITY_FRAGMENT,Contracted,5655,164,865,"Lyon",164,865,"Lyon",False,21307,2004,2008-06-30,Defined,181,2008,,,2,1,"DISPLAY_NAME_UNRESOLVED",89,MEDIUM
311051,"","Nilmar",IDENTITY_FRAGMENT,Contracted,2213,164,865,"Lyon",164,865,"Lyon",False,13500,2004,2009-06-30,Defined,180,2009,,,2,1,"DISPLAY_NAME_UNRESOLVED",89,MEDIUM
3300008,"","Ribeiro Júnior",IDENTITY_FRAGMENT,Contracted,5223,164,865,"Lyon",164,865,"Lyon",False,17500,2001,2006-06-30,Defined,180,2006,,,2,1,"DISPLAY_NAME_UNRESOLVED",89,MEDIUM
8830176,"","Bocoli",IDENTITY_FRAGMENT,Contracted,6976,236,1093,"Maccabi Haifa",236,1093,"Maccabi Haifa",False,1643,2004,2006-05-31,Defined,150,2006,,,1,1,"DISPLAY_NAME_UNRESOLVED",89,MEDIUM
3300677,"","Anderson do Ó",IDENTITY_FRAGMENT,Contracted,5426,575,107220,"Madureira EC",575,107220,"Madureira EC",False,75,2001,2006-01-31,Defined,30,2006,,,2,1,"DISPLAY_NAME_UNRESOLVED",89,MEDIUM
8835194,"","André Reiko",IDENTITY_FRAGMENT,Contracted,7751,575,107220,"Madureira EC",575,107220,"Madureira EC",False,75,2003,2006-01-31,Defined,30,2006,,,2,1,"DISPLAY_NAME_UNRESOLVED",89,MEDIUM
315458,"","Barbosa Júnior",IDENTITY_FRAGMENT,Contracted,2796,575,107220,"Madureira EC",575,107220,"Madureira EC",False,302,2001,2006-01-31,Defined,30,2006,,,2,1,"DISPLAY_NAME_UNRESOLVED",89,MEDIUM
310926,"","da Silveira Santos",IDENTITY_FRAGMENT,Contracted,2157,575,107220,"Madureira EC",575,107220,"Madureira EC",False,271,2003,2006-01-31,Defined,30,2006,,,2,1,"DISPLAY_NAME_UNRESOLVED",89,MEDIUM
8833611,"","de Souza da Silva",IDENTITY_FRAGMENT,Contracted,7463,575,107220,"Madureira EC",575,107220,"Madureira EC",False,85,2004,2008-12-31,Defined,365,2008,,,2,1,"DISPLAY_NAME_UNRESOLVED",89,MEDIUM
3300671,"","do Nascimento Felício",IDENTITY_FRAGMENT,Contracted,5423,575,107220,"Madureira EC",575,107220,"Madureira EC",False,75,2001,2006-01-31,Defined,30,2006,,,2,1,"DISPLAY_NAME_UNRESOLVED",89,MEDIUM
3300678,"","Floriano",IDENTITY_FRAGMENT,Contracted,5427,575,107220,"Madureira EC",575,107220,"Madureira EC",False,75,2001,2006-01-31,Defined,30,2006,,,1,1,"DISPLAY_NAME_UNRESOLVED",89,MEDIUM
8825082,"","Fortunato dos Santos",IDENTITY_FRAGMENT,Contracted,6728,575,107220,"Madureira EC",575,107220,"Madureira EC",False,459,2001,2006-01-31,Defined,30,2006,,,2,1,"DISPLAY_NAME_UNRESOLVED",89,MEDIUM
315129,"","Gaspar Ribeiro",IDENTITY_FRAGMENT,Contracted,2620,575,107220,"Madureira EC",575,107220,"Madureira EC",False,235,2004,2006-01-31,Defined,30,2006,,,2,1,"DISPLAY_NAME_UNRESOLVED",89,MEDIUM
315446,"","Haroldo",IDENTITY_FRAGMENT,Contracted,2791,575,107220,"Madureira EC",575,107220,"Madureira EC",False,120,2001,2006-01-31,Defined,30,2006,,,2,1,"DISPLAY_NAME_UNRESOLVED",89,MEDIUM
3300413,"","João Rodrigo",IDENTITY_FRAGMENT,Contracted,5361,575,107220,"Madureira EC",575,107220,"Madureira EC",False,146,2004,2006-01-31,Defined,30,2006,,,2,1,"DISPLAY_NAME_UNRESOLVED",89,MEDIUM
303096,"","Kaye de Brito",IDENTITY_FRAGMENT,Contracted,889,575,107220,"Madureira EC",575,107220,"Madureira EC",False,1159,2004,2006-01-31,Defined,30,2006,,,2,1,"DISPLAY_NAME_UNRESOLVED",89,MEDIUM
3300657,"","Léo Santos",IDENTITY_FRAGMENT,Contracted,5415,575,107220,"Madureira EC",575,107220,"Madureira EC",False,75,2001,2006-01-31,Defined,30,2006,,,2,1,"DISPLAY_NAME_UNRESOLVED",89,MEDIUM
142359,"","Madureira",IDENTITY_FRAGMENT,Contracted,680,575,107220,"Madureira EC",575,107220,"Madureira EC",False,100,2001,2006-01-31,Defined,30,2006,,,2,1,"DISPLAY_NAME_UNRESOLVED",89,MEDIUM
304057,"","Malcher de Azevedo",IDENTITY_FRAGMENT,Contracted,1035,575,107220,"Madureira EC",575,107220,"Madureira EC",False,588,2001,2006-01-31,Defined,30,2006,,,2,1,"DISPLAY_NAME_UNRESOLVED",89,MEDIUM
3300687,"","Moura da Conceição",IDENTITY_FRAGMENT,Contracted,5436,575,107220,"Madureira EC",575,107220,"Madureira EC",False,155,2001,2006-01-31,Defined,30,2006,,,2,1,"DISPLAY_NAME_UNRESOLVED",89,MEDIUM
8833469,"","Natal",IDENTITY_FRAGMENT,OnLoan,7323,820,301251,"AA Portuguesa (RJ)",575,107220,"Madureira EC",True,356,2001,2006-01-31,Defined,30,2006,356,2004-12-31,2,2,"DISPLAY_NAME_UNRESOLVED",97,HIGH
8825099,"","Ribeiro Cabo",IDENTITY_FRAGMENT,Contracted,6734,575,107220,"Madureira EC",575,107220,"Madureira EC",False,100,2001,2007-01-31,Defined,30,2007,,,1,1,"DISPLAY_NAME_UNRESOLVED",89,MEDIUM
3300668,"","Róbson Santos",IDENTITY_FRAGMENT,Contracted,5420,575,107220,"Madureira EC",575,107220,"Madureira EC",False,75,2001,2006-01-31,Defined,30,2006,,,2,1,"DISPLAY_NAME_UNRESOLVED",89,MEDIUM
303473,"","Scott",IDENTITY_FRAGMENT,Contracted,936,575,107220,"Madureira EC",575,107220,"Madureira EC",False,302,2001,2006-01-31,Defined,30,2006,,,2,1,"DISPLAY_NAME_UNRESOLVED",89,MEDIUM
14434,"","Amoroso dos Santos",IDENTITY_FRAGMENT,Contracted,355,458,2096,"Málaga",458,2096,"Málaga",False,18108,2004,2005-06-30,Defined,180,2005,,,2,1,"DISPLAY_NAME_UNRESOLVED",89,MEDIUM
310882,"","Alves Martins Júnior",IDENTITY_FRAGMENT,Contracted,2148,409,1816,"Malmö FF",409,1816,"Malmö FF",False,619,2003,2007-12-23,Defined,356,2007,,,2,1,"DISPLAY_NAME_UNRESOLVED",89,MEDIUM
311296,"","Alex Albert",IDENTITY_FRAGMENT,Contracted,2343,802,301218,"Malutrom SA",802,301218,"Malutrom SA",False,303,2001,2006-01-31,Defined,30,2006,,,2,1,"DISPLAY_NAME_UNRESOLVED",89,MEDIUM
316302,"","George",IDENTITY_FRAGMENT,Contracted,3204,802,301218,"Malutrom SA",802,301218,"Malutrom SA",False,165,2001,2005-01-31,Defined,30,2005,,,2,1,"DISPLAY_NAME_UNRESOLVED",89,MEDIUM
311291,"","Júlio Sérgio",IDENTITY_FRAGMENT,Contracted,2342,802,301218,"Malutrom SA",802,301218,"Malutrom SA",False,547,2001,2006-01-31,Defined,30,2006,,,2,1,"DISPLAY_NAME_UNRESOLVED",89,MEDIUM
316295,"","Rodrigo Guido",IDENTITY_FRAGMENT,Contracted,3203,802,301218,"Malutrom SA",802,301218,"Malutrom SA",False,153,2001,2006-01-31,Defined,30,2006,,,2,1,"DISPLAY_NAME_UNRESOLVED",89,MEDIUM
320615,"","Alves da Paixão",IDENTITY_FRAGMENT,Contracted,4351,790,301194,"Mamoré EC",790,301194,"Mamoré EC",False,351,2001,2006-01-31,Defined,30,2006,,,2,1,"DISPLAY_NAME_UNRESOLVED",89,MEDIUM
3301233,"","Antônio Jackson",IDENTITY_FRAGMENT,Contracted,5678,790,301194,"Mamoré EC",790,301194,"Mamoré EC",False,602,2002,2005-01-31,Defined,30,2005,,,2,1,"DISPLAY_NAME_UNRESOLVED",89,MEDIUM
6900020,"","Gregolini Nozé",IDENTITY_FRAGMENT,Contracted,6418,790,301194,"Mamoré EC",790,301194,"Mamoré EC",False,280,2002,2005-01-31,Defined,30,2005,,,2,1,"DISPLAY_NAME_UNRESOLVED",89,MEDIUM
309104,"","Helbert Frederico",IDENTITY_FRAGMENT,Contracted,1977,790,301194,"Mamoré EC",790,301194,"Mamoré EC",False,224,2002,2006-01-31,Defined,30,2006,,,2,1,"DISPLAY_NAME_UNRESOLVED",89,MEDIUM
303256,"","Teixeira Pocidônio",IDENTITY_FRAGMENT,Contracted,919,790,301194,"Mamoré EC",790,301194,"Mamoré EC",False,227,2002,2005-01-31,Defined,30,2005,,,2,1,"DISPLAY_NAME_UNRESOLVED",89,MEDIUM
319636,"","Alessandro Weide",IDENTITY_FRAGMENT,Contracted,4098,777,301171,"Maranhão AC",777,301171,"Maranhão AC",False,106,2001,2005-01-31,Defined,30,2005,,,2,1,"DISPLAY_NAME_UNRESOLVED",89,MEDIUM
306445,"","Celso Rogério",IDENTITY_FRAGMENT,Contracted,1597,777,301171,"Maranhão AC",777,301171,"Maranhão AC",False,128,2001,2006-01-31,Defined,30,2006,,,2,1,"DISPLAY_NAME_UNRESOLVED",89,MEDIUM
306457,"","Chita",IDENTITY_FRAGMENT,Contracted,1609,777,301171,"Maranhão AC",777,301171,"Maranhão AC",False,265,2001,2005-01-31,Defined,30,2005,,,2,1,"DISPLAY_NAME_UNRESOLVED",89,MEDIUM
306453,"","Cidiney",IDENTITY_FRAGMENT,Contracted,1605,777,301171,"Maranhão AC",777,301171,"Maranhão AC",False,385,2001,2006-01-31,Defined,30,2006,,,2,1,"DISPLAY_NAME_UNRESOLVED",89,MEDIUM
306450,"","de Oliveira Fischer",IDENTITY_FRAGMENT,Contracted,1602,777,301171,"Maranhão AC",777,301171,"Maranhão AC",False,238,2001,2006-01-31,Defined,30,2006,,,2,1,"DISPLAY_NAME_UNRESOLVED",89,MEDIUM
306458,"","Dilton",IDENTITY_FRAGMENT,Contracted,1610,777,301171,"Maranhão AC",777,301171,"Maranhão AC",False,215,2001,2006-01-31,Defined,30,2006,,,2,1,"DISPLAY_NAME_UNRESOLVED",89,MEDIUM
306455,"","Élber",IDENTITY_FRAGMENT,Contracted,1607,777,301171,"Maranhão AC",777,301171,"Maranhão AC",False,236,2001,2006-01-31,Defined,30,2006,,,2,1,"DISPLAY_NAME_UNRESOLVED",89,MEDIUM
306439,"","Jansen de Souza",IDENTITY_FRAGMENT,Contracted,1592,777,301171,"Maranhão AC",777,301171,"Maranhão AC",False,487,2001,2009-01-31,Defined,30,2009,,,1,1,"DISPLAY_NAME_UNRESOLVED",89,MEDIUM
306459,"","John Alisson",IDENTITY_FRAGMENT,Contracted,1611,777,301171,"Maranhão AC",777,301171,"Maranhão AC",False,75,2001,2005-01-31,Defined,30,2005,,,2,1,"DISPLAY_NAME_UNRESOLVED",89,MEDIUM
306446,"","Joildo",IDENTITY_FRAGMENT,Contracted,1598,777,301171,"Maranhão AC",777,301171,"Maranhão AC",False,183,2001,2006-01-31,Defined,30,2006,,,2,1,"DISPLAY_NAME_UNRESOLVED",89,MEDIUM
306451,"","Leílson",IDENTITY_FRAGMENT,Contracted,1603,777,301171,"Maranhão AC",777,301171,"Maranhão AC",False,75,2001,2006-01-31,Defined,30,2006,,,2,1,"DISPLAY_NAME_UNRESOLVED",89,MEDIUM
306449,"","Moreira Rodrigues",IDENTITY_FRAGMENT,Contracted,1601,777,301171,"Maranhão AC",777,301171,"Maranhão AC",False,245,2001,2005-01-31,Defined,30,2005,,,2,1,"DISPLAY_NAME_UNRESOLVED",89,MEDIUM
306454,"","Paulo Róbson",IDENTITY_FRAGMENT,Contracted,1606,777,301171,"Maranhão AC",777,301171,"Maranhão AC",False,297,2001,2006-01-31,Defined,30,2006,,,2,1,"DISPLAY_NAME_UNRESOLVED",89,MEDIUM
306452,"","Raimundo Adalto",IDENTITY_FRAGMENT,Contracted,1604,777,301171,"Maranhão AC",777,301171,"Maranhão AC",False,73,2001,2005-01-31,Defined,30,2005,,,2,1,"DISPLAY_NAME_UNRESOLVED",89,MEDIUM
306447,"","Ricardo Humberto",IDENTITY_FRAGMENT,Contracted,1599,777,301171,"Maranhão AC",777,301171,"Maranhão AC",False,180,2001,2006-01-31,Defined,30,2006,,,2,1,"DISPLAY_NAME_UNRESOLVED",89,MEDIUM
306456,"","Wender",IDENTITY_FRAGMENT,Contracted,1608,777,301171,"Maranhão AC",777,301171,"Maranhão AC",False,75,2001,2006-01-31,Defined,30,2006,,,2,1,"DISPLAY_NAME_UNRESOLVED",89,MEDIUM
304449,"","Adair",IDENTITY_FRAGMENT,Contracted,1145,1064,311026,"Marília AC",1064,311026,"Marília AC",False,168,2001,2008-01-31,Defined,30,2008,,,1,1,"DISPLAY_NAME_UNRESOLVED",89,MEDIUM
304531,"","Adeílson",IDENTITY_FRAGMENT,Contracted,1182,1064,311026,"Marília AC",1064,311026,"Marília AC",False,236,2002,2006-01-31,Defined,30,2006,,,2,1,"DISPLAY_NAME_UNRESOLVED",89,MEDIUM
8835195,"","Adilson",IDENTITY_FRAGMENT,OnLoan,7752,784,301182,"AA Caldense",1064,311026,"Marília AC",True,237,2001,2006-01-31,Defined,30,2006,237,2004-12-31,2,2,"DISPLAY_NAME_UNRESOLVED",97,HIGH
318198,"","Afonso da Silva",IDENTITY_FRAGMENT,Contracted,3870,1064,311026,"Marília AC",1064,311026,"Marília AC",False,239,2001,2006-07-05,Defined,185,2006,,,2,1,"DISPLAY_NAME_UNRESOLVED",89,MEDIUM
902063,"","Agonense",IDENTITY_FRAGMENT,OnLoan,4869,56,327,"EC Juventude",1064,311026,"Marília AC",True,234,2004,2004-12-31,Defined,365,2004,234,2004-11-20,2,2,"DISPLAY_NAME_UNRESOLVED",97,HIGH
8833617,"","Amaral da Costa",IDENTITY_FRAGMENT,Contracted,7469,1064,311026,"Marília AC",1064,311026,"Marília AC",False,100,2001,2006-01-31,Defined,30,2006,,,2,1,"DISPLAY_NAME_UNRESOLVED",89,MEDIUM
318200,"","Areias",IDENTITY_FRAGMENT,Contracted,3872,1064,311026,"Marília AC",1064,311026,"Marília AC",False,396,2001,2006-01-31,Defined,30,2006,,,1,1,"DISPLAY_NAME_UNRESOLVED",89,MEDIUM
306394,"","Brito da Silva",IDENTITY_FRAGMENT,Contracted,1581,1064,311026,"Marília AC",1064,311026,"Marília AC",False,602,2002,2004-12-31,Defined,365,2004,,,2,1,"DISPLAY_NAME_UNRESOLVED",89,MEDIUM
318197,"","Cajuru",IDENTITY_FRAGMENT,Contracted,3869,1064,311026,"Marília AC",1064,311026,"Marília AC",False,75,2001,2005-01-31,Defined,30,2005,,,2,1,"DISPLAY_NAME_UNRESOLVED",89,MEDIUM
316856,"","Cássio Luís",IDENTITY_FRAGMENT,Contracted,3514,1064,311026,"Marília AC",1064,311026,"Marília AC",False,412,2004,2004-12-20,Defined,354,2004,,,2,1,"DISPLAY_NAME_UNRESOLVED",89,MEDIUM
312056,"","Catassi Prandi",IDENTITY_FRAGMENT,Contracted,2500,1064,311026,"Marília AC",1064,311026,"Marília AC",False,139,2004,2004-12-30,Defined,364,2004,,,2,1,"DISPLAY_NAME_UNRESOLVED",89,MEDIUM
318193,"","Chaves Rodrigues",IDENTITY_FRAGMENT,Contracted,3865,1064,311026,"Marília AC",1064,311026,"Marília AC",False,75,2001,2005-01-31,Defined,30,2005,,,2,1,"DISPLAY_NAME_UNRESOLVED",89,MEDIUM
3300176,"","Cléverson Maurílio",IDENTITY_FRAGMENT,Contracted,5272,1064,311026,"Marília AC",1064,311026,"Marília AC",False,713,2001,2005-01-31,Defined,30,2005,,,2,1,"DISPLAY_NAME_UNRESOLVED",89,MEDIUM
6900067,"","Coronas Ávila",IDENTITY_FRAGMENT,Contracted,6447,1064,311026,"Marília AC",1064,311026,"Marília AC",False,810,2004,2004-12-20,Defined,354,2004,,,2,1,"DISPLAY_NAME_UNRESOLVED",89,MEDIUM
8833470,"","da Cruz Coimbra",IDENTITY_FRAGMENT,Contracted,7324,1064,311026,"Marília AC",1064,311026,"Marília AC",False,217,2003,2004-12-08,Defined,342,2004,,,2,1,"DISPLAY_NAME_UNRESOLVED",89,MEDIUM
315834,"","da Silva Garcia",IDENTITY_FRAGMENT,Contracted,2937,1064,311026,"Marília AC",1064,311026,"Marília AC",False,383,2001,2006-07-04,Defined,184,2006,,,2,1,"DISPLAY_NAME_UNRESOLVED",89,MEDIUM
8833612,"","de Paula Ribeiro Ingracia",IDENTITY_FRAGMENT,Contracted,7464,1064,311026,"Marília AC",1064,311026,"Marília AC",False,119,2003,2008-01-03,Defined,2,2008,,,2,1,"DISPLAY_NAME_UNRESOLVED",89,MEDIUM
304213,"","della Cruz",IDENTITY_FRAGMENT,Contracted,1063,1064,311026,"Marília AC",1064,311026,"Marília AC",False,606,2001,2007-07-20,Defined,200,2007,,,2,1,"DISPLAY_NAME_UNRESOLVED",89,MEDIUM
8835196,"","Diego Isaías",IDENTITY_FRAGMENT,OnLoan,7753,867,301344,"Mirassol FC",1064,311026,"Marília AC",True,304,2001,2005-01-31,Defined,30,2005,304,2004-12-31,1,2,"DISPLAY_NAME_UNRESOLVED",97,HIGH
317130,"","dos Santos Britto",IDENTITY_FRAGMENT,Contracted,3610,1064,311026,"Marília AC",1064,311026,"Marília AC",False,305,2003,2004-12-31,Defined,365,2004,,,2,1,"DISPLAY_NAME_UNRESOLVED",89,MEDIUM
318211,"","Dykson David",IDENTITY_FRAGMENT,OnLoan,3882,536,104979,"AA Internacional",1064,311026,"Marília AC",True,166,2001,2005-01-31,Defined,30,2005,166,2004-12-31,2,2,"DISPLAY_NAME_UNRESOLVED",97,HIGH
8833615,"","Ednélton",IDENTITY_FRAGMENT,Contracted,7467,1064,311026,"Marília AC",1064,311026,"Marília AC",False,206,2001,2006-06-20,Defined,170,2006,,,2,1,"DISPLAY_NAME_UNRESOLVED",89,MEDIUM
318199,"","Fábio Leandro",IDENTITY_FRAGMENT,Contracted,3871,1064,311026,"Marília AC",1064,311026,"Marília AC",False,482,2001,2006-01-31,Defined,30,2006,,,2,1,"DISPLAY_NAME_UNRESOLVED",89,MEDIUM
303251,"","Gonçalves Amorim",IDENTITY_FRAGMENT,Contracted,914,1064,311026,"Marília AC",1064,311026,"Marília AC",False,805,2004,2006-12-31,Defined,364,2006,,,2,1,"DISPLAY_NAME_UNRESOLVED",89,MEDIUM
318190,"","Gonçalves Neto",IDENTITY_FRAGMENT,Contracted,3862,1064,311026,"Marília AC",1064,311026,"Marília AC",False,75,2001,2006-01-31,Defined,30,2006,,,2,1,"DISPLAY_NAME_UNRESOLVED",89,MEDIUM
315833,"","Héverton Henrique",IDENTITY_FRAGMENT,Contracted,2936,1064,311026,"Marília AC",1064,311026,"Marília AC",False,115,2001,2006-08-03,Defined,214,2006,,,2,1,"DISPLAY_NAME_UNRESOLVED",89,MEDIUM
316078,"","Jaílson Alexandre",IDENTITY_FRAGMENT,Contracted,3074,1064,311026,"Marília AC",1064,311026,"Marília AC",False,565,2003,2006-03-28,Defined,86,2006,,,2,1,"DISPLAY_NAME_UNRESOLVED",89,MEDIUM
315836,"","João Marcos",IDENTITY_FRAGMENT,Contracted,2939,1064,311026,"Marília AC",1064,311026,"Marília AC",False,187,2001,2006-08-29,Defined,240,2006,,,2,1,"DISPLAY_NAME_UNRESOLVED",89,MEDIUM
310664,"","Jorge Jefferson",IDENTITY_FRAGMENT,Contracted,2068,1064,311026,"Marília AC",1064,311026,"Marília AC",False,245,2004,2007-04-30,Defined,119,2007,,,1,1,"DISPLAY_NAME_UNRESOLVED",89,MEDIUM
8833614,"","José Ednei",IDENTITY_FRAGMENT,Contracted,7466,1064,311026,"Marília AC",1064,311026,"Marília AC",False,75,2004,2008-09-18,Defined,261,2008,,,2,1,"DISPLAY_NAME_UNRESOLVED",89,MEDIUM
3301195,"","José Fernando",IDENTITY_FRAGMENT,Contracted,5654,1064,311026,"Marília AC",1064,311026,"Marília AC",False,994,2004,2004-12-31,Defined,365,2004,,,2,1,"DISPLAY_NAME_UNRESOLVED",89,MEDIUM
315842,"","José Ideválder",IDENTITY_FRAGMENT,Contracted,2944,1064,311026,"Marília AC",1064,311026,"Marília AC",False,75,2001,2009-01-31,Defined,30,2009,,,2,1,"DISPLAY_NAME_UNRESOLVED",89,MEDIUM
304559,"","Josenilton",IDENTITY_FRAGMENT,Contracted,1198,1064,311026,"Marília AC",1064,311026,"Marília AC",False,271,2004,2004-12-31,Defined,365,2004,,,2,1,"DISPLAY_NAME_UNRESOLVED",89,MEDIUM
8833616,"","Lairson",IDENTITY_FRAGMENT,Contracted,7468,1064,311026,"Marília AC",1064,311026,"Marília AC",False,75,2004,2004-12-31,Defined,365,2004,,,2,1,"DISPLAY_NAME_UNRESOLVED",89,MEDIUM
318191,"","Leonardo Luís",IDENTITY_FRAGMENT,Contracted,3863,1064,311026,"Marília AC",1064,311026,"Marília AC",False,75,2001,2006-01-31,Defined,30,2006,,,2,1,"DISPLAY_NAME_UNRESOLVED",89,MEDIUM
3300903,"","Luís Carlos Martins",IDENTITY_FRAGMENT,Contracted,5525,1064,311026,"Marília AC",1064,311026,"Marília AC",False,620,2001,2007-01-31,Defined,30,2007,,,1,1,"DISPLAY_NAME_UNRESOLVED",89,MEDIUM
316400,"","Medeiros Silva",IDENTITY_FRAGMENT,OnLoan,3260,49,320,"Criciúma EC",1064,311026,"Marília AC",True,392,2002,2006-12-31,Defined,364,2006,392,2004-12-31,2,2,"DISPLAY_NAME_UNRESOLVED",97,HIGH
315841,"","Meyer",IDENTITY_FRAGMENT,Contracted,2943,1064,311026,"Marília AC",1064,311026,"Marília AC",False,100,2001,2008-01-31,Defined,30,2008,,,1,1,"DISPLAY_NAME_UNRESOLVED",89,MEDIUM
778109,"","Osvaldo José",IDENTITY_FRAGMENT,Contracted,4744,1064,311026,"Marília AC",1064,311026,"Marília AC",False,254,2004,2004-12-31,Defined,365,2004,,,2,1,"DISPLAY_NAME_UNRESOLVED",89,MEDIUM
304690,"","Pedro Rogério",IDENTITY_FRAGMENT,Contracted,1230,1064,311026,"Marília AC",1064,311026,"Marília AC",False,339,2001,2006-07-05,Defined,185,2006,,,1,1,"DISPLAY_NAME_UNRESOLVED",89,MEDIUM
315838,"","Ricardo Wesley",IDENTITY_FRAGMENT,OnLoan,2941,568,107206,"C Atlético Paranaense",1064,311026,"Marília AC",True,374,2003,2008-04-07,Defined,97,2008,374,2004-12-31,1,2,"DISPLAY_NAME_UNRESOLVED",97,HIGH
303112,"","Rogério Gervásio",IDENTITY_FRAGMENT,Contracted,892,1064,311026,"Marília AC",1064,311026,"Marília AC",False,457,2003,2006-01-31,Defined,30,2006,,,2,1,"DISPLAY_NAME_UNRESOLVED",89,MEDIUM
775581,"","Santos Rosa",IDENTITY_FRAGMENT,Contracted,4737,1064,311026,"Marília AC",1064,311026,"Marília AC",False,409,2004,2004-12-30,Defined,364,2004,,,1,1,"DISPLAY_NAME_UNRESOLVED",89,MEDIUM
8833613,"","Vieira Calado",IDENTITY_FRAGMENT,Contracted,7465,1064,311026,"Marília AC",1064,311026,"Marília AC",False,30,2003,2008-12-01,Defined,335,2008,,,2,1,"DISPLAY_NAME_UNRESOLVED",89,MEDIUM
3300908,"","Vieira Cavalcante",IDENTITY_FRAGMENT,Contracted,5527,1064,311026,"Marília AC",1064,311026,"Marília AC",False,157,2001,2006-01-31,Defined,30,2006,,,2,1,"DISPLAY_NAME_UNRESOLVED",89,MEDIUM
3301050,"","Wladimir",IDENTITY_FRAGMENT,Contracted,5588,1064,311026,"Marília AC",1064,311026,"Marília AC",False,235,2004,2004-12-31,Defined,365,2004,,,2,1,"DISPLAY_NAME_UNRESOLVED",89,MEDIUM
320767,"","de Matos Cruz",IDENTITY_FRAGMENT,Contracted,4372,165,866,"Marselha",165,866,"Marselha",False,357,2004,2007-06-30,Defined,180,2007,,,2,1,"DISPLAY_NAME_UNRESOLVED",89,MEDIUM
3503405,"","Demétrius Leita",IDENTITY_FRAGMENT,Contracted,5853,165,866,"Marselha",165,866,"Marselha",False,2415,2003,2006-06-30,Defined,180,2006,,,2,1,"DISPLAY_NAME_UNRESOLVED",89,MEDIUM
303589,"","Eduardo Costa",IDENTITY_FRAGMENT,Contracted,953,165,866,"Marselha",165,866,"Marselha",False,8200,2004,2008-06-30,Defined,181,2008,,,2,1,"DISPLAY_NAME_UNRESOLVED",89,MEDIUM
310803,"","Germano Tiago",IDENTITY_FRAGMENT,Contracted,2117,974,309639,"Mazagão AC",974,309639,"Mazagão AC",False,250,2001,2008-01-31,Defined,30,2008,,,1,1,"DISPLAY_NAME_UNRESOLVED",89,MEDIUM
3301478,"","Soares Giovanelli",IDENTITY_FRAGMENT,Contracted,5775,1490,319164,"Metropolitano (SC)",1490,319164,"Metropolitano (SC)",False,227,2004,2005-01-31,Defined,30,2005,,,2,1,"DISPLAY_NAME_UNRESOLVED",89,MEDIUM
4100108,"","Guidoni Júnior",IDENTITY_FRAGMENT,Contracted,5983,134,685,"Middlesbrough",134,685,"Middlesbrough",False,12000,2003,2005-06-30,Defined,180,2005,,,2,1,"DISPLAY_NAME_UNRESOLVED",89,MEDIUM
320476,"","Silvestre",IDENTITY_FRAGMENT,Contracted,4309,1402,314965,"Miramar EC",1402,314965,"Miramar EC",False,250,2001,2007-01-31,Defined,30,2007,,,1,1,"DISPLAY_NAME_UNRESOLVED",89,MEDIUM
3300951,"","Marcelo Lopes",IDENTITY_FRAGMENT,Contracted,5543,867,301344,"Mirassol FC",867,301344,"Mirassol FC",False,192,2003,2006-01-31,Defined,30,2006,,,1,1,"DISPLAY_NAME_UNRESOLVED",89,MEDIUM
321104,"","Vargas",IDENTITY_FRAGMENT,Contracted,4408,867,301344,"Mirassol FC",867,301344,"Mirassol FC",False,266,2001,2006-01-31,Defined,30,2006,,,2,1,"DISPLAY_NAME_UNRESOLVED",89,MEDIUM
317371,"","Weliander",IDENTITY_FRAGMENT,Contracted,3705,867,301344,"Mirassol FC",867,301344,"Mirassol FC",False,185,2001,2005-01-31,Defined,30,2005,,,2,1,"DISPLAY_NAME_UNRESOLVED",89,MEDIUM
8831664,"","Elzo Aloísio",IDENTITY_FRAGMENT,Contracted,7106,978,309644,"Mixto (MT)",978,309644,"Mixto (MT)",False,250,2001,2009-01-31,Defined,30,2009,,,1,1,"DISPLAY_NAME_UNRESOLVED",89,MEDIUM
311771,"","Anderson Sebastião",IDENTITY_FRAGMENT,Contracted,2444,576,107222,"Mogi Mirim EC",576,107222,"Mogi Mirim EC",False,193,2001,2006-01-31,Defined,30,2006,,,2,1,"DISPLAY_NAME_UNRESOLVED",89,MEDIUM
318491,"","André Luís",IDENTITY_FRAGMENT,Contracted,3916,576,107222,"Mogi Mirim EC",576,107222,"Mogi Mirim EC",False,180,2001,2006-01-31,Defined,30,2006,,,2,1,"DISPLAY_NAME_UNRESOLVED",89,MEDIUM
6900014,"","Balduíno",IDENTITY_FRAGMENT,Contracted,6413,576,107222,"Mogi Mirim EC",576,107222,"Mogi Mirim EC",False,414,2004,2004-10-10,Defined,283,2004,,,2,1,"DISPLAY_NAME_UNRESOLVED",89,MEDIUM
3300942,"","Batista de Carvalho",IDENTITY_FRAGMENT,Contracted,5538,576,107222,"Mogi Mirim EC",576,107222,"Mogi Mirim EC",False,112,2001,2006-01-31,Defined,30,2006,,,2,1,"DISPLAY_NAME_UNRESOLVED",89,MEDIUM
310631,"","Braga Juliani",IDENTITY_FRAGMENT,Contracted,2062,576,107222,"Mogi Mirim EC",576,107222,"Mogi Mirim EC",False,584,2004,2004-10-10,Defined,283,2004,,,1,1,"DISPLAY_NAME_UNRESOLVED",89,MEDIUM
8833623,"","Bruno Augusto",IDENTITY_FRAGMENT,FormationContract,7475,576,107222,"Mogi Mirim EC",576,107222,"Mogi Mirim EC",False,30,2001,,NotDefined,1,1900,,,2,1,"SENTINEL_END_DATE|DISPLAY_NAME_UNRESOLVED",89,MEDIUM
304593,"","da Graça",IDENTITY_FRAGMENT,Contracted,1220,576,107222,"Mogi Mirim EC",576,107222,"Mogi Mirim EC",False,234,2003,2005-01-31,Defined,30,2005,,,2,1,"DISPLAY_NAME_UNRESOLVED",89,MEDIUM
6900104,"","Douglas Hirayama",IDENTITY_FRAGMENT,Contracted,6472,576,107222,"Mogi Mirim EC",576,107222,"Mogi Mirim EC",False,190,2004,2004-10-10,Defined,283,2004,,,1,1,"DISPLAY_NAME_UNRESOLVED",89,MEDIUM
6900094,"","Edervan",IDENTITY_FRAGMENT,Contracted,6464,576,107222,"Mogi Mirim EC",576,107222,"Mogi Mirim EC",False,494,2004,2006-01-31,Defined,30,2006,,,2,1,"DISPLAY_NAME_UNRESOLVED",89,MEDIUM
8833621,"","Everton Luís",IDENTITY_FRAGMENT,Contracted,7473,576,107222,"Mogi Mirim EC",576,107222,"Mogi Mirim EC",False,137,2001,2005-01-31,Defined,30,2005,,,2,1,"DISPLAY_NAME_UNRESOLVED",89,MEDIUM
318494,"","Éverton Luiz",IDENTITY_FRAGMENT,Contracted,3919,576,107222,"Mogi Mirim EC",576,107222,"Mogi Mirim EC",False,75,2003,2005-12-31,Defined,364,2005,,,2,1,"DISPLAY_NAME_UNRESOLVED",89,MEDIUM
6900034,"","Faustivânio",IDENTITY_FRAGMENT,Contracted,6424,576,107222,"Mogi Mirim EC",576,107222,"Mogi Mirim EC",False,322,2004,2004-10-10,Defined,283,2004,,,2,1,"DISPLAY_NAME_UNRESOLVED",89,MEDIUM
318490,"","Ferreira dos Passos",IDENTITY_FRAGMENT,Contracted,3915,576,107222,"Mogi Mirim EC",576,107222,"Mogi Mirim EC",False,299,2001,2006-01-31,Defined,30,2006,,,2,1,"DISPLAY_NAME_UNRESOLVED",89,MEDIUM
318492,"","Gabriel Josué",IDENTITY_FRAGMENT,Contracted,3917,576,107222,"Mogi Mirim EC",576,107222,"Mogi Mirim EC",False,102,2001,2006-01-31,Defined,30,2006,,,2,1,"DISPLAY_NAME_UNRESOLVED",89,MEDIUM
318175,"","Gian Francisco",IDENTITY_FRAGMENT,Contracted,3852,576,107222,"Mogi Mirim EC",576,107222,"Mogi Mirim EC",False,392,2004,2004-10-10,Defined,283,2004,,,2,1,"DISPLAY_NAME_UNRESOLVED",89,MEDIUM
302064,"","Gílson Batata",IDENTITY_FRAGMENT,Contracted,759,576,107222,"Mogi Mirim EC",576,107222,"Mogi Mirim EC",False,471,2004,2004-11-30,Defined,334,2004,,,2,1,"DISPLAY_NAME_UNRESOLVED",89,MEDIUM
318489,"","Isidoro Marangon",IDENTITY_FRAGMENT,Contracted,3914,576,107222,"Mogi Mirim EC",576,107222,"Mogi Mirim EC",False,450,2001,2006-01-31,Defined,30,2006,,,2,1,"DISPLAY_NAME_UNRESOLVED",89,MEDIUM
316467,"","Jackson Luiz",IDENTITY_FRAGMENT,Contracted,3292,576,107222,"Mogi Mirim EC",576,107222,"Mogi Mirim EC",False,308,2001,2005-01-31,Defined,30,2005,,,2,1,"DISPLAY_NAME_UNRESOLVED",89,MEDIUM
6900119,"","João Simão",IDENTITY_FRAGMENT,Contracted,6480,576,107222,"Mogi Mirim EC",576,107222,"Mogi Mirim EC",False,119,2004,2004-10-12,Defined,285,2004,,,2,1,"DISPLAY_NAME_UNRESOLVED",89,MEDIUM
318487,"","José Batista",IDENTITY_FRAGMENT,Contracted,3912,576,107222,"Mogi Mirim EC",576,107222,"Mogi Mirim EC",False,515,2001,2006-01-31,Defined,30,2006,,,2,1,"DISPLAY_NAME_UNRESOLVED",89,MEDIUM
304436,"","Júnior Pereira",IDENTITY_FRAGMENT,Contracted,1141,576,107222,"Mogi Mirim EC",576,107222,"Mogi Mirim EC",False,247,2003,2006-01-31,Defined,30,2006,,,2,1,"DISPLAY_NAME_UNRESOLVED",89,MEDIUM
316332,"","Lammel",IDENTITY_FRAGMENT,OnLoan,3210,53,324,"Grêmio FBPA",576,107222,"Mogi Mirim EC",True,309,2004,2006-12-31,Defined,364,2006,309,2004-12-31,2,2,"DISPLAY_NAME_UNRESOLVED",97,HIGH
318811,"","Leandro Carlos",IDENTITY_FRAGMENT,Contracted,3960,576,107222,"Mogi Mirim EC",576,107222,"Mogi Mirim EC",False,216,2004,2006-01-31,Defined,30,2006,,,2,1,"DISPLAY_NAME_UNRESOLVED",89,MEDIUM
318497,"","Lima de Quadros",IDENTITY_FRAGMENT,Contracted,3922,576,107222,"Mogi Mirim EC",576,107222,"Mogi Mirim EC",False,113,2001,2006-01-31,Defined,30,2006,,,2,1,"DISPLAY_NAME_UNRESOLVED",89,MEDIUM
8833620,"","Marcelo Gabriel",IDENTITY_FRAGMENT,Contracted,7472,576,107222,"Mogi Mirim EC",576,107222,"Mogi Mirim EC",False,75,2004,2005-01-31,Defined,30,2005,,,2,1,"DISPLAY_NAME_UNRESOLVED",89,MEDIUM
301837,"","Márcio Franco",IDENTITY_FRAGMENT,Contracted,745,576,107222,"Mogi Mirim EC",576,107222,"Mogi Mirim EC",False,1031,2004,2006-01-31,Defined,30,2006,,,2,1,"DISPLAY_NAME_UNRESOLVED",89,MEDIUM
3300941,"","Márcio Henrique",IDENTITY_FRAGMENT,Contracted,5537,576,107222,"Mogi Mirim EC",576,107222,"Mogi Mirim EC",False,508,2004,2004-10-10,Defined,283,2004,,,2,1,"DISPLAY_NAME_UNRESOLVED",89,MEDIUM
319783,"","Mário Sérgio",IDENTITY_FRAGMENT,Contracted,4211,576,107222,"Mogi Mirim EC",576,107222,"Mogi Mirim EC",False,181,2001,2006-01-31,Defined,30,2006,,,2,1,"DISPLAY_NAME_UNRESOLVED",89,MEDIUM
8833618,"","Marques Menezes",IDENTITY_FRAGMENT,Contracted,7470,576,107222,"Mogi Mirim EC",576,107222,"Mogi Mirim EC",False,242,2004,2005-01-31,Defined,30,2005,,,2,1,"DISPLAY_NAME_UNRESOLVED",89,MEDIUM
318488,"","Renato Adriano",IDENTITY_FRAGMENT,Contracted,3913,576,107222,"Mogi Mirim EC",576,107222,"Mogi Mirim EC",False,124,2002,2005-04-30,Defined,119,2005,,,2,1,"DISPLAY_NAME_UNRESOLVED",89,MEDIUM
8834816,"","Serrão",IDENTITY_FRAGMENT,Contracted,7626,576,107222,"Mogi Mirim EC",576,107222,"Mogi Mirim EC",False,500,2001,2009-01-31,Defined,30,2009,,,1,1,"DISPLAY_NAME_UNRESOLVED",89,MEDIUM
318496,"","Teruel",IDENTITY_FRAGMENT,Contracted,3921,576,107222,"Mogi Mirim EC",576,107222,"Mogi Mirim EC",False,147,2003,2005-12-31,Defined,364,2005,,,2,1,"DISPLAY_NAME_UNRESOLVED",89,MEDIUM
302914,"","Vanderlei Bernardo",IDENTITY_FRAGMENT,Contracted,871,576,107222,"Mogi Mirim EC",576,107222,"Mogi Mirim EC",False,198,2004,2004-12-31,Defined,365,2004,,,1,1,"DISPLAY_NAME_UNRESOLVED",89,MEDIUM
4206781,"","Vlademir Ângelo",IDENTITY_FRAGMENT,Contracted,6102,576,107222,"Mogi Mirim EC",576,107222,"Mogi Mirim EC",False,523,2002,2006-01-31,Defined,30,2006,,,2,1,"DISPLAY_NAME_UNRESOLVED",89,MEDIUM
8833622,"","William Henrique",IDENTITY_FRAGMENT,FormationContract,7474,576,107222,"Mogi Mirim EC",576,107222,"Mogi Mirim EC",False,30,2001,,NotDefined,1,1900,,,2,1,"SENTINEL_END_DATE|DISPLAY_NAME_UNRESOLVED",89,MEDIUM
318493,"","Yuri Adriano",IDENTITY_FRAGMENT,Contracted,3918,576,107222,"Mogi Mirim EC",576,107222,"Mogi Mirim EC",False,75,2001,2005-01-31,Defined,30,2005,,,2,1,"DISPLAY_NAME_UNRESOLVED",89,MEDIUM
308421,"","Maicon Douglas",IDENTITY_FRAGMENT,Contracted,1937,156,826,"Mónaco",156,826,"Mónaco",False,2541,2004,2008-06-30,Defined,181,2008,,,2,1,"DISPLAY_NAME_UNRESOLVED",89,MEDIUM
726567,"","Manoel Lourenço",IDENTITY_FRAGMENT,Contracted,4691,468,2389,"Moreirense Futebol Clube",468,2389,"Moreirense Futebol Clube",False,1000,2003,2005-06-30,Defined,180,2005,,,2,1,"DISPLAY_NAME_UNRESOLVED",89,MEDIUM
306481,"","Cascais Júnior",IDENTITY_FRAGMENT,Contracted,1628,778,301172,"Moto Clube de São Luís",778,301172,"Moto Clube de São Luís",False,75,2001,2006-01-31,Defined,30,2006,,,1,1,"DISPLAY_NAME_UNRESOLVED",89,MEDIUM
319628,"","Catanhede",IDENTITY_FRAGMENT,Contracted,4091,778,301172,"Moto Clube de São Luís",778,301172,"Moto Clube de São Luís",False,422,2001,2006-01-31,Defined,30,2006,,,2,1,"DISPLAY_NAME_UNRESOLVED",89,MEDIUM
306477,"","Célio Mariano",IDENTITY_FRAGMENT,Contracted,1625,778,301172,"Moto Clube de São Luís",778,301172,"Moto Clube de São Luís",False,197,2001,2005-01-31,Defined,30,2005,,,2,1,"DISPLAY_NAME_UNRESOLVED",89,MEDIUM
319627,"","Cláudio Henrique",IDENTITY_FRAGMENT,Contracted,4090,778,301172,"Moto Clube de São Luís",778,301172,"Moto Clube de São Luís",False,336,2001,2006-01-31,Defined,30,2006,,,2,1,"DISPLAY_NAME_UNRESOLVED",89,MEDIUM
306471,"","Claydivan",IDENTITY_FRAGMENT,Contracted,1620,778,301172,"Moto Clube de São Luís",778,301172,"Moto Clube de São Luís",False,75,2001,2006-01-31,Defined,30,2006,,,2,1,"DISPLAY_NAME_UNRESOLVED",89,MEDIUM
306476,"","Cunha Antunes",IDENTITY_FRAGMENT,Contracted,1624,778,301172,"Moto Clube de São Luís",778,301172,"Moto Clube de São Luís",False,331,2001,2006-01-31,Defined,30,2006,,,2,1,"DISPLAY_NAME_UNRESOLVED",89,MEDIUM
315097,"","Isael",IDENTITY_FRAGMENT,Contracted,2596,778,301172,"Moto Clube de São Luís",778,301172,"Moto Clube de São Luís",False,295,2004,2006-01-31,Defined,30,2006,,,2,1,"DISPLAY_NAME_UNRESOLVED",89,MEDIUM
306466,"","Ivan Marcos",IDENTITY_FRAGMENT,Contracted,1617,778,301172,"Moto Clube de São Luís",778,301172,"Moto Clube de São Luís",False,194,2001,2006-01-31,Defined,30,2006,,,2,1,"DISPLAY_NAME_UNRESOLVED",89,MEDIUM
319630,"","Joniel",IDENTITY_FRAGMENT,Contracted,4093,778,301172,"Moto Clube de São Luís",778,301172,"Moto Clube de São Luís",False,75,2001,2006-01-31,Defined,30,2006,,,2,1,"DISPLAY_NAME_UNRESOLVED",89,MEDIUM
306464,"","Marcelo Arnaldo",IDENTITY_FRAGMENT,Contracted,1615,778,301172,"Moto Clube de São Luís",778,301172,"Moto Clube de São Luís",False,168,2001,2006-01-31,Defined,30,2006,,,2,1,"DISPLAY_NAME_UNRESOLVED",89,MEDIUM
319633,"","Marcos Tadeu",IDENTITY_FRAGMENT,Contracted,4096,778,301172,"Moto Clube de São Luís",778,301172,"Moto Clube de São Luís",False,250,2001,2006-01-31,Defined,30,2006,,,2,1,"DISPLAY_NAME_UNRESOLVED",89,MEDIUM
306473,"","Nogueira de Souza",IDENTITY_FRAGMENT,Contracted,1621,778,301172,"Moto Clube de São Luís",778,301172,"Moto Clube de São Luís",False,248,2001,2006-01-31,Defined,30,2006,,,2,1,"DISPLAY_NAME_UNRESOLVED",89,MEDIUM
306480,"","Pena da Silva",IDENTITY_FRAGMENT,Contracted,1627,778,301172,"Moto Clube de São Luís",778,301172,"Moto Clube de São Luís",False,336,2001,2006-01-31,Defined,30,2006,,,2,1,"DISPLAY_NAME_UNRESOLVED",89,MEDIUM
319629,"","Ribamar",IDENTITY_FRAGMENT,Contracted,4092,778,301172,"Moto Clube de São Luís",778,301172,"Moto Clube de São Luís",False,75,2001,2006-01-31,Defined,30,2006,,,2,1,"DISPLAY_NAME_UNRESOLVED",89,MEDIUM
319626,"","Ribeiro Jobim",IDENTITY_FRAGMENT,Contracted,4089,778,301172,"Moto Clube de São Luís",778,301172,"Moto Clube de São Luís",False,100,2001,2009-01-31,Defined,30,2009,,,2,1,"DISPLAY_NAME_UNRESOLVED",89,MEDIUM
306465,"","Roger",IDENTITY_FRAGMENT,Contracted,1616,778,301172,"Moto Clube de São Luís",778,301172,"Moto Clube de São Luís",False,221,2001,2006-01-31,Defined,30,2006,,,2,1,"DISPLAY_NAME_UNRESOLVED",89,MEDIUM
319632,"","Santos Escarpino",IDENTITY_FRAGMENT,Contracted,4095,778,301172,"Moto Clube de São Luís",778,301172,"Moto Clube de São Luís",False,98,2001,2006-01-31,Defined,30,2006,,,2,1,"DISPLAY_NAME_UNRESOLVED",89,MEDIUM
318132,"","Scarpino",IDENTITY_FRAGMENT,Contracted,3839,778,301172,"Moto Clube de São Luís",778,301172,"Moto Clube de São Luís",False,552,2001,2009-01-31,Defined,30,2009,,,1,1,"DISPLAY_NAME_UNRESOLVED",89,MEDIUM
3301428,"","Trovão",IDENTITY_FRAGMENT,Contracted,5761,778,301172,"Moto Clube de São Luís",778,301172,"Moto Clube de São Luís",False,125,2001,2009-01-31,Defined,30,2009,,,2,1,"DISPLAY_NAME_UNRESOLVED",89,MEDIUM
306474,"","William João",IDENTITY_FRAGMENT,Contracted,1622,778,301172,"Moto Clube de São Luís",778,301172,"Moto Clube de São Luís",False,88,2001,2006-01-31,Defined,30,2006,,,2,1,"DISPLAY_NAME_UNRESOLVED",89,MEDIUM
316837,"","Ênio Oliveira",IDENTITY_FRAGMENT,Contracted,3512,957,309358,"Murici FC",957,309358,"Murici FC",False,250,2001,2009-01-31,Defined,30,2009,,,2,1,"DISPLAY_NAME_UNRESOLVED",89,MEDIUM
310853,"","Jerfson",IDENTITY_FRAGMENT,OnLoan,2132,45,315,"EC Bahia",957,309358,"Murici FC",True,333,2001,2005-03-18,Defined,76,2005,333,2004-12-31,2,2,"DISPLAY_NAME_UNRESOLVED",97,HIGH
311916,"","Márcio Marcus",IDENTITY_FRAGMENT,OnLoan,2479,498,102555,"Goiás EC",957,309358,"Murici FC",True,224,2001,2006-12-17,Defined,350,2006,224,2004-12-31,2,2,"DISPLAY_NAME_UNRESOLVED",97,HIGH
308235,"","Ernesto",IDENTITY_FRAGMENT,Contracted,1888,910,304422,"Nacional AC (SP)",910,304422,"Nacional AC (SP)",False,250,2001,2009-01-31,Defined,30,2009,,,2,1,"DISPLAY_NAME_UNRESOLVED",89,MEDIUM
306387,"","Adelmo",IDENTITY_FRAGMENT,Contracted,1576,744,301108,"Nacional FC (AM)",744,301108,"Nacional FC (AM)",False,128,2001,2006-01-31,Defined,30,2006,,,2,1,"DISPLAY_NAME_UNRESOLVED",89,MEDIUM
305074,"","Ângelo Márcio",IDENTITY_FRAGMENT,Contracted,1296,744,301108,"Nacional FC (AM)",744,301108,"Nacional FC (AM)",False,209,2001,2005-01-31,Defined,30,2005,,,2,1,"DISPLAY_NAME_UNRESOLVED",89,MEDIUM
306388,"","Barbosa Prado",IDENTITY_FRAGMENT,Contracted,1577,744,301108,"Nacional FC (AM)",744,301108,"Nacional FC (AM)",False,258,2001,2006-01-31,Defined,30,2006,,,2,1,"DISPLAY_NAME_UNRESOLVED",89,MEDIUM
306590,"","Batista Lopes",IDENTITY_FRAGMENT,Contracted,1657,744,301108,"Nacional FC (AM)",744,301108,"Nacional FC (AM)",False,121,2001,2006-01-31,Defined,30,2006,,,2,1,"DISPLAY_NAME_UNRESOLVED",89,MEDIUM
306391,"","Fonseca",IDENTITY_FRAGMENT,Contracted,1578,744,301108,"Nacional FC (AM)",744,301108,"Nacional FC (AM)",False,238,2001,2006-01-31,Defined,30,2006,,,2,1,"DISPLAY_NAME_UNRESOLVED",89,MEDIUM
304504,"","Fujinaga",IDENTITY_FRAGMENT,Contracted,1166,744,301108,"Nacional FC (AM)",744,301108,"Nacional FC (AM)",False,309,2001,2006-01-31,Defined,30,2006,,,2,1,"DISPLAY_NAME_UNRESOLVED",89,MEDIUM
305962,"","Isaac Guaracy",IDENTITY_FRAGMENT,Contracted,1486,744,301108,"Nacional FC (AM)",744,301108,"Nacional FC (AM)",False,518,2004,2006-01-31,Defined,30,2006,,,2,1,"DISPLAY_NAME_UNRESOLVED",89,MEDIUM
304323,"","Jorge Luiz",IDENTITY_FRAGMENT,Contracted,1103,744,301108,"Nacional FC (AM)",744,301108,"Nacional FC (AM)",False,278,2001,2005-01-31,Defined,30,2005,,,2,1,"DISPLAY_NAME_UNRESOLVED",89,MEDIUM
306377,"","Malheiros",IDENTITY_FRAGMENT,Contracted,1570,744,301108,"Nacional FC (AM)",744,301108,"Nacional FC (AM)",False,75,2001,2007-01-31,Defined,30,2007,,,2,1,"DISPLAY_NAME_UNRESOLVED",89,MEDIUM
305959,"","Martins Garcez",IDENTITY_FRAGMENT,Contracted,1484,744,301108,"Nacional FC (AM)",744,301108,"Nacional FC (AM)",False,221,2004,2004-12-31,Defined,365,2004,,,2,1,"DISPLAY_NAME_UNRESOLVED",89,MEDIUM
308250,"","Mauro",IDENTITY_FRAGMENT,Contracted,1893,744,301108,"Nacional FC (AM)",744,301108,"Nacional FC (AM)",False,468,2001,2009-01-31,Defined,30,2009,,,2,1,"DISPLAY_NAME_UNRESOLVED",89,MEDIUM
306380,"","Renato",IDENTITY_FRAGMENT,Contracted,1573,744,301108,"Nacional FC (AM)",744,301108,"Nacional FC (AM)",False,223,2001,2006-01-31,Defined,30,2006,,,2,1,"DISPLAY_NAME_UNRESOLVED",89,MEDIUM
306386,"","Ribeiro da Fonseca",IDENTITY_FRAGMENT,Contracted,1575,744,301108,"Nacional FC (AM)",744,301108,"Nacional FC (AM)",False,90,2001,2005-01-31,Defined,30,2005,,,2,1,"DISPLAY_NAME_UNRESOLVED",89,MEDIUM
306396,"","Róbson Garanha",IDENTITY_FRAGMENT,Contracted,1582,744,301108,"Nacional FC (AM)",744,301108,"Nacional FC (AM)",False,187,2001,2005-01-31,Defined,30,2005,,,1,1,"DISPLAY_NAME_UNRESOLVED",89,MEDIUM
306376,"","Rodrigo Elias",IDENTITY_FRAGMENT,Contracted,1569,744,301108,"Nacional FC (AM)",744,301108,"Nacional FC (AM)",False,100,2001,2007-01-31,Defined,30,2007,,,1,1,"DISPLAY_NAME_UNRESOLVED",89,MEDIUM
306379,"","Soares de Deus",IDENTITY_FRAGMENT,Contracted,1572,744,301108,"Nacional FC (AM)",744,301108,"Nacional FC (AM)",False,289,2001,2005-01-31,Defined,30,2005,,,2,1,"DISPLAY_NAME_UNRESOLVED",89,MEDIUM
306383,"","Sodré Santos",IDENTITY_FRAGMENT,Contracted,1574,744,301108,"Nacional FC (AM)",744,301108,"Nacional FC (AM)",False,417,2001,2006-01-31,Defined,30,2006,,,2,1,"DISPLAY_NAME_UNRESOLVED",89,MEDIUM
3300368,"","Vândir",IDENTITY_FRAGMENT,Contracted,5341,744,301108,"Nacional FC (AM)",744,301108,"Nacional FC (AM)",False,375,2001,2005-01-31,Defined,30,2005,,,2,1,"DISPLAY_NAME_UNRESOLVED",89,MEDIUM
311079,"","Washington Alfredo",IDENTITY_FRAGMENT,Contracted,2232,744,301108,"Nacional FC (AM)",744,301108,"Nacional FC (AM)",False,318,2001,2006-01-31,Defined,30,2006,,,2,1,"DISPLAY_NAME_UNRESOLVED",89,MEDIUM
311637,"","Abocater",IDENTITY_FRAGMENT,Contracted,2409,1050,310899,"Nacional FC (MG)",1050,310899,"Nacional FC (MG)",False,250,2001,2007-01-31,Defined,30,2007,,,2,1,"DISPLAY_NAME_UNRESOLVED",89,MEDIUM
304214,"","Francisco Giriard",IDENTITY_FRAGMENT,Contracted,1064,951,309143,"Náutico (RR)",951,309143,"Náutico (RR)",False,75,2001,2006-01-31,Defined,30,2006,,,2,1,"DISPLAY_NAME_UNRESOLVED",89,MEDIUM
306326,"","Holanda",IDENTITY_FRAGMENT,Contracted,1548,951,309143,"Náutico (RR)",951,309143,"Náutico (RR)",False,75,2001,2006-01-31,Defined,30,2006,,,2,1,"DISPLAY_NAME_UNRESOLVED",89,MEDIUM
306302,"","José Leílton",IDENTITY_FRAGMENT,Contracted,1540,951,309143,"Náutico (RR)",951,309143,"Náutico (RR)",False,75,2001,2006-01-31,Defined,30,2006,,,2,1,"DISPLAY_NAME_UNRESOLVED",89,MEDIUM
306320,"","Ronaldy Douglas",IDENTITY_FRAGMENT,Contracted,1547,951,309143,"Náutico (RR)",951,309143,"Náutico (RR)",False,69,2001,2006-01-31,Defined,30,2006,,,2,1,"DISPLAY_NAME_UNRESOLVED",89,MEDIUM
115839,"","Pereira de Freitas",IDENTITY_FRAGMENT,Contracted,565,216,1025,"NEC Nijmegen",216,1025,"NEC Nijmegen",False,3276,2004,2006-07-31,Defined,211,2006,,,2,1,"DISPLAY_NAME_UNRESOLVED",89,MEDIUM
4280,"","Mário Jardel",IDENTITY_FRAGMENT,Contracted,131,15,91,"Newell's Old Boys",15,91,"Newell's Old Boys",False,30000,2004,2005-06-30,Defined,180,2005,,,2,1,"DISPLAY_NAME_UNRESOLVED",89,MEDIUM
317814,"","Ânderson Roberto",IDENTITY_FRAGMENT,Contracted,3775,948,309140,"Novo Horizonte FC",948,309140,"Novo Horizonte FC",False,546,2001,2006-01-31,Defined,30,2006,,,1,1,"DISPLAY_NAME_UNRESOLVED",89,MEDIUM
317806,"","Gleiton Paulo",IDENTITY_FRAGMENT,Contracted,3774,948,309140,"Novo Horizonte FC",948,309140,"Novo Horizonte FC",False,226,2001,2006-01-31,Defined,30,2006,,,2,1,"DISPLAY_NAME_UNRESOLVED",89,MEDIUM
8832904,"","Anderson Marcelo",IDENTITY_FRAGMENT,Contracted,7241,1065,311028,"Oeste FC",1065,311028,"Oeste FC",False,181,2004,2006-01-31,Defined,30,2006,,,2,1,"DISPLAY_NAME_UNRESOLVED",89,MEDIUM
3902143,"","Edison Marques",IDENTITY_FRAGMENT,Contracted,5974,1065,311028,"Oeste FC",1065,311028,"Oeste FC",False,139,2001,2006-01-31,Defined,30,2006,,,2,1,"DISPLAY_NAME_UNRESOLVED",89,MEDIUM
321115,"","Silas Levi",IDENTITY_FRAGMENT,Contracted,4410,1065,311028,"Oeste FC",1065,311028,"Oeste FC",False,262,2001,2006-01-31,Defined,30,2006,,,2,1,"DISPLAY_NAME_UNRESOLVED",89,MEDIUM
304394,"","Vítor Hugo",IDENTITY_FRAGMENT,Contracted,1127,1065,311028,"Oeste FC",1065,311028,"Oeste FC",False,387,2003,2006-01-31,Defined,30,2006,,,2,1,"DISPLAY_NAME_UNRESOLVED",89,MEDIUM
3300593,"","Alberto José",IDENTITY_FRAGMENT,Contracted,5393,527,104870,"Olaria AC",527,104870,"Olaria AC",False,75,2001,2006-01-31,Defined,30,2006,,,2,1,"DISPLAY_NAME_UNRESOLVED",89,MEDIUM
3300605,"","Alves de Barros",IDENTITY_FRAGMENT,Contracted,5396,527,104870,"Olaria AC",527,104870,"Olaria AC",False,75,2001,2006-01-31,Defined,30,2006,,,2,1,"DISPLAY_NAME_UNRESOLVED",89,MEDIUM
6900051,"","Bastos da Costa",IDENTITY_FRAGMENT,Contracted,6434,527,104870,"Olaria AC",527,104870,"Olaria AC",False,832,2004,2006-01-31,Defined,30,2006,,,2,1,"DISPLAY_NAME_UNRESOLVED",89,MEDIUM
8833624,"","Cardoso de Souza",IDENTITY_FRAGMENT,Contracted,7476,527,104870,"Olaria AC",527,104870,"Olaria AC",False,213,2001,2006-01-31,Defined,30,2006,,,2,1,"DISPLAY_NAME_UNRESOLVED",89,MEDIUM
3300610,"","da Cunha Antunes",IDENTITY_FRAGMENT,Contracted,5397,527,104870,"Olaria AC",527,104870,"Olaria AC",False,75,2001,2006-01-31,Defined,30,2006,,,1,1,"DISPLAY_NAME_UNRESOLVED",89,MEDIUM
320756,"","da Luz Ferreira Pinto",IDENTITY_FRAGMENT,OnLoan,4366,818,301247,"AD Cabofriense",527,104870,"Olaria AC",True,228,2001,2006-01-31,Defined,30,2006,228,2004-12-31,2,2,"DISPLAY_NAME_UNRESOLVED",97,HIGH
315465,"","de Jesús Bernardo",IDENTITY_FRAGMENT,Contracted,2799,527,104870,"Olaria AC",527,104870,"Olaria AC",False,281,2001,2006-01-31,Defined,30,2006,,,2,1,"DISPLAY_NAME_UNRESOLVED",89,MEDIUM
311192,"","Ely Thadeu",IDENTITY_FRAGMENT,OnLoan,2293,68,339,"CR Vasco da Gama",527,104870,"Olaria AC",True,75,2001,2006-01-31,Defined,30,2006,75,2004-12-31,1,2,"DISPLAY_NAME_UNRESOLVED",97,HIGH
315638,"","Ferreira Braga",IDENTITY_FRAGMENT,Contracted,2876,527,104870,"Olaria AC",527,104870,"Olaria AC",False,115,2001,2006-01-31,Defined,30,2006,,,2,1,"DISPLAY_NAME_UNRESOLVED",89,MEDIUM
315642,"","Geovanni",IDENTITY_FRAGMENT,OnLoan,2880,47,317,"CA Bragantino",527,104870,"Olaria AC",True,330,2001,2006-01-31,Defined,30,2006,330,2004-12-31,1,2,"DISPLAY_NAME_UNRESOLVED",97,HIGH
311422,"","Jóia de Mello",IDENTITY_FRAGMENT,Contracted,2380,527,104870,"Olaria AC",527,104870,"Olaria AC",False,250,2002,2006-01-31,Defined,30,2006,,,2,1,"DISPLAY_NAME_UNRESOLVED",89,MEDIUM
315636,"","Lagória",IDENTITY_FRAGMENT,Contracted,2874,527,104870,"Olaria AC",527,104870,"Olaria AC",False,296,2001,2006-01-31,Defined,30,2006,,,2,1,"DISPLAY_NAME_UNRESOLVED",89,MEDIUM
315637,"","Lima Freitas",IDENTITY_FRAGMENT,Contracted,2875,527,104870,"Olaria AC",527,104870,"Olaria AC",False,353,2001,2006-01-31,Defined,30,2006,,,2,1,"DISPLAY_NAME_UNRESOLVED",89,MEDIUM
315641,"","Mascarenhas de Aguiar",IDENTITY_FRAGMENT,Contracted,2879,527,104870,"Olaria AC",527,104870,"Olaria AC",False,167,2001,2006-01-31,Defined,30,2006,,,2,1,"DISPLAY_NAME_UNRESOLVED",89,MEDIUM
315633,"","Moraes Pereira",IDENTITY_FRAGMENT,Contracted,2872,527,104870,"Olaria AC",527,104870,"Olaria AC",False,177,2001,2006-01-31,Defined,30,2006,,,2,1,"DISPLAY_NAME_UNRESOLVED",89,MEDIUM
464846,"","Moreira Jarró",IDENTITY_FRAGMENT,Contracted,4513,527,104870,"Olaria AC",527,104870,"Olaria AC",False,311,2001,2006-01-31,Defined,30,2006,,,2,1,"DISPLAY_NAME_UNRESOLVED",89,MEDIUM
775576,"","Nunes de Oliveira",IDENTITY_FRAGMENT,OnLoan,4734,579,107228,"CF Zico (RJ)",527,104870,"Olaria AC",True,457,2001,2006-01-31,Defined,30,2006,457,2004-12-31,1,2,"DISPLAY_NAME_UNRESOLVED",97,HIGH
311687,"","Pierre",IDENTITY_FRAGMENT,Contracted,2415,527,104870,"Olaria AC",527,104870,"Olaria AC",False,75,2001,2006-01-31,Defined,30,2006,,,2,1,"DISPLAY_NAME_UNRESOLVED",89,MEDIUM
8833625,"","Ricardo Carlos",IDENTITY_FRAGMENT,Contracted,7477,527,104870,"Olaria AC",527,104870,"Olaria AC",False,75,2001,2005-01-31,Defined,30,2005,,,2,1,"DISPLAY_NAME_UNRESOLVED",89,MEDIUM
3300615,"","Rommel",IDENTITY_FRAGMENT,Contracted,5401,527,104870,"Olaria AC",527,104870,"Olaria AC",False,100,2001,2009-01-31,Defined,30,2009,,,1,1,"DISPLAY_NAME_UNRESOLVED",89,MEDIUM
315640,"","Souza Santos",IDENTITY_FRAGMENT,Contracted,2878,527,104870,"Olaria AC",527,104870,"Olaria AC",False,159,2001,2006-01-31,Defined,30,2006,,,2,1,"DISPLAY_NAME_UNRESOLVED",89,MEDIUM
5397518,"","Marcelo Ferreira",IDENTITY_FRAGMENT,Contracted,6264,488,102369,"Olimpia (HON)",488,102369,"Olimpia (HON)",False,141,2003,2006-08-31,Defined,242,2006,,,2,1,"DISPLAY_NAME_UNRESOLVED",89,MEDIUM
304596,"","Luciano Rogério",IDENTITY_FRAGMENT,Contracted,1222,868,301346,"Olímpia (SP)",868,301346,"Olímpia (SP)",False,178,2003,2006-01-31,Defined,30,2006,,,2,1,"DISPLAY_NAME_UNRESOLVED",89,MEDIUM
1127,"","Giovanni Silva",IDENTITY_FRAGMENT,Contracted,59,202,981,"Olympiakos SF Piraeus",202,981,"Olympiakos SF Piraeus",False,16150,1999,2005-06-30,Defined,180,2005,,,2,1,"DISPLAY_NAME_UNRESOLVED",89,MEDIUM
3268,"","Rivaldo Vítor",IDENTITY_FRAGMENT,Contracted,115,202,981,"Olympiakos SF Piraeus",202,981,"Olympiakos SF Piraeus",False,24000,2004,2006-06-30,Defined,180,2006,,,2,1,"DISPLAY_NAME_UNRESOLVED",89,MEDIUM
8825481,"","Ado",IDENTITY_FRAGMENT,Contracted,6761,586,107242,"Operário (MS)",586,107242,"Operário (MS)",False,257,2001,2005-01-31,Defined,30,2005,,,2,1,"DISPLAY_NAME_UNRESOLVED",89,MEDIUM
8827290,"","Anderson Gomes",IDENTITY_FRAGMENT,Contracted,6876,586,107242,"Operário (MS)",586,107242,"Operário (MS)",False,242,2001,2006-01-31,Defined,30,2006,,,2,1,"DISPLAY_NAME_UNRESOLVED",89,MEDIUM
320246,"","Baianinho",IDENTITY_FRAGMENT,Contracted,4245,586,107242,"Operário (MS)",586,107242,"Operário (MS)",False,351,2001,2008-01-31,Defined,30,2008,,,1,1,"DISPLAY_NAME_UNRESOLVED",89,MEDIUM
317834,"","Capilé",IDENTITY_FRAGMENT,Contracted,3777,586,107242,"Operário (MS)",586,107242,"Operário (MS)",False,116,2001,2006-01-31,Defined,30,2006,,,1,1,"DISPLAY_NAME_UNRESOLVED",89,MEDIUM
320296,"","Kleiton",IDENTITY_FRAGMENT,Contracted,4268,586,107242,"Operário (MS)",586,107242,"Operário (MS)",False,75,2001,2006-01-31,Defined,30,2006,,,2,1,"DISPLAY_NAME_UNRESOLVED",89,MEDIUM
3301286,"","Vagno Célio",IDENTITY_FRAGMENT,Contracted,5708,586,107242,"Operário (MS)",586,107242,"Operário (MS)",False,244,2004,2005-01-31,Defined,30,2005,,,2,1,"DISPLAY_NAME_UNRESOLVED",89,MEDIUM
308308,"","Gassen",IDENTITY_FRAGMENT,Contracted,1897,1075,311086,"Operário Ferroviário FC",1075,311086,"Operário Ferroviário FC",False,250,2001,2008-01-31,Defined,30,2008,,,1,1,"DISPLAY_NAME_UNRESOLVED",89,MEDIUM
316593,"","Miona Varela Costa",IDENTITY_FRAGMENT,OnLoan,3366,48,319,"SC Corinthians Paulista",410,1842,"Örebro SK",True,82,2001,2006-01-31,Defined,30,2006,82,2004-12-31,2,2,"DISPLAY_NAME_UNRESOLVED",97,HIGH
310730,"","Chamon de Castilho",IDENTITY_FRAGMENT,Contracted,2082,411,1843,"Örgryte IS",411,1843,"Örgryte IS",False,661,2002,2006-12-31,Defined,364,2006,,,1,1,"DISPLAY_NAME_UNRESOLVED",89,MEDIUM
8831900,"","Robério",IDENTITY_FRAGMENT,OnLoan,7116,44,314,"C Atlético Mineiro",411,1843,"Örgryte IS",True,166,2002,2007-10-03,Defined,275,2007,166,2004-12-31,2,2,"DISPLAY_NAME_UNRESOLVED",97,HIGH
318644,"","Carlos Magno",IDENTITY_FRAGMENT,Contracted,3931,860,301329,"Palmas FR",860,301329,"Palmas FR",False,300,2001,2007-01-31,Defined,30,2007,,,1,1,"DISPLAY_NAME_UNRESOLVED",89,MEDIUM
307322,"","Eudes",IDENTITY_FRAGMENT,Contracted,1837,860,301329,"Palmas FR",860,301329,"Palmas FR",False,75,2001,2006-01-31,Defined,30,2006,,,2,1,"DISPLAY_NAME_UNRESOLVED",89,MEDIUM
307324,"","Márcio Pedro",IDENTITY_FRAGMENT,Contracted,1838,860,301329,"Palmas FR",860,301329,"Palmas FR",False,116,2001,2006-01-31,Defined,30,2006,,,2,1,"DISPLAY_NAME_UNRESOLVED",89,MEDIUM
307303,"","Nascimento Costa",IDENTITY_FRAGMENT,Contracted,1833,860,301329,"Palmas FR",860,301329,"Palmas FR",False,245,2001,2005-01-31,Defined,30,2005,,,2,1,"DISPLAY_NAME_UNRESOLVED",89,MEDIUM
321080,"","Pinto de Alexandria",IDENTITY_FRAGMENT,Contracted,4404,860,301329,"Palmas FR",860,301329,"Palmas FR",False,86,2001,2006-01-31,Defined,30,2006,,,2,1,"DISPLAY_NAME_UNRESOLVED",89,MEDIUM
307321,"","Quirino da Silva",IDENTITY_FRAGMENT,Contracted,1836,860,301329,"Palmas FR",860,301329,"Palmas FR",False,56,2001,2005-01-31,Defined,30,2005,,,2,1,"DISPLAY_NAME_UNRESOLVED",89,MEDIUM
307318,"","Rodrigo Ramos",IDENTITY_FRAGMENT,Contracted,1835,860,301329,"Palmas FR",860,301329,"Palmas FR",False,123,2001,2005-01-31,Defined,30,2005,,,2,1,"DISPLAY_NAME_UNRESOLVED",89,MEDIUM
317504,"","Claudiomiro",IDENTITY_FRAGMENT,Contracted,3732,1097,311959,"Palmeiras do Nordeste",1097,311959,"Palmeiras do Nordeste",False,75,2001,2006-01-31,Defined,30,2006,,,2,1,"DISPLAY_NAME_UNRESOLVED",89,MEDIUM
317505,"","Jonga",IDENTITY_FRAGMENT,Contracted,3733,1097,311959,"Palmeiras do Nordeste",1097,311959,"Palmeiras do Nordeste",False,75,2001,2006-01-31,Defined,30,2006,,,2,1,"DISPLAY_NAME_UNRESOLVED",89,MEDIUM
317501,"","Neílton",IDENTITY_FRAGMENT,Contracted,3731,1097,311959,"Palmeiras do Nordeste",1097,311959,"Palmeiras do Nordeste",False,75,2001,2006-01-31,Defined,30,2006,,,2,1,"DISPLAY_NAME_UNRESOLVED",89,MEDIUM
317497,"","Prestes Neto",IDENTITY_FRAGMENT,Contracted,3730,1097,311959,"Palmeiras do Nordeste",1097,311959,"Palmeiras do Nordeste",False,75,2001,2005-01-31,Defined,30,2005,,,2,1,"DISPLAY_NAME_UNRESOLVED",89,MEDIUM
317506,"","Quaresma",IDENTITY_FRAGMENT,Contracted,3734,1097,311959,"Palmeiras do Nordeste",1097,311959,"Palmeiras do Nordeste",False,75,2001,2006-01-31,Defined,30,2006,,,2,1,"DISPLAY_NAME_UNRESOLVED",89,MEDIUM
317492,"","Vanuca",IDENTITY_FRAGMENT,Contracted,3726,1097,311959,"Palmeiras do Nordeste",1097,311959,"Palmeiras do Nordeste",False,75,2001,2006-01-31,Defined,30,2006,,,2,1,"DISPLAY_NAME_UNRESOLVED",89,MEDIUM
8830094,"","Albadilon",IDENTITY_FRAGMENT,Contracted,6973,59,330,"Paraná C",59,330,"Paraná C",False,189,2003,2005-12-31,Defined,364,2005,,,2,1,"DISPLAY_NAME_UNRESOLVED",89,MEDIUM
8830095,"","Alcides Otacílio",IDENTITY_FRAGMENT,Contracted,6974,59,330,"Paraná C",59,330,"Paraná C",False,240,2003,2006-02-28,Defined,58,2006,,,2,1,"DISPLAY_NAME_UNRESOLVED",89,MEDIUM
316996,"","Anderson Rafael",IDENTITY_FRAGMENT,Contracted,3519,59,330,"Paraná C",59,330,"Paraná C",False,227,2001,2006-01-31,Defined,30,2006,,,2,1,"DISPLAY_NAME_UNRESOLVED",89,MEDIUM
317000,"","Aragão",IDENTITY_FRAGMENT,Contracted,3523,59,330,"Paraná C",59,330,"Paraná C",False,151,2002,2006-01-31,Defined,30,2006,,,2,1,"DISPLAY_NAME_UNRESOLVED",89,MEDIUM
8832871,"","Augusto Leonel",IDENTITY_FRAGMENT,OnLoan,7210,903,303022,"Iraty SC",59,330,"Paraná C",True,93,2002,2007-01-31,Defined,30,2007,93,2004-12-31,1,2,"DISPLAY_NAME_UNRESOLVED",97,HIGH
302475,"","Axel",IDENTITY_FRAGMENT,Contracted,818,59,330,"Paraná C",59,330,"Paraná C",False,759,2004,2006-01-31,Defined,30,2006,,,2,1,"DISPLAY_NAME_UNRESOLVED",89,MEDIUM
316413,"","Bueno dos Santos",IDENTITY_FRAGMENT,Contracted,3272,59,330,"Paraná C",59,330,"Paraná C",False,483,2002,2006-07-31,Defined,211,2006,,,2,1,"DISPLAY_NAME_UNRESOLVED",89,MEDIUM
309122,"","César Romero",IDENTITY_FRAGMENT,Contracted,1988,59,330,"Paraná C",59,330,"Paraná C",False,192,2001,2006-01-31,Defined,30,2006,,,2,1,"DISPLAY_NAME_UNRESOLVED",89,MEDIUM
8835198,"","Cleisson Carlos",IDENTITY_FRAGMENT,Contracted,7755,59,330,"Paraná C",59,330,"Paraná C",False,75,2001,2005-01-31,Defined,30,2005,,,2,1,"DISPLAY_NAME_UNRESOLVED",89,MEDIUM
8825199,"","da Silva Fonseca",IDENTITY_FRAGMENT,OnLoan,6747,49,320,"Criciúma EC",59,330,"Paraná C",True,75,2001,2006-01-31,Defined,30,2006,75,2004-12-31,1,2,"DISPLAY_NAME_UNRESOLVED",97,HIGH
8830525,"","da Silva Vicente",IDENTITY_FRAGMENT,OnLoan,7074,903,303022,"Iraty SC",59,330,"Paraná C",True,569,2004,2006-07-01,Defined,181,2006,569,2004-12-20,2,2,"DISPLAY_NAME_UNRESOLVED",97,HIGH
3300748,"","Darci Afonso",IDENTITY_FRAGMENT,Contracted,5465,59,330,"Paraná C",59,330,"Paraná C",False,127,2002,2007-01-31,Defined,30,2007,,,2,1,"DISPLAY_NAME_UNRESOLVED",89,MEDIUM
320077,"","das Chagas Cavalcante",IDENTITY_FRAGMENT,Contracted,4228,59,330,"Paraná C",59,330,"Paraná C",False,75,2003,2004-12-31,Defined,365,2004,,,2,1,"DISPLAY_NAME_UNRESOLVED",89,MEDIUM
306258,"","Dennys",IDENTITY_FRAGMENT,Contracted,1530,59,330,"Paraná C",59,330,"Paraná C",False,128,2004,2006-01-31,Defined,30,2006,,,2,1,"DISPLAY_NAME_UNRESOLVED",89,MEDIUM
316995,"","Dias Heck",IDENTITY_FRAGMENT,Contracted,3518,59,330,"Paraná C",59,330,"Paraná C",False,75,2001,2005-01-31,Defined,30,2005,,,2,1,"DISPLAY_NAME_UNRESOLVED",89,MEDIUM
315137,"","Diego Luiz",IDENTITY_FRAGMENT,Contracted,2627,59,330,"Paraná C",59,330,"Paraná C",False,47,2001,2005-01-31,Defined,30,2005,,,2,1,"DISPLAY_NAME_UNRESOLVED",89,MEDIUM
317291,"","do Nascimento Correia",IDENTITY_FRAGMENT,OnLoan,3681,66,337,"São Paulo FC",59,330,"Paraná C",True,368,2003,2008-04-01,Defined,91,2008,368,2004-12-31,1,2,"DISPLAY_NAME_UNRESOLVED",97,HIGH
302178,"","Edemir",IDENTITY_FRAGMENT,Contracted,775,59,330,"Paraná C",59,330,"Paraná C",False,234,2001,2007-01-31,Defined,30,2007,,,1,1,"DISPLAY_NAME_UNRESOLVED",89,MEDIUM
309126,"","Ednaldo Sávio",IDENTITY_FRAGMENT,Contracted,1989,59,330,"Paraná C",59,330,"Paraná C",False,75,2001,2006-01-31,Defined,30,2006,,,2,1,"DISPLAY_NAME_UNRESOLVED",89,MEDIUM
315154,"","Edson Carlos",IDENTITY_FRAGMENT,Contracted,2643,59,330,"Paraná C",59,330,"Paraná C",False,321,2004,2006-01-31,Defined,30,2006,,,2,1,"DISPLAY_NAME_UNRESOLVED",89,MEDIUM
316999,"","Elias",IDENTITY_FRAGMENT,Contracted,3522,59,330,"Paraná C",59,330,"Paraná C",False,75,2001,2006-01-31,Defined,30,2006,,,2,1,"DISPLAY_NAME_UNRESOLVED",89,MEDIUM
302169,"","Evandro Luiz",IDENTITY_FRAGMENT,Contracted,767,59,330,"Paraná C",59,330,"Paraná C",False,223,2001,2006-01-31,Defined,30,2006,,,2,1,"DISPLAY_NAME_UNRESOLVED",89,MEDIUM
320259,"","Everton César",IDENTITY_FRAGMENT,OnLoan,4251,807,301228,"União Bandeirante FC",59,330,"Paraná C",True,162,2001,2006-01-31,Defined,30,2006,162,2004-12-31,2,2,"DISPLAY_NAME_UNRESOLVED",97,HIGH
6900656,"","Fabiano Bruno",IDENTITY_FRAGMENT,Contracted,6571,59,330,"Paraná C",59,330,"Paraná C",False,468,2001,2008-01-31,Defined,30,2008,,,1,1,"DISPLAY_NAME_UNRESOLVED",89,MEDIUM
8832868,"","Ferreira Mendes Bersch",IDENTITY_FRAGMENT,Contracted,7207,59,330,"Paraná C",59,330,"Paraná C",False,434,2004,2005-01-31,Defined,30,2005,,,2,1,"DISPLAY_NAME_UNRESOLVED",89,MEDIUM
3301155,"","Flávio Emídio",IDENTITY_FRAGMENT,Contracted,5631,59,330,"Paraná C",59,330,"Paraná C",False,466,2004,2004-12-20,Defined,354,2004,,,2,1,"DISPLAY_NAME_UNRESOLVED",89,MEDIUM
316416,"","Gomes Bispo",IDENTITY_FRAGMENT,Contracted,3275,59,330,"Paraná C",59,330,"Paraná C",False,203,2001,2006-01-31,Defined,30,2006,,,2,1,"DISPLAY_NAME_UNRESOLVED",89,MEDIUM
3300456,"","Jean Carlo",IDENTITY_FRAGMENT,Contracted,5366,59,330,"Paraná C",59,330,"Paraná C",False,187,2004,2004-12-20,Defined,354,2004,,,2,1,"DISPLAY_NAME_UNRESOLVED",89,MEDIUM
8832869,"","João Vítor",IDENTITY_FRAGMENT,Contracted,7208,59,330,"Paraná C",59,330,"Paraná C",False,335,2004,2006-01-31,Defined,30,2006,,,1,1,"DISPLAY_NAME_UNRESOLVED",89,MEDIUM
315128,"","Joni",IDENTITY_FRAGMENT,Contracted,2619,59,330,"Paraná C",59,330,"Paraná C",False,75,2001,2005-01-31,Defined,30,2005,,,2,1,"DISPLAY_NAME_UNRESOLVED",89,MEDIUM
3301237,"","José Sinval",IDENTITY_FRAGMENT,Contracted,5680,59,330,"Paraná C",59,330,"Paraná C",False,1682,2004,2005-01-31,Defined,30,2005,,,2,1,"DISPLAY_NAME_UNRESOLVED",89,MEDIUM
301716,"","Kleina",IDENTITY_FRAGMENT,Contracted,731,59,330,"Paraná C",59,330,"Paraná C",False,1753,2001,2007-01-31,Defined,30,2007,,,1,1,"DISPLAY_NAME_UNRESOLVED",89,MEDIUM
317011,"","Koslowski da Silva",IDENTITY_FRAGMENT,Contracted,3531,59,330,"Paraná C",59,330,"Paraná C",False,75,2002,2006-07-31,Defined,211,2006,,,2,1,"DISPLAY_NAME_UNRESOLVED",89,MEDIUM
320072,"","Lombardi",IDENTITY_FRAGMENT,Contracted,4225,59,330,"Paraná C",59,330,"Paraná C",False,390,2001,2006-01-31,Defined,30,2006,,,2,1,"DISPLAY_NAME_UNRESOLVED",89,MEDIUM
310863,"","Lopes Bader",IDENTITY_FRAGMENT,Contracted,2136,59,330,"Paraná C",59,330,"Paraná C",False,75,2001,2006-01-31,Defined,30,2006,,,2,1,"DISPLAY_NAME_UNRESOLVED",89,MEDIUM
317007,"","Maestre Penha",IDENTITY_FRAGMENT,Contracted,3529,59,330,"Paraná C",59,330,"Paraná C",False,514,2004,2004-12-31,Defined,365,2004,,,2,1,"DISPLAY_NAME_UNRESOLVED",89,MEDIUM
316214,"","Marchiori Lavagnolli",IDENTITY_FRAGMENT,Contracted,3142,59,330,"Paraná C",59,330,"Paraná C",False,240,2004,2006-01-31,Defined,30,2006,,,2,1,"DISPLAY_NAME_UNRESOLVED",89,MEDIUM
301649,"","Márcio Caetano",IDENTITY_FRAGMENT,Contracted,719,59,330,"Paraná C",59,330,"Paraná C",False,702,2004,2006-01-31,Defined,30,2006,,,2,1,"DISPLAY_NAME_UNRESOLVED",89,MEDIUM
317001,"","Marcone José",IDENTITY_FRAGMENT,Contracted,3524,59,330,"Paraná C",59,330,"Paraná C",False,75,2001,2005-01-31,Defined,30,2005,,,2,1,"DISPLAY_NAME_UNRESOLVED",89,MEDIUM
316185,"","Martins Galvão",IDENTITY_FRAGMENT,Contracted,3127,59,330,"Paraná C",59,330,"Paraná C",False,523,2004,2006-01-31,Defined,30,2006,,,2,1,"DISPLAY_NAME_UNRESOLVED",89,MEDIUM
317004,"","Maycon Francisco",IDENTITY_FRAGMENT,Contracted,3526,59,330,"Paraná C",59,330,"Paraná C",False,75,2001,2006-01-31,Defined,30,2006,,,2,1,"DISPLAY_NAME_UNRESOLVED",89,MEDIUM
8833627,"","Mengarda",IDENTITY_FRAGMENT,FormationContract,7479,59,330,"Paraná C",59,330,"Paraná C",False,30,2001,,NotDefined,1,1900,,,2,1,"SENTINEL_END_DATE|DISPLAY_NAME_UNRESOLVED",89,MEDIUM
310787,"","Messias",IDENTITY_FRAGMENT,Contracted,2110,59,330,"Paraná C",59,330,"Paraná C",False,284,2004,2006-01-31,Defined,30,2006,,,2,1,"DISPLAY_NAME_UNRESOLVED",89,MEDIUM
8833626,"","Nascimento Moscatelli",IDENTITY_FRAGMENT,Contracted,7478,59,330,"Paraná C",59,330,"Paraná C",False,188,2001,2006-01-31,Defined,30,2006,,,2,1,"DISPLAY_NAME_UNRESOLVED",89,MEDIUM
8832870,"","Neguinho",IDENTITY_FRAGMENT,Contracted,7209,59,330,"Paraná C",59,330,"Paraná C",False,651,2001,2008-01-31,Defined,30,2008,,,2,1,"DISPLAY_NAME_UNRESOLVED",89,MEDIUM
316414,"","Noleto da Silva",IDENTITY_FRAGMENT,Contracted,3273,59,330,"Paraná C",59,330,"Paraná C",False,125,2001,2006-01-31,Defined,30,2006,,,2,1,"DISPLAY_NAME_UNRESOLVED",89,MEDIUM
315543,"","Oélington",IDENTITY_FRAGMENT,OnLoan,2834,752,301123,"Fluminense de Feira FC",59,330,"Paraná C",True,369,2001,2006-01-31,Defined,30,2006,369,2004-12-31,2,2,"DISPLAY_NAME_UNRESOLVED",97,HIGH
8832872,"","Paulo Campos",IDENTITY_FRAGMENT,Contracted,7211,59,330,"Paraná C",59,330,"Paraná C",False,562,2001,2007-01-31,Defined,30,2007,,,2,1,"DISPLAY_NAME_UNRESOLVED",89,MEDIUM
317005,"","Rafael Leite",IDENTITY_FRAGMENT,Contracted,3527,59,330,"Paraná C",59,330,"Paraná C",False,75,2001,2006-01-31,Defined,30,2006,,,2,1,"DISPLAY_NAME_UNRESOLVED",89,MEDIUM
316419,"","Saroli",IDENTITY_FRAGMENT,Contracted,3277,59,330,"Paraná C",59,330,"Paraná C",False,562,2001,2007-01-31,Defined,30,2007,,,1,1,"DISPLAY_NAME_UNRESOLVED",89,MEDIUM
317206,"","Siqueira Fernandes Filho",IDENTITY_FRAGMENT,OnLoan,3632,903,303022,"Iraty SC",59,330,"Paraná C",True,576,2001,2006-10-30,Defined,302,2006,576,2004-12-31,1,2,"DISPLAY_NAME_UNRESOLVED",97,HIGH
3301222,"","Tardivo Gonçalves Júnior",IDENTITY_FRAGMENT,Contracted,5672,59,330,"Paraná C",59,330,"Paraná C",False,342,2004,2004-12-20,Defined,354,2004,,,2,1,"DISPLAY_NAME_UNRESOLVED",89,MEDIUM
6900083,"","Valberto",IDENTITY_FRAGMENT,OnLoan,6457,1214,313357,"Vilavelhense FC",59,330,"Paraná C",True,314,2001,2006-01-31,Defined,30,2006,314,2004-12-31,2,2,"DISPLAY_NAME_UNRESOLVED",97,HIGH
8830096,"","Vanderson",IDENTITY_FRAGMENT,Contracted,6975,59,330,"Paraná C",59,330,"Paraná C",False,141,2003,2006-02-28,Defined,58,2006,,,2,1,"DISPLAY_NAME_UNRESOLVED",89,MEDIUM
317006,"","Vieira Gostenski",IDENTITY_FRAGMENT,Contracted,3528,59,330,"Paraná C",59,330,"Paraná C",False,75,2001,2005-01-31,Defined,30,2005,,,2,1,"DISPLAY_NAME_UNRESOLVED",89,MEDIUM
316417,"","Waldir Antônio",IDENTITY_FRAGMENT,Contracted,3276,59,330,"Paraná C",59,330,"Paraná C",False,381,2001,2006-01-31,Defined,30,2006,,,1,1,"DISPLAY_NAME_UNRESOLVED",89,MEDIUM
317012,"","Willian Thadeu",IDENTITY_FRAGMENT,Contracted,3532,59,330,"Paraná C",59,330,"Paraná C",False,75,2003,2006-06-30,Defined,180,2006,,,2,1,"DISPLAY_NAME_UNRESOLVED",89,MEDIUM
831377,"","Amauri",IDENTITY_FRAGMENT,OnLoan,4789,248,1122,"Chievo Verona",257,1156,"Parma",True,1700,2001,2007-06-30,Defined,180,2007,1700,2007-06-17,2,2,"DISPLAY_NAME_UNRESOLVED",97,HIGH
302461,"","Simplício",IDENTITY_FRAGMENT,Contracted,807,257,1156,"Parma",257,1156,"Parma",False,14237,2004,2006-07-31,Defined,211,2006,,,2,1,"DISPLAY_NAME_UNRESOLVED",89,MEDIUM
3300624,"","Aristídes",IDENTITY_FRAGMENT,Contracted,5406,832,301274,"Passo Fundo SC",832,301274,"Passo Fundo SC",False,147,2002,2005-01-31,Defined,30,2005,,,2,1,"DISPLAY_NAME_UNRESOLVED",89,MEDIUM
310778,"","Attolini",IDENTITY_FRAGMENT,Contracted,2104,832,301274,"Passo Fundo SC",832,301274,"Passo Fundo SC",False,125,2001,2009-01-31,Defined,30,2009,,,1,1,"DISPLAY_NAME_UNRESOLVED",89,MEDIUM
305777,"","de Souza Macarini",IDENTITY_FRAGMENT,Contracted,1436,832,301274,"Passo Fundo SC",832,301274,"Passo Fundo SC",False,75,2001,2006-01-31,Defined,30,2006,,,2,1,"DISPLAY_NAME_UNRESOLVED",89,MEDIUM
3300762,"","Felipe Reinaldo",IDENTITY_FRAGMENT,Contracted,5471,832,301274,"Passo Fundo SC",832,301274,"Passo Fundo SC",False,676,2001,2006-01-31,Defined,30,2006,,,2,1,"DISPLAY_NAME_UNRESOLVED",89,MEDIUM
305775,"","Juarez",IDENTITY_FRAGMENT,Contracted,1434,832,301274,"Passo Fundo SC",832,301274,"Passo Fundo SC",False,250,2001,2008-01-31,Defined,30,2008,,,1,1,"DISPLAY_NAME_UNRESOLVED",89,MEDIUM
305787,"","Miotto",IDENTITY_FRAGMENT,Contracted,1439,832,301274,"Passo Fundo SC",832,301274,"Passo Fundo SC",False,369,2001,2006-01-31,Defined,30,2006,,,1,1,"DISPLAY_NAME_UNRESOLVED",89,MEDIUM
305776,"","Pereira Leguissano",IDENTITY_FRAGMENT,Contracted,1435,832,301274,"Passo Fundo SC",832,301274,"Passo Fundo SC",False,100,2001,2009-01-31,Defined,30,2009,,,2,1,"DISPLAY_NAME_UNRESOLVED",89,MEDIUM
310779,"","Sagin",IDENTITY_FRAGMENT,Contracted,2105,832,301274,"Passo Fundo SC",832,301274,"Passo Fundo SC",False,75,2001,2009-01-31,Defined,30,2009,,,1,1,"DISPLAY_NAME_UNRESOLVED",89,MEDIUM
8835199,"","Abraão Lincoln",IDENTITY_FRAGMENT,Contracted,7756,864,301338,"Paulista FC",864,301338,"Paulista FC",False,306,2004,2006-01-31,Defined,30,2006,,,2,1,"DISPLAY_NAME_UNRESOLVED",89,MEDIUM
317013,"","Alberis Sérgio",IDENTITY_FRAGMENT,Contracted,3533,864,301338,"Paulista FC",864,301338,"Paulista FC",False,75,2001,2005-01-31,Defined,30,2005,,,2,1,"DISPLAY_NAME_UNRESOLVED",89,MEDIUM
316410,"","Bracalli",IDENTITY_FRAGMENT,Contracted,3269,864,301338,"Paulista FC",864,301338,"Paulista FC",False,100,2001,2009-01-31,Defined,30,2009,,,1,1,"DISPLAY_NAME_UNRESOLVED",89,MEDIUM
317015,"","Carlos Rafael",IDENTITY_FRAGMENT,Contracted,3535,864,301338,"Paulista FC",864,301338,"Paulista FC",False,195,2002,2006-12-31,Defined,364,2006,,,2,1,"DISPLAY_NAME_UNRESOLVED",89,MEDIUM
304472,"","Charles",IDENTITY_FRAGMENT,Contracted,1154,864,301338,"Paulista FC",864,301338,"Paulista FC",False,408,2001,2006-01-31,Defined,30,2006,,,2,1,"DISPLAY_NAME_UNRESOLVED",89,MEDIUM
317017,"","Cristian Júnior",IDENTITY_FRAGMENT,Contracted,3537,864,301338,"Paulista FC",864,301338,"Paulista FC",False,134,2001,2006-01-31,Defined,30,2006,,,2,1,"DISPLAY_NAME_UNRESOLVED",89,MEDIUM
316411,"","Dagoberto",IDENTITY_FRAGMENT,Contracted,3270,864,301338,"Paulista FC",864,301338,"Paulista FC",False,75,2001,2009-01-31,Defined,30,2009,,,2,1,"DISPLAY_NAME_UNRESOLVED",89,MEDIUM
312059,"","de Carvalho",IDENTITY_FRAGMENT,Contracted,2503,864,301338,"Paulista FC",864,301338,"Paulista FC",False,1018,2001,2006-01-31,Defined,30,2006,,,2,1,"DISPLAY_NAME_UNRESOLVED",89,MEDIUM
8830265,"","de Paula Pinheiro",IDENTITY_FRAGMENT,Contracted,7000,864,301338,"Paulista FC",864,301338,"Paulista FC",False,75,2001,2006-01-31,Defined,30,2006,,,2,1,"DISPLAY_NAME_UNRESOLVED",89,MEDIUM
3300172,"","do Carmo Mancini",IDENTITY_FRAGMENT,Contracted,5268,864,301338,"Paulista FC",864,301338,"Paulista FC",False,593,2001,2007-01-31,Defined,30,2007,,,2,1,"DISPLAY_NAME_UNRESOLVED",89,MEDIUM
317019,"","Douglas David",IDENTITY_FRAGMENT,Contracted,3538,864,301338,"Paulista FC",864,301338,"Paulista FC",False,75,2001,2006-01-31,Defined,30,2006,,,2,1,"DISPLAY_NAME_UNRESOLVED",89,MEDIUM
317020,"","Edcarlos Inácio",IDENTITY_FRAGMENT,Contracted,3539,864,301338,"Paulista FC",864,301338,"Paulista FC",False,75,2001,2005-01-31,Defined,30,2005,,,2,1,"DISPLAY_NAME_UNRESOLVED",89,MEDIUM
316406,"","Francisco Rubsen",IDENTITY_FRAGMENT,Contracted,3265,864,301338,"Paulista FC",864,301338,"Paulista FC",False,480,2001,2006-01-31,Defined,30,2006,,,2,1,"DISPLAY_NAME_UNRESOLVED",89,MEDIUM
317014,"","Garça",IDENTITY_FRAGMENT,Contracted,3534,864,301338,"Paulista FC",864,301338,"Paulista FC",False,75,2001,2005-01-31,Defined,30,2005,,,2,1,"DISPLAY_NAME_UNRESOLVED",89,MEDIUM
317030,"","Gonçalves de Almeida",IDENTITY_FRAGMENT,Contracted,3547,864,301338,"Paulista FC",864,301338,"Paulista FC",False,75,2002,2005-02-28,Defined,58,2005,,,2,1,"DISPLAY_NAME_UNRESOLVED",89,MEDIUM
317022,"","Gurgel Soares",IDENTITY_FRAGMENT,Contracted,3541,864,301338,"Paulista FC",864,301338,"Paulista FC",False,75,2001,2006-01-31,Defined,30,2006,,,2,1,"DISPLAY_NAME_UNRESOLVED",89,MEDIUM
304450,"","Jacenir",IDENTITY_FRAGMENT,Contracted,1146,864,301338,"Paulista FC",864,301338,"Paulista FC",False,100,2001,2008-01-31,Defined,30,2008,,,2,1,"DISPLAY_NAME_UNRESOLVED",89,MEDIUM
302486,"","Jerônimo Mello",IDENTITY_FRAGMENT,Contracted,819,864,301338,"Paulista FC",864,301338,"Paulista FC",False,480,2004,2004-12-31,Defined,365,2004,,,2,1,"DISPLAY_NAME_UNRESOLVED",89,MEDIUM
320788,"","João Lindomar",IDENTITY_FRAGMENT,Contracted,4379,864,301338,"Paulista FC",864,301338,"Paulista FC",False,219,2001,2006-01-31,Defined,30,2006,,,1,1,"DISPLAY_NAME_UNRESOLVED",89,MEDIUM
312058,"","José Calil",IDENTITY_FRAGMENT,Contracted,2502,864,301338,"Paulista FC",864,301338,"Paulista FC",False,358,2001,2006-01-31,Defined,30,2006,,,2,1,"DISPLAY_NAME_UNRESOLVED",89,MEDIUM
320236,"","Laranjeira",IDENTITY_FRAGMENT,Contracted,4236,864,301338,"Paulista FC",864,301338,"Paulista FC",False,178,2002,2005-02-28,Defined,58,2005,,,2,1,"DISPLAY_NAME_UNRESOLVED",89,MEDIUM
317025,"","Luciano Aparecido",IDENTITY_FRAGMENT,Contracted,3544,864,301338,"Paulista FC",864,301338,"Paulista FC",False,75,2001,2006-01-31,Defined,30,2006,,,2,1,"DISPLAY_NAME_UNRESOLVED",89,MEDIUM
320237,"","Márcio Mossoró",IDENTITY_FRAGMENT,Contracted,4237,864,301338,"Paulista FC",864,301338,"Paulista FC",False,387,2003,2005-12-31,Defined,364,2005,,,2,1,"DISPLAY_NAME_UNRESOLVED",89,MEDIUM
311156,"","Maykon Daniel",IDENTITY_FRAGMENT,Contracted,2270,864,301338,"Paulista FC",864,301338,"Paulista FC",False,150,2002,2007-12-31,Defined,364,2007,,,2,1,"DISPLAY_NAME_UNRESOLVED",89,MEDIUM
8835200,"","Rodolfo Américo",IDENTITY_FRAGMENT,Contracted,7757,864,301338,"Paulista FC",864,301338,"Paulista FC",False,75,2004,2005-01-31,Defined,30,2005,,,2,1,"DISPLAY_NAME_UNRESOLVED",89,MEDIUM
317027,"","Rodrigo Benedito",IDENTITY_FRAGMENT,Contracted,3545,864,301338,"Paulista FC",864,301338,"Paulista FC",False,212,2001,2006-01-31,Defined,30,2006,,,2,1,"DISPLAY_NAME_UNRESOLVED",89,MEDIUM
317029,"","Thiago Floriano",IDENTITY_FRAGMENT,Contracted,3546,864,301338,"Paulista FC",864,301338,"Paulista FC",False,75,2003,2005-12-31,Defined,364,2005,,,2,1,"DISPLAY_NAME_UNRESOLVED",89,MEDIUM
317031,"","Thomaz",IDENTITY_FRAGMENT,Contracted,3548,864,301338,"Paulista FC",864,301338,"Paulista FC",False,75,2001,2006-01-31,Defined,30,2006,,,2,1,"DISPLAY_NAME_UNRESOLVED",89,MEDIUM
304477,"","Umberto Lourenço",IDENTITY_FRAGMENT,Contracted,1156,864,301338,"Paulista FC",864,301338,"Paulista FC",False,225,2004,2004-12-15,Defined,349,2004,,,2,1,"DISPLAY_NAME_UNRESOLVED",89,MEDIUM
317032,"","Victor Leandro",IDENTITY_FRAGMENT,Contracted,3549,864,301338,"Paulista FC",864,301338,"Paulista FC",False,118,2002,2006-01-31,Defined,30,2006,,,2,1,"DISPLAY_NAME_UNRESOLVED",89,MEDIUM
304470,"","Vidal",IDENTITY_FRAGMENT,Contracted,1152,864,301338,"Paulista FC",864,301338,"Paulista FC",False,285,2001,2006-01-31,Defined,30,2006,,,2,1,"DISPLAY_NAME_UNRESOLVED",89,MEDIUM
312055,"","Wihby Bracalli",IDENTITY_FRAGMENT,Contracted,2499,864,301338,"Paulista FC",864,301338,"Paulista FC",False,139,2004,2004-12-15,Defined,349,2004,,,2,1,"DISPLAY_NAME_UNRESOLVED",89,MEDIUM
312050,"","Zaros",IDENTITY_FRAGMENT,Contracted,2495,864,301338,"Paulista FC",864,301338,"Paulista FC",False,100,2001,2008-01-31,Defined,30,2008,,,1,1,"DISPLAY_NAME_UNRESOLVED",89,MEDIUM
3300226,"","Alex Sandro",IDENTITY_FRAGMENT,Contracted,5298,60,331,"Paysandu SC",60,331,"Paysandu SC",False,394,2004,2004-12-31,Defined,365,2004,,,2,1,"DISPLAY_NAME_UNRESOLVED",89,MEDIUM
318727,"","Aquino Palha",IDENTITY_FRAGMENT,Contracted,3934,60,331,"Paysandu SC",60,331,"Paysandu SC",False,461,2004,2004-12-31,Defined,365,2004,,,2,1,"DISPLAY_NAME_UNRESOLVED",89,MEDIUM
3301305,"","Arinélson",IDENTITY_FRAGMENT,Contracted,5718,60,331,"Paysandu SC",60,331,"Paysandu SC",False,470,2004,2004-12-31,Defined,365,2004,,,2,1,"DISPLAY_NAME_UNRESOLVED",89,MEDIUM
6900185,"","Bebeto Campos",IDENTITY_FRAGMENT,Contracted,6522,60,331,"Paysandu SC",60,331,"Paysandu SC",False,630,2004,2004-12-31,Defined,365,2004,,,2,1,"DISPLAY_NAME_UNRESOLVED",89,MEDIUM
319089,"","Bruno Emanuel",IDENTITY_FRAGMENT,Contracted,3963,60,331,"Paysandu SC",60,331,"Paysandu SC",False,75,2001,2006-01-31,Defined,30,2006,,,2,1,"DISPLAY_NAME_UNRESOLVED",89,MEDIUM
8832874,"","Carabina",IDENTITY_FRAGMENT,Contracted,7212,60,331,"Paysandu SC",60,331,"Paysandu SC",False,115,2004,2005-01-31,Defined,30,2005,,,2,1,"DISPLAY_NAME_UNRESOLVED",89,MEDIUM
8832875,"","Carlos Patrick",IDENTITY_FRAGMENT,Contracted,7213,60,331,"Paysandu SC",60,331,"Paysandu SC",False,238,2004,2005-01-31,Defined,30,2005,,,2,1,"DISPLAY_NAME_UNRESOLVED",89,MEDIUM
838388,"","Cidimar Aparecido",IDENTITY_FRAGMENT,Contracted,4806,60,331,"Paysandu SC",60,331,"Paysandu SC",False,261,2004,2006-01-31,Defined,30,2006,,,2,1,"DISPLAY_NAME_UNRESOLVED",89,MEDIUM
317353,"","Cléo",IDENTITY_FRAGMENT,Contracted,3703,60,331,"Paysandu SC",60,331,"Paysandu SC",False,75,2002,2007-10-16,Defined,288,2007,,,2,1,"DISPLAY_NAME_UNRESOLVED",89,MEDIUM
306489,"","da Costa Matos",IDENTITY_FRAGMENT,Contracted,1633,60,331,"Paysandu SC",60,331,"Paysandu SC",False,426,2001,2006-01-31,Defined,30,2006,,,2,1,"DISPLAY_NAME_UNRESOLVED",89,MEDIUM
3301107,"","da Silva Dias",IDENTITY_FRAGMENT,Contracted,5607,60,331,"Paysandu SC",60,331,"Paysandu SC",False,516,2002,2006-01-31,Defined,30,2006,,,2,1,"DISPLAY_NAME_UNRESOLVED",89,MEDIUM
315677,"","da Silva e Silva",IDENTITY_FRAGMENT,Contracted,2899,60,331,"Paysandu SC",60,331,"Paysandu SC",False,362,2004,2004-12-31,Defined,365,2004,,,1,1,"DISPLAY_NAME_UNRESOLVED",89,MEDIUM
304068,"","de Abreu",IDENTITY_FRAGMENT,Contracted,1037,60,331,"Paysandu SC",60,331,"Paysandu SC",False,1430,2004,2006-01-31,Defined,30,2006,,,1,1,"DISPLAY_NAME_UNRESOLVED",89,MEDIUM
457559,"","de Jesús Nascimento Albuquerque",IDENTITY_FRAGMENT,Contracted,4507,60,331,"Paysandu SC",60,331,"Paysandu SC",False,618,2004,2005-12-31,Defined,364,2005,,,2,1,"DISPLAY_NAME_UNRESOLVED",89,MEDIUM
316513,"","de Oliveira Souza",IDENTITY_FRAGMENT,OnLoan,3308,66,337,"São Paulo FC",60,331,"Paysandu SC",True,81,2001,2006-01-31,Defined,30,2006,81,2004-12-31,1,2,"DISPLAY_NAME_UNRESOLVED",97,HIGH
311361,"","de Souza Gama",IDENTITY_FRAGMENT,OnLoan,2364,813,301239,"U Pernambuco FC",60,331,"Paysandu SC",True,258,2001,2006-01-31,Defined,30,2006,258,2004-12-31,2,2,"DISPLAY_NAME_UNRESOLVED",97,HIGH
3301120,"","Dênisson Ricardo",IDENTITY_FRAGMENT,Contracted,5617,60,331,"Paysandu SC",60,331,"Paysandu SC",False,479,2004,2006-01-31,Defined,30,2006,,,2,1,"DISPLAY_NAME_UNRESOLVED",89,MEDIUM
302566,"","Dias Batista",IDENTITY_FRAGMENT,Contracted,826,60,331,"Paysandu SC",60,331,"Paysandu SC",False,1650,2001,2007-01-31,Defined,30,2007,,,2,1,"DISPLAY_NAME_UNRESOLVED",89,MEDIUM
315000,"","Dircélio",IDENTITY_FRAGMENT,Contracted,2570,60,331,"Paysandu SC",60,331,"Paysandu SC",False,624,2001,2008-01-31,Defined,30,2008,,,2,1,"DISPLAY_NAME_UNRESOLVED",89,MEDIUM
6900204,"","do Nascimento Barros",IDENTITY_FRAGMENT,Contracted,6532,60,331,"Paysandu SC",60,331,"Paysandu SC",False,145,2001,2006-01-31,Defined,30,2006,,,2,1,"DISPLAY_NAME_UNRESOLVED",89,MEDIUM
311703,"","Edwilson",IDENTITY_FRAGMENT,Contracted,2416,60,331,"Paysandu SC",60,331,"Paysandu SC",False,346,2004,2006-01-31,Defined,30,2006,,,2,1,"DISPLAY_NAME_UNRESOLVED",89,MEDIUM
3300161,"","Fávaro Corrêa",IDENTITY_FRAGMENT,Contracted,5258,60,331,"Paysandu SC",60,331,"Paysandu SC",False,564,2004,2004-12-31,Defined,365,2004,,,2,1,"DISPLAY_NAME_UNRESOLVED",89,MEDIUM
303379,"","Feitosa Cruz",IDENTITY_FRAGMENT,Contracted,925,60,331,"Paysandu SC",60,331,"Paysandu SC",False,518,2002,2005-01-31,Defined,30,2005,,,2,1,"DISPLAY_NAME_UNRESOLVED",89,MEDIUM
317354,"","Felype Rômulo",IDENTITY_FRAGMENT,Contracted,3704,60,331,"Paysandu SC",60,331,"Paysandu SC",False,30,2001,2005-01-31,Defined,30,2005,,,2,1,"DISPLAY_NAME_UNRESOLVED",89,MEDIUM
303209,"","Ferreira de Matos",IDENTITY_FRAGMENT,OnLoan,900,49,320,"Criciúma EC",60,331,"Paysandu SC",True,75,2001,2006-01-31,Defined,30,2006,75,2004-12-31,2,2,"DISPLAY_NAME_UNRESOLVED",97,HIGH
317512,"","Fiel",IDENTITY_FRAGMENT,Contracted,3737,60,331,"Paysandu SC",60,331,"Paysandu SC",False,216,2001,2007-01-31,Defined,30,2007,,,1,1,"DISPLAY_NAME_UNRESOLVED",89,MEDIUM
8832877,"","Francisco Cláudio",IDENTITY_FRAGMENT,Contracted,7215,60,331,"Paysandu SC",60,331,"Paysandu SC",False,189,2004,2006-01-31,Defined,30,2006,,,2,1,"DISPLAY_NAME_UNRESOLVED",89,MEDIUM
311059,"","Gomes da Luz",IDENTITY_FRAGMENT,Contracted,2217,60,331,"Paysandu SC",60,331,"Paysandu SC",False,843,2002,2005-12-31,Defined,364,2005,,,2,1,"DISPLAY_NAME_UNRESOLVED",89,MEDIUM
3301306,"","Harley",IDENTITY_FRAGMENT,Contracted,5719,60,331,"Paysandu SC",60,331,"Paysandu SC",False,625,2002,2006-01-31,Defined,30,2006,,,2,1,"DISPLAY_NAME_UNRESOLVED",89,MEDIUM
3301263,"","Hernani",IDENTITY_FRAGMENT,OnLoan,5695,61,332,"AA Ponte Preta",60,331,"Paysandu SC",True,2848,2002,2005-06-30,Defined,180,2005,2848,2004-12-31,2,2,"DISPLAY_NAME_UNRESOLVED",97,HIGH
3300834,"","Jóbson Kleison",IDENTITY_FRAGMENT,Contracted,5493,60,331,"Paysandu SC",60,331,"Paysandu SC",False,869,2001,2005-01-31,Defined,30,2005,,,2,1,"DISPLAY_NAME_UNRESOLVED",89,MEDIUM
310624,"","Júlio Santos",IDENTITY_FRAGMENT,OnLoan,2057,66,337,"São Paulo FC",60,331,"Paysandu SC",True,280,2001,2006-01-31,Defined,30,2006,280,2004-12-31,2,2,"DISPLAY_NAME_UNRESOLVED",97,HIGH
2018590,"","Marcelo Sander",IDENTITY_FRAGMENT,Contracted,5139,60,331,"Paysandu SC",60,331,"Paysandu SC",False,172,2004,2004-12-31,Defined,365,2004,,,2,1,"DISPLAY_NAME_UNRESOLVED",89,MEDIUM
3301537,"","Marques Musse",IDENTITY_FRAGMENT,OnLoan,5801,69,340,"EC Vitória",60,331,"Paysandu SC",True,115,2000,2005-07-01,Defined,181,2005,115,2004-12-31,2,2,"DISPLAY_NAME_UNRESOLVED",97,HIGH
3300850,"","Maurinho",IDENTITY_FRAGMENT,Contracted,5499,60,331,"Paysandu SC",60,331,"Paysandu SC",False,496,2004,2006-01-31,Defined,30,2006,,,2,1,"DISPLAY_NAME_UNRESOLVED",89,MEDIUM
3300670,"","Mendes Nascimento",IDENTITY_FRAGMENT,Contracted,5422,60,331,"Paysandu SC",60,331,"Paysandu SC",False,369,2001,2006-01-31,Defined,30,2006,,,2,1,"DISPLAY_NAME_UNRESOLVED",89,MEDIUM
3300148,"","Pinto Tanajura",IDENTITY_FRAGMENT,Contracted,5249,60,331,"Paysandu SC",60,331,"Paysandu SC",False,409,2004,2004-12-31,Defined,365,2004,,,2,1,"DISPLAY_NAME_UNRESOLVED",89,MEDIUM
315576,"","Ronaldo Willis",IDENTITY_FRAGMENT,Contracted,2855,60,331,"Paysandu SC",60,331,"Paysandu SC",False,88,2001,2006-01-31,Defined,30,2006,,,1,1,"DISPLAY_NAME_UNRESOLVED",89,MEDIUM
3300809,"","Sandro Júnior",IDENTITY_FRAGMENT,Contracted,5486,60,331,"Paysandu SC",60,331,"Paysandu SC",False,2500,2002,2006-01-31,Defined,30,2006,,,2,1,"DISPLAY_NAME_UNRESOLVED",89,MEDIUM
3300774,"","Saturnino da Cruz",IDENTITY_FRAGMENT,Contracted,5474,60,331,"Paysandu SC",60,331,"Paysandu SC",False,131,2003,2006-01-31,Defined,30,2006,,,2,1,"DISPLAY_NAME_UNRESOLVED",89,MEDIUM
304708,"","Simões da Silva",IDENTITY_FRAGMENT,Contracted,1234,60,331,"Paysandu SC",60,331,"Paysandu SC",False,232,2002,2006-01-31,Defined,30,2006,,,2,1,"DISPLAY_NAME_UNRESOLVED",89,MEDIUM
304007,"","Soares Gameleira",IDENTITY_FRAGMENT,Contracted,1023,60,331,"Paysandu SC",60,331,"Paysandu SC",False,176,2001,2005-01-31,Defined,30,2005,,,2,1,"DISPLAY_NAME_UNRESOLVED",89,MEDIUM
310788,"","Souza Pinho",IDENTITY_FRAGMENT,Contracted,2111,60,331,"Paysandu SC",60,331,"Paysandu SC",False,180,2004,2004-12-31,Defined,365,2004,,,2,1,"DISPLAY_NAME_UNRESOLVED",89,MEDIUM
3300418,"","Tácio Caetano",IDENTITY_FRAGMENT,Contracted,5363,60,331,"Paysandu SC",60,331,"Paysandu SC",False,307,2004,2004-12-31,Defined,365,2004,,,1,1,"DISPLAY_NAME_UNRESOLVED",89,MEDIUM
315665,"","Tarcísio José",IDENTITY_FRAGMENT,Contracted,2893,60,331,"Paysandu SC",60,331,"Paysandu SC",False,157,2003,2006-01-31,Defined,30,2006,,,2,1,"DISPLAY_NAME_UNRESOLVED",89,MEDIUM
303994,"","Teixeira Silveira",IDENTITY_FRAGMENT,Contracted,1017,60,331,"Paysandu SC",60,331,"Paysandu SC",False,387,2002,2006-01-31,Defined,30,2006,,,2,1,"DISPLAY_NAME_UNRESOLVED",89,MEDIUM
305891,"","Vandick José",IDENTITY_FRAGMENT,Contracted,1470,60,331,"Paysandu SC",60,331,"Paysandu SC",False,288,2001,2008-01-31,Defined,30,2008,,,2,1,"DISPLAY_NAME_UNRESOLVED",89,MEDIUM
311065,"","Vero",IDENTITY_FRAGMENT,Contracted,2222,60,331,"Paysandu SC",60,331,"Paysandu SC",False,432,2001,2007-01-31,Defined,30,2007,,,1,1,"DISPLAY_NAME_UNRESOLVED",89,MEDIUM
3301111,"","Vidal dos Reis",IDENTITY_FRAGMENT,Contracted,5610,60,331,"Paysandu SC",60,331,"Paysandu SC",False,435,2004,2006-01-31,Defined,30,2006,,,2,1,"DISPLAY_NAME_UNRESOLVED",89,MEDIUM
8829311,"","Wdenildes Luiz",IDENTITY_FRAGMENT,Contracted,6937,60,331,"Paysandu SC",60,331,"Paysandu SC",False,75,2003,2007-12-31,Defined,364,2007,,,2,1,"DISPLAY_NAME_UNRESOLVED",89,MEDIUM
302472,"","Moraes de Almeida Júnior",IDENTITY_FRAGMENT,Contracted,816,322,1477,"Penafiel",322,1477,"Penafiel",False,1285,2004,2006-06-30,Defined,180,2006,,,2,1,"DISPLAY_NAME_UNRESOLVED",89,MEDIUM
8650069,"","Antônio Gonzaga",IDENTITY_FRAGMENT,Contracted,6707,702,135382,"Perak",702,135382,"Perak",False,231,2001,2007-12-31,Defined,364,2007,,,2,1,"DISPLAY_NAME_UNRESOLVED",89,MEDIUM
3301181,"","Jose Carlos",IDENTITY_FRAGMENT,Contracted,5647,562,106818,"Pohang Steelers",562,106818,"Pohang Steelers",False,2813,2004,2006-01-31,Defined,30,2006,,,2,1,"DISPLAY_NAME_UNRESOLVED",89,MEDIUM
104340,"","Rogerio",IDENTITY_FRAGMENT,Contracted,447,562,106818,"Pohang Steelers",562,106818,"Pohang Steelers",False,2000,2003,2005-01-31,Defined,30,2005,,,1,1,"DISPLAY_NAME_UNRESOLVED",89,MEDIUM
311249,"","Barcelos",IDENTITY_FRAGMENT,Contracted,2329,803,301220,"Ponta Grossa EC",803,301220,"Ponta Grossa EC",False,250,2001,2008-01-31,Defined,30,2008,,,1,1,"DISPLAY_NAME_UNRESOLVED",89,MEDIUM
317850,"","Torraca",IDENTITY_FRAGMENT,Contracted,3779,1139,313232,"Ponta Porã SE",1139,313232,"Ponta Porã SE",False,250,2001,2007-01-31,Defined,30,2007,,,1,1,"DISPLAY_NAME_UNRESOLVED",89,MEDIUM
311430,"","Alexsandro Miguel",IDENTITY_FRAGMENT,Contracted,2384,811,301235,"Porto (PE)",811,301235,"Porto (PE)",False,181,2001,2006-01-31,Defined,30,2006,,,2,1,"DISPLAY_NAME_UNRESOLVED",89,MEDIUM
305468,"","Clodoaldo Alexandre",IDENTITY_FRAGMENT,Contracted,1375,811,301235,"Porto (PE)",811,301235,"Porto (PE)",False,75,2001,2006-01-31,Defined,30,2006,,,2,1,"DISPLAY_NAME_UNRESOLVED",89,MEDIUM
305467,"","de França",IDENTITY_FRAGMENT,Contracted,1374,811,301235,"Porto (PE)",811,301235,"Porto (PE)",False,242,2001,2006-01-31,Defined,30,2006,,,2,1,"DISPLAY_NAME_UNRESOLVED",89,MEDIUM
305446,"","Edimílton",IDENTITY_FRAGMENT,Contracted,1366,811,301235,"Porto (PE)",811,301235,"Porto (PE)",False,100,2001,2008-01-31,Defined,30,2008,,,1,1,"DISPLAY_NAME_UNRESOLVED",89,MEDIUM
305447,"","Eraldo",IDENTITY_FRAGMENT,Contracted,1367,811,301235,"Porto (PE)",811,301235,"Porto (PE)",False,75,2001,2008-01-31,Defined,30,2008,,,2,1,"DISPLAY_NAME_UNRESOLVED",89,MEDIUM
305470,"","Gleidson",IDENTITY_FRAGMENT,Contracted,1377,811,301235,"Porto (PE)",811,301235,"Porto (PE)",False,252,2001,2006-01-31,Defined,30,2006,,,2,1,"DISPLAY_NAME_UNRESOLVED",89,MEDIUM
305449,"","Jádson Romero",IDENTITY_FRAGMENT,Contracted,1369,811,301235,"Porto (PE)",811,301235,"Porto (PE)",False,75,2001,2006-01-31,Defined,30,2006,,,2,1,"DISPLAY_NAME_UNRESOLVED",89,MEDIUM
305459,"","Joseílton Francisco",IDENTITY_FRAGMENT,Contracted,1373,811,301235,"Porto (PE)",811,301235,"Porto (PE)",False,382,2002,2007-02-20,Defined,50,2007,,,2,1,"DISPLAY_NAME_UNRESOLVED",89,MEDIUM
305458,"","Josinaldo Manoel",IDENTITY_FRAGMENT,Contracted,1372,811,301235,"Porto (PE)",811,301235,"Porto (PE)",False,327,2001,2006-01-31,Defined,30,2006,,,2,1,"DISPLAY_NAME_UNRESOLVED",89,MEDIUM
311431,"","Rocha dos Santos",IDENTITY_FRAGMENT,Contracted,2385,811,301235,"Porto (PE)",811,301235,"Porto (PE)",False,205,2004,2005-07-08,Defined,188,2005,,,2,1,"DISPLAY_NAME_UNRESOLVED",89,MEDIUM
311433,"","Severino da Silva",IDENTITY_FRAGMENT,Contracted,2387,811,301235,"Porto (PE)",811,301235,"Porto (PE)",False,282,2001,2006-01-31,Defined,30,2006,,,2,1,"DISPLAY_NAME_UNRESOLVED",89,MEDIUM
311427,"","Soares Campos",IDENTITY_FRAGMENT,Contracted,2383,811,301235,"Porto (PE)",811,301235,"Porto (PE)",False,75,2001,2006-01-31,Defined,30,2006,,,2,1,"DISPLAY_NAME_UNRESOLVED",89,MEDIUM
305454,"","Teles dos Santos",IDENTITY_FRAGMENT,Contracted,1371,811,301235,"Porto (PE)",811,301235,"Porto (PE)",False,320,2001,2006-01-31,Defined,30,2006,,,2,1,"DISPLAY_NAME_UNRESOLVED",89,MEDIUM
305453,"","Vasconcelos da Silva",IDENTITY_FRAGMENT,Contracted,1370,811,301235,"Porto (PE)",811,301235,"Porto (PE)",False,300,2004,2005-12-31,Defined,364,2005,,,2,1,"DISPLAY_NAME_UNRESOLVED",89,MEDIUM
6900144,"","Adiel",IDENTITY_FRAGMENT,Contracted,6497,577,107224,"Portuguesa Santista",577,107224,"Portuguesa Santista",False,475,2003,2006-01-31,Defined,30,2006,,,1,1,"DISPLAY_NAME_UNRESOLVED",89,MEDIUM
318103,"","Ângelo Romero",IDENTITY_FRAGMENT,Contracted,3813,577,107224,"Portuguesa Santista",577,107224,"Portuguesa Santista",False,75,2001,2006-01-31,Defined,30,2006,,,2,1,"DISPLAY_NAME_UNRESOLVED",89,MEDIUM
3301521,"","Belarmino",IDENTITY_FRAGMENT,Contracted,5794,577,107224,"Portuguesa Santista",577,107224,"Portuguesa Santista",False,125,2001,2009-01-31,Defined,30,2009,,,1,1,"DISPLAY_NAME_UNRESOLVED",89,MEDIUM
3301524,"","da Glória Fernandes",IDENTITY_FRAGMENT,Contracted,5795,577,107224,"Portuguesa Santista",577,107224,"Portuguesa Santista",False,100,2001,2007-01-31,Defined,30,2007,,,2,1,"DISPLAY_NAME_UNRESOLVED",89,MEDIUM
8830517,"","de Jesús",IDENTITY_FRAGMENT,Contracted,7068,577,107224,"Portuguesa Santista",577,107224,"Portuguesa Santista",False,409,2001,2008-01-31,Defined,30,2008,,,2,1,"DISPLAY_NAME_UNRESOLVED",89,MEDIUM
318104,"","de Oliveira Barbão",IDENTITY_FRAGMENT,Contracted,3814,577,107224,"Portuguesa Santista",577,107224,"Portuguesa Santista",False,75,2001,2006-01-31,Defined,30,2006,,,2,1,"DISPLAY_NAME_UNRESOLVED",89,MEDIUM
1000309,"","Elizeu",IDENTITY_FRAGMENT,Contracted,4939,577,107224,"Portuguesa Santista",577,107224,"Portuguesa Santista",False,430,2001,2006-01-31,Defined,30,2006,,,2,1,"DISPLAY_NAME_UNRESOLVED",89,MEDIUM
304585,"","Élton Fabrício",IDENTITY_FRAGMENT,Contracted,1214,577,107224,"Portuguesa Santista",577,107224,"Portuguesa Santista",False,337,2003,2006-01-31,Defined,30,2006,,,2,1,"DISPLAY_NAME_UNRESOLVED",89,MEDIUM
311792,"","Luciano José",IDENTITY_FRAGMENT,Contracted,2456,577,107224,"Portuguesa Santista",577,107224,"Portuguesa Santista",False,142,2002,2006-01-31,Defined,30,2006,,,2,1,"DISPLAY_NAME_UNRESOLVED",89,MEDIUM
6900133,"","Morel Pinto",IDENTITY_FRAGMENT,Contracted,6489,577,107224,"Portuguesa Santista",577,107224,"Portuguesa Santista",False,255,2003,2006-01-31,Defined,30,2006,,,2,1,"DISPLAY_NAME_UNRESOLVED",89,MEDIUM
316530,"","Moreno dos Santos",IDENTITY_FRAGMENT,Contracted,3320,577,107224,"Portuguesa Santista",577,107224,"Portuguesa Santista",False,347,2004,2005-01-31,Defined,30,2005,,,2,1,"DISPLAY_NAME_UNRESOLVED",89,MEDIUM
318105,"","Renato Augusto",IDENTITY_FRAGMENT,Contracted,3815,577,107224,"Portuguesa Santista",577,107224,"Portuguesa Santista",False,114,2001,2006-01-31,Defined,30,2006,,,2,1,"DISPLAY_NAME_UNRESOLVED",89,MEDIUM
318106,"","Renato de Jesús",IDENTITY_FRAGMENT,Contracted,3816,577,107224,"Portuguesa Santista",577,107224,"Portuguesa Santista",False,352,2001,2006-01-31,Defined,30,2006,,,2,1,"DISPLAY_NAME_UNRESOLVED",89,MEDIUM
318107,"","Rezende Barbosa da Silva",IDENTITY_FRAGMENT,Contracted,3817,577,107224,"Portuguesa Santista",577,107224,"Portuguesa Santista",False,193,2001,2006-01-31,Defined,30,2006,,,2,1,"DISPLAY_NAME_UNRESOLVED",89,MEDIUM
303681,"","Serrano Macia",IDENTITY_FRAGMENT,Contracted,961,577,107224,"Portuguesa Santista",577,107224,"Portuguesa Santista",False,100,2001,2008-01-31,Defined,30,2008,,,1,1,"DISPLAY_NAME_UNRESOLVED",89,MEDIUM
3301510,"","Tavares Matta Barreto",IDENTITY_FRAGMENT,Contracted,5787,577,107224,"Portuguesa Santista",577,107224,"Portuguesa Santista",False,75,2001,2009-01-31,Defined,30,2009,,,2,1,"DISPLAY_NAME_UNRESOLVED",89,MEDIUM
304503,"","Vandir Osair",IDENTITY_FRAGMENT,Contracted,1165,577,107224,"Portuguesa Santista",577,107224,"Portuguesa Santista",False,335,2002,2005-01-31,Defined,30,2005,,,2,1,"DISPLAY_NAME_UNRESOLVED",89,MEDIUM
3301213,"","Yamada",IDENTITY_FRAGMENT,Contracted,5667,577,107224,"Portuguesa Santista",577,107224,"Portuguesa Santista",False,320,2004,2006-01-31,Defined,30,2006,,,2,1,"DISPLAY_NAME_UNRESOLVED",89,MEDIUM
304580,"","Zambiasi",IDENTITY_FRAGMENT,Contracted,1210,577,107224,"Portuguesa Santista",577,107224,"Portuguesa Santista",False,149,2003,2005-01-31,Defined,30,2005,,,2,1,"DISPLAY_NAME_UNRESOLVED",89,MEDIUM
305561,"","Alves Assunção",IDENTITY_FRAGMENT,Contracted,1386,805,301224,"Prudentópolis EC",805,301224,"Prudentópolis EC",False,108,2001,2006-01-31,Defined,30,2006,,,1,1,"DISPLAY_NAME_UNRESOLVED",89,MEDIUM
305889,"","Anadon",IDENTITY_FRAGMENT,Contracted,1468,805,301224,"Prudentópolis EC",805,301224,"Prudentópolis EC",False,250,2001,2008-01-31,Defined,30,2008,,,1,1,"DISPLAY_NAME_UNRESOLVED",89,MEDIUM
317201,"","Carlindo",IDENTITY_FRAGMENT,Contracted,3629,805,301224,"Prudentópolis EC",805,301224,"Prudentópolis EC",False,477,2001,2006-01-31,Defined,30,2006,,,1,1,"DISPLAY_NAME_UNRESOLVED",89,MEDIUM
311266,"","Fábio Maia",IDENTITY_FRAGMENT,Contracted,2331,805,301224,"Prudentópolis EC",805,301224,"Prudentópolis EC",False,237,2001,2006-01-31,Defined,30,2006,,,2,1,"DISPLAY_NAME_UNRESOLVED",89,MEDIUM
305546,"","Josildo Gabriel",IDENTITY_FRAGMENT,Contracted,1385,805,301224,"Prudentópolis EC",805,301224,"Prudentópolis EC",False,75,2001,2006-01-31,Defined,30,2006,,,2,1,"DISPLAY_NAME_UNRESOLVED",89,MEDIUM
304441,"","Juliano Ricardo",IDENTITY_FRAGMENT,Contracted,1142,805,301224,"Prudentópolis EC",805,301224,"Prudentópolis EC",False,262,2002,2006-01-31,Defined,30,2006,,,2,1,"DISPLAY_NAME_UNRESOLVED",89,MEDIUM
8830237,"","Geime Luiz",IDENTITY_FRAGMENT,Contracted,6981,1446,318905,"PSB",1446,318905,"PSB",False,250,2001,2008-01-31,Defined,30,2008,,,1,1,"DISPLAY_NAME_UNRESOLVED",89,MEDIUM
310558,"","do Bonfim",IDENTITY_FRAGMENT,Contracted,2033,217,1028,"PSV Eindhoven",217,1028,"PSV Eindhoven",False,1684,2002,2007-07-01,Defined,181,2007,,,2,1,"DISPLAY_NAME_UNRESOLVED",89,MEDIUM
310870,"","Heurelho",IDENTITY_FRAGMENT,Contracted,2140,217,1028,"PSV Eindhoven",217,1028,"PSV Eindhoven",False,1685,2004,2006-07-31,Defined,211,2006,,,2,1,"DISPLAY_NAME_UNRESOLVED",89,MEDIUM
8834931,"","Francisco Adaílton",IDENTITY_FRAGMENT,Contracted,7640,1159,313261,"Quixadá FC",1159,313261,"Quixadá FC",False,384,2001,2006-01-31,Defined,30,2006,,,2,1,"DISPLAY_NAME_UNRESOLVED",89,MEDIUM
13497,"","Souza Campos",IDENTITY_FRAGMENT,Contracted,341,32,250,"R Standard de Liège",32,250,"R Standard de Liège",False,2191,2004,2006-06-30,Defined,180,2006,,,2,1,"DISPLAY_NAME_UNRESOLVED",89,MEDIUM
3260,"","Mauro Silva",IDENTITY_FRAGMENT,Contracted,113,377,1705,"R.C. Deportivo de La Coruña S.A.D.",377,1705,"R.C. Deportivo de La Coruña S.A.D.",False,9000,1992,2005-06-30,Defined,180,2005,,,2,1,"DISPLAY_NAME_UNRESOLVED",89,MEDIUM
310756,"","Iriney",IDENTITY_FRAGMENT,Contracted,2093,386,1729,"Rayo Vallecano de Madrid SAD",386,1729,"Rayo Vallecano de Madrid SAD",False,3239,2003,2006-07-31,Defined,211,2006,,,1,1,"DISPLAY_NAME_UNRESOLVED",89,MEDIUM
317862,"","Jardim",IDENTITY_FRAGMENT,Contracted,3780,949,309141,"Real (GO)",949,309141,"Real (GO)",False,250,2001,2007-01-31,Defined,30,2007,,,1,1,"DISPLAY_NAME_UNRESOLVED",89,MEDIUM
3301247,"","dos Santos Assunção",IDENTITY_FRAGMENT,Contracted,5688,387,1733,"Real Betis Balompié S.A.D.",387,1733,"Real Betis Balompié S.A.D.",False,29828,2002,2008-06-30,Defined,181,2008,,,2,1,"DISPLAY_NAME_UNRESOLVED",89,MEDIUM
6900156,"","Luís Eduardo",IDENTITY_FRAGMENT,Contracted,6506,387,1733,"Real Betis Balompié S.A.D.",387,1733,"Real Betis Balompié S.A.D.",False,36041,2004,2006-07-31,Defined,211,2006,,,2,1,"DISPLAY_NAME_UNRESOLVED",89,MEDIUM
308379,"","Ricardo Oliveira",IDENTITY_FRAGMENT,Contracted,1921,387,1733,"Real Betis Balompié S.A.D.",387,1733,"Real Betis Balompié S.A.D.",False,9274,2004,2009-06-30,Defined,180,2009,,,2,1,"DISPLAY_NAME_UNRESOLVED",89,MEDIUM
4201067,"","Giovanella",IDENTITY_FRAGMENT,Contracted,6038,382,1724,"Real Club Celta de Vigo S.A.D.",382,1724,"Real Club Celta de Vigo S.A.D.",False,5000,1999,2005-06-30,Defined,180,2005,,,2,1,"DISPLAY_NAME_UNRESOLVED",89,MEDIUM
707715,"","Nazário de Lima",IDENTITY_FRAGMENT,Contracted,4674,388,1736,"Real Madrid C.F.",388,1736,"Real Madrid C.F.",False,55000,2002,2008-06-30,Defined,181,2008,,,2,1,"DISPLAY_NAME_UNRESOLVED",89,MEDIUM
3301515,"","Adriano Fabiano",IDENTITY_FRAGMENT,Contracted,5791,390,1742,"Real Sociedad S.A.D.",390,1742,"Real Sociedad S.A.D.",False,2500,2004,2008-06-30,Defined,181,2008,,,1,1,"DISPLAY_NAME_UNRESOLVED",89,MEDIUM
3301243,"","Luiz Alberto",IDENTITY_FRAGMENT,Contracted,5685,390,1742,"Real Sociedad S.A.D.",390,1742,"Real Sociedad S.A.D.",False,13859,2001,2007-06-30,Defined,180,2007,,,2,1,"DISPLAY_NAME_UNRESOLVED",89,MEDIUM
107254,"","Álvaro Luiz",IDENTITY_FRAGMENT,Contracted,502,393,1749,"Real Zaragoza S.A.D.",393,1749,"Real Zaragoza S.A.D.",False,25409,2003,2007-06-30,Defined,180,2007,,,2,1,"DISPLAY_NAME_UNRESOLVED",89,MEDIUM
104318,"","Sávio",IDENTITY_FRAGMENT,Contracted,440,393,1749,"Real Zaragoza S.A.D.",393,1749,"Real Zaragoza S.A.D.",False,20000,2003,2005-06-30,Defined,180,2005,,,2,1,"DISPLAY_NAME_UNRESOLVED",89,MEDIUM
6900056,"","Santos Batista Júnior",IDENTITY_FRAGMENT,Contracted,6439,260,1165,"Reggina",260,1165,"Reggina",False,7315,2000,2007-06-30,Defined,180,2007,,,2,1,"DISPLAY_NAME_UNRESOLVED",89,MEDIUM
316234,"","Adaílton José",IDENTITY_FRAGMENT,Contracted,3153,171,884,"Rennes",171,884,"Rennes",False,1365,2004,2007-06-30,Defined,180,2007,,,2,1,"DISPLAY_NAME_UNRESOLVED",89,MEDIUM
8825480,"","Érich Leonardo",IDENTITY_FRAGMENT,Contracted,6760,762,301142,"Rio Branco (ES)",762,301142,"Rio Branco (ES)",False,124,2001,2006-01-31,Defined,30,2006,,,2,1,"DISPLAY_NAME_UNRESOLVED",89,MEDIUM
3300934,"","Alessandro Cristiano",IDENTITY_FRAGMENT,Contracted,5534,578,107226,"Rio Branco (SP)",578,107226,"Rio Branco (SP)",False,194,2004,2004-10-30,Defined,303,2004,,,1,1,"DISPLAY_NAME_UNRESOLVED",89,MEDIUM
311779,"","Camargo Nunes do Prado",IDENTITY_FRAGMENT,Contracted,2449,578,107226,"Rio Branco (SP)",578,107226,"Rio Branco (SP)",False,90,2001,2005-12-31,Defined,364,2005,,,2,1,"DISPLAY_NAME_UNRESOLVED",89,MEDIUM
3300337,"","do Nascimento Trigueiro",IDENTITY_FRAGMENT,Contracted,5333,578,107226,"Rio Branco (SP)",578,107226,"Rio Branco (SP)",False,669,2004,2004-10-06,Defined,279,2004,,,1,1,"DISPLAY_NAME_UNRESOLVED",89,MEDIUM
318182,"","Gomes Soares",IDENTITY_FRAGMENT,Contracted,3857,578,107226,"Rio Branco (SP)",578,107226,"Rio Branco (SP)",False,75,2004,2004-12-31,Defined,365,2004,,,2,1,"DISPLAY_NAME_UNRESOLVED",89,MEDIUM
304056,"","Ramirez Espinosa",IDENTITY_FRAGMENT,Contracted,1034,578,107226,"Rio Branco (SP)",578,107226,"Rio Branco (SP)",False,602,2001,2007-01-31,Defined,30,2007,,,2,1,"DISPLAY_NAME_UNRESOLVED",89,MEDIUM
304713,"","Renan",IDENTITY_FRAGMENT,Contracted,1235,578,107226,"Rio Branco (SP)",578,107226,"Rio Branco (SP)",False,200,2004,2004-11-30,Defined,334,2004,,,1,1,"DISPLAY_NAME_UNRESOLVED",89,MEDIUM
304569,"","Ribeiro Barros",IDENTITY_FRAGMENT,Contracted,1203,578,107226,"Rio Branco (SP)",578,107226,"Rio Branco (SP)",False,239,2004,2004-09-23,Defined,266,2004,,,2,1,"DISPLAY_NAME_UNRESOLVED",89,MEDIUM
8833146,"","Thiago Ribeiro",IDENTITY_FRAGMENT,Contracted,7305,578,107226,"Rio Branco (SP)",578,107226,"Rio Branco (SP)",False,366,2004,2006-01-02,Defined,1,2006,,,1,1,"DISPLAY_NAME_UNRESOLVED",89,MEDIUM
306295,"","Bertoldo",IDENTITY_FRAGMENT,Contracted,1537,526,104868,"Rio Branco FC (AC)",526,104868,"Rio Branco FC (AC)",False,69,2001,2005-01-31,Defined,30,2005,,,2,1,"DISPLAY_NAME_UNRESOLVED",89,MEDIUM
8826855,"","Caruta",IDENTITY_FRAGMENT,Contracted,6854,526,104868,"Rio Branco FC (AC)",526,104868,"Rio Branco FC (AC)",False,370,2001,2009-01-31,Defined,30,2009,,,1,1,"DISPLAY_NAME_UNRESOLVED",89,MEDIUM
306297,"","José Christiano",IDENTITY_FRAGMENT,Contracted,1539,526,104868,"Rio Branco FC (AC)",526,104868,"Rio Branco FC (AC)",False,186,2001,2006-01-31,Defined,30,2006,,,2,1,"DISPLAY_NAME_UNRESOLVED",89,MEDIUM
8826856,"","José Vinícius",IDENTITY_FRAGMENT,Contracted,6855,526,104868,"Rio Branco FC (AC)",526,104868,"Rio Branco FC (AC)",False,100,2001,2008-01-31,Defined,30,2008,,,1,1,"DISPLAY_NAME_UNRESOLVED",89,MEDIUM
306303,"","Leivi Patrício",IDENTITY_FRAGMENT,Contracted,1541,526,104868,"Rio Branco FC (AC)",526,104868,"Rio Branco FC (AC)",False,136,2001,2006-01-31,Defined,30,2006,,,2,1,"DISPLAY_NAME_UNRESOLVED",89,MEDIUM
306296,"","Rodrigues da Costa",IDENTITY_FRAGMENT,Contracted,1538,526,104868,"Rio Branco FC (AC)",526,104868,"Rio Branco FC (AC)",False,75,2001,2006-01-31,Defined,30,2006,,,2,1,"DISPLAY_NAME_UNRESOLVED",89,MEDIUM
321127,"","Anderson Cruz",IDENTITY_FRAGMENT,Contracted,4411,870,301350,"Rio Preto EC",870,301350,"Rio Preto EC",False,290,2001,2006-01-31,Defined,30,2006,,,2,1,"DISPLAY_NAME_UNRESOLVED",89,MEDIUM
316587,"","Barnosa Fortunato",IDENTITY_FRAGMENT,OnLoan,3362,48,319,"SC Corinthians Paulista",870,301350,"Rio Preto EC",True,75,2001,2006-01-31,Defined,30,2006,75,2004-12-31,2,2,"DISPLAY_NAME_UNRESOLVED",97,HIGH
316586,"","Homalley Alex",IDENTITY_FRAGMENT,OnLoan,3361,48,319,"SC Corinthians Paulista",870,301350,"Rio Preto EC",True,75,2001,2006-01-31,Defined,30,2006,75,2004-12-31,2,2,"DISPLAY_NAME_UNRESOLVED",97,HIGH
304424,"","Vilson",IDENTITY_FRAGMENT,Contracted,1137,870,301350,"Rio Preto EC",870,301350,"Rio Preto EC",False,250,2001,2009-01-31,Defined,30,2009,,,1,1,"DISPLAY_NAME_UNRESOLVED",89,MEDIUM
306555,"","Aires de Araújo",IDENTITY_FRAGMENT,Contracted,1647,817,301245,"River (PI)",817,301245,"River (PI)",False,177,2001,2006-01-31,Defined,30,2006,,,2,1,"DISPLAY_NAME_UNRESOLVED",89,MEDIUM
306552,"","Araújo",IDENTITY_FRAGMENT,Contracted,1646,817,301245,"River (PI)",817,301245,"River (PI)",False,75,2001,2009-01-31,Defined,30,2009,,,2,1,"DISPLAY_NAME_UNRESOLVED",89,MEDIUM
306571,"","Conceição Cabé",IDENTITY_FRAGMENT,Contracted,1654,817,301245,"River (PI)",817,301245,"River (PI)",False,75,2001,2006-01-31,Defined,30,2006,,,2,1,"DISPLAY_NAME_UNRESOLVED",89,MEDIUM
306565,"","da Conceição Gama",IDENTITY_FRAGMENT,Contracted,1653,817,301245,"River (PI)",817,301245,"River (PI)",False,75,2001,2006-01-31,Defined,30,2006,,,2,1,"DISPLAY_NAME_UNRESOLVED",89,MEDIUM
306556,"","das Chagas dos Santos",IDENTITY_FRAGMENT,Contracted,1648,817,301245,"River (PI)",817,301245,"River (PI)",False,75,2001,2006-01-31,Defined,30,2006,,,2,1,"DISPLAY_NAME_UNRESOLVED",89,MEDIUM
306559,"","Deusdedite Antônio",IDENTITY_FRAGMENT,Contracted,1650,817,301245,"River (PI)",817,301245,"River (PI)",False,226,2001,2006-01-31,Defined,30,2006,,,2,1,"DISPLAY_NAME_UNRESOLVED",89,MEDIUM
306563,"","Jasiel José",IDENTITY_FRAGMENT,Contracted,1652,817,301245,"River (PI)",817,301245,"River (PI)",False,178,2001,2006-01-31,Defined,30,2006,,,2,1,"DISPLAY_NAME_UNRESOLVED",89,MEDIUM
306561,"","Miltinho",IDENTITY_FRAGMENT,Contracted,1651,817,301245,"River (PI)",817,301245,"River (PI)",False,75,2001,2006-01-31,Defined,30,2006,,,2,1,"DISPLAY_NAME_UNRESOLVED",89,MEDIUM
306557,"","Silvan",IDENTITY_FRAGMENT,Contracted,1649,817,301245,"River (PI)",817,301245,"River (PI)",False,73,2001,2006-01-31,Defined,30,2006,,,2,1,"DISPLAY_NAME_UNRESOLVED",89,MEDIUM
306551,"","Sobrinho",IDENTITY_FRAGMENT,Contracted,1645,817,301245,"River (PI)",817,301245,"River (PI)",False,100,2001,2009-01-31,Defined,30,2009,,,1,1,"DISPLAY_NAME_UNRESOLVED",89,MEDIUM
714190,"","Venício",IDENTITY_FRAGMENT,Contracted,4689,817,301245,"River (PI)",817,301245,"River (PI)",False,75,2002,2006-01-31,Defined,30,2006,,,1,1,"DISPLAY_NAME_UNRESOLVED",89,MEDIUM
7200218,"","Pacheco de Oliveira",IDENTITY_FRAGMENT,Contracted,6600,220,1033,"Roda JC",220,1033,"Roda JC",False,1961,2002,2005-07-01,Defined,181,2005,,,2,1,"DISPLAY_NAME_UNRESOLVED",89,MEDIUM
8835203,"","Adebson",IDENTITY_FRAGMENT,FormationContract,7760,1390,314909,"RS Futebol C",1390,314909,"RS Futebol C",False,30,2001,,NotDefined,1,1900,,,2,1,"SENTINEL_END_DATE|DISPLAY_NAME_UNRESOLVED",89,MEDIUM
8832897,"","Afonso João",IDENTITY_FRAGMENT,FormationContract,7235,1390,314909,"RS Futebol C",1390,314909,"RS Futebol C",False,30,2004,,NotDefined,1,1900,,,2,1,"SENTINEL_END_DATE|DISPLAY_NAME_UNRESOLVED",89,MEDIUM
8835205,"","Alan Carlos José",IDENTITY_FRAGMENT,FormationContract,7762,1390,314909,"RS Futebol C",1390,314909,"RS Futebol C",False,30,2001,,NotDefined,1,1900,,,2,1,"SENTINEL_END_DATE|DISPLAY_NAME_UNRESOLVED",89,MEDIUM
8829864,"","Alessandro Felipe",IDENTITY_FRAGMENT,FormationContract,6948,1390,314909,"RS Futebol C",1390,314909,"RS Futebol C",False,30,2001,,NotDefined,1,1900,,,2,1,"SENTINEL_END_DATE|DISPLAY_NAME_UNRESOLVED",89,MEDIUM
8832898,"","André Márcio",IDENTITY_FRAGMENT,FormationContract,7236,1390,314909,"RS Futebol C",1390,314909,"RS Futebol C",False,54,2004,,NotDefined,1,1900,,,2,1,"SENTINEL_END_DATE|DISPLAY_NAME_UNRESOLVED",89,MEDIUM
8829882,"","Antonello",IDENTITY_FRAGMENT,Contracted,6962,1390,314909,"RS Futebol C",1390,314909,"RS Futebol C",False,75,2001,2006-01-31,Defined,30,2006,,,2,1,"DISPLAY_NAME_UNRESOLVED",89,MEDIUM
8829859,"","Bretanha Hepp",IDENTITY_FRAGMENT,Contracted,6945,1390,314909,"RS Futebol C",1390,314909,"RS Futebol C",False,75,2001,2005-01-31,Defined,30,2005,,,2,1,"DISPLAY_NAME_UNRESOLVED",89,MEDIUM
8829869,"","Burigo Balthazar",IDENTITY_FRAGMENT,Contracted,6949,1390,314909,"RS Futebol C",1390,314909,"RS Futebol C",False,381,2001,2006-01-31,Defined,30,2006,,,2,1,"DISPLAY_NAME_UNRESOLVED",89,MEDIUM
305718,"","Campos Soster",IDENTITY_FRAGMENT,Contracted,1425,1390,314909,"RS Futebol C",1390,314909,"RS Futebol C",False,177,2003,2008-05-12,Defined,132,2008,,,2,1,"DISPLAY_NAME_UNRESOLVED",89,MEDIUM
8835219,"","Carmona da Silva",IDENTITY_FRAGMENT,FormationContract,7776,1390,314909,"RS Futebol C",1390,314909,"RS Futebol C",False,30,2001,,NotDefined,1,1900,,,2,1,"SENTINEL_END_DATE|DISPLAY_NAME_UNRESOLVED",89,MEDIUM
8829863,"","Cássio Alessandro",IDENTITY_FRAGMENT,Contracted,6947,1390,314909,"RS Futebol C",1390,314909,"RS Futebol C",False,30,2001,2005-01-31,Defined,30,2005,,,2,1,"DISPLAY_NAME_UNRESOLVED",89,MEDIUM
8835224,"","Cezar Rodrigo",IDENTITY_FRAGMENT,FormationContract,7781,1390,314909,"RS Futebol C",1390,314909,"RS Futebol C",False,30,2001,,NotDefined,1,1900,,,1,1,"SENTINEL_END_DATE|DISPLAY_NAME_UNRESOLVED",89,MEDIUM
8835215,"","da Silva Pedroso",IDENTITY_FRAGMENT,FormationContract,7772,1390,314909,"RS Futebol C",1390,314909,"RS Futebol C",False,30,2001,,NotDefined,1,1900,,,2,1,"SENTINEL_END_DATE|DISPLAY_NAME_UNRESOLVED",89,MEDIUM
8829877,"","da Silva Pereira",IDENTITY_FRAGMENT,Contracted,6957,1390,314909,"RS Futebol C",1390,314909,"RS Futebol C",False,132,2001,2005-01-31,Defined,30,2005,,,2,1,"DISPLAY_NAME_UNRESOLVED",89,MEDIUM
8829883,"","da Silveira Müller",IDENTITY_FRAGMENT,Contracted,6963,1390,314909,"RS Futebol C",1390,314909,"RS Futebol C",False,335,2001,2006-01-31,Defined,30,2006,,,1,1,"DISPLAY_NAME_UNRESOLVED",89,MEDIUM
8829881,"","Elomar",IDENTITY_FRAGMENT,Contracted,6961,1390,314909,"RS Futebol C",1390,314909,"RS Futebol C",False,55,2001,2005-01-31,Defined,30,2005,,,2,1,"DISPLAY_NAME_UNRESOLVED",89,MEDIUM
8835228,"","Émerson Luiz",IDENTITY_FRAGMENT,FormationContract,7785,1390,314909,"RS Futebol C",1390,314909,"RS Futebol C",False,30,2001,,NotDefined,1,1900,,,1,1,"SENTINEL_END_DATE|DISPLAY_NAME_UNRESOLVED",89,MEDIUM
8829872,"","Everson",IDENTITY_FRAGMENT,Contracted,6952,1390,314909,"RS Futebol C",1390,314909,"RS Futebol C",False,232,2001,2005-01-31,Defined,30,2005,,,2,1,"DISPLAY_NAME_UNRESOLVED",89,MEDIUM
317312,"","Honorato Campos",IDENTITY_FRAGMENT,Contracted,3698,1390,314909,"RS Futebol C",1390,314909,"RS Futebol C",False,428,2001,2009-01-13,Defined,12,2009,,,2,1,"DISPLAY_NAME_UNRESOLVED",89,MEDIUM
8835221,"","Horn Peixoto",IDENTITY_FRAGMENT,FormationContract,7778,1390,314909,"RS Futebol C",1390,314909,"RS Futebol C",False,30,2001,,NotDefined,1,1900,,,2,1,"SENTINEL_END_DATE|DISPLAY_NAME_UNRESOLVED",89,MEDIUM
8835212,"","Iuri",IDENTITY_FRAGMENT,FormationContract,7769,1390,314909,"RS Futebol C",1390,314909,"RS Futebol C",False,30,2001,,NotDefined,1,1900,,,2,1,"SENTINEL_END_DATE|DISPLAY_NAME_UNRESOLVED",89,MEDIUM
8835213,"","Jankiel",IDENTITY_FRAGMENT,FormationContract,7770,1390,314909,"RS Futebol C",1390,314909,"RS Futebol C",False,30,2001,,NotDefined,1,1900,,,2,1,"SENTINEL_END_DATE|DISPLAY_NAME_UNRESOLVED",89,MEDIUM
8833629,"","Jonathas",IDENTITY_FRAGMENT,FormationContract,7481,1390,314909,"RS Futebol C",1390,314909,"RS Futebol C",False,30,2001,,NotDefined,1,1900,,,2,1,"SENTINEL_END_DATE|DISPLAY_NAME_UNRESOLVED",89,MEDIUM
8829874,"","Júnior Lazzari",IDENTITY_FRAGMENT,Contracted,6954,1390,314909,"RS Futebol C",1390,314909,"RS Futebol C",False,170,2001,2006-01-31,Defined,30,2006,,,2,1,"DISPLAY_NAME_UNRESOLVED",89,MEDIUM
8835216,"","Luís Paulo",IDENTITY_FRAGMENT,FormationContract,7773,1390,314909,"RS Futebol C",1390,314909,"RS Futebol C",False,30,2001,,NotDefined,1,1900,,,2,1,"SENTINEL_END_DATE|DISPLAY_NAME_UNRESOLVED",89,MEDIUM
8835223,"","Mior Júnior",IDENTITY_FRAGMENT,FormationContract,7780,1390,314909,"RS Futebol C",1390,314909,"RS Futebol C",False,30,2001,,NotDefined,1,1900,,,2,1,"SENTINEL_END_DATE|DISPLAY_NAME_UNRESOLVED",89,MEDIUM
8835226,"","Pavi",IDENTITY_FRAGMENT,FormationContract,7783,1390,314909,"RS Futebol C",1390,314909,"RS Futebol C",False,30,2001,,NotDefined,1,1900,,,2,1,"SENTINEL_END_DATE|DISPLAY_NAME_UNRESOLVED",89,MEDIUM
8835211,"","Rampi",IDENTITY_FRAGMENT,FormationContract,7768,1390,314909,"RS Futebol C",1390,314909,"RS Futebol C",False,30,2001,,NotDefined,1,1900,,,2,1,"SENTINEL_END_DATE|DISPLAY_NAME_UNRESOLVED",89,MEDIUM
8835222,"","Raniélson",IDENTITY_FRAGMENT,FormationContract,7779,1390,314909,"RS Futebol C",1390,314909,"RS Futebol C",False,59,2001,,NotDefined,1,1900,,,2,1,"SENTINEL_END_DATE|DISPLAY_NAME_UNRESOLVED",89,MEDIUM
305781,"","Roan Cristian",IDENTITY_FRAGMENT,Contracted,1438,1390,314909,"RS Futebol C",1390,314909,"RS Futebol C",False,163,2003,2005-12-31,Defined,364,2005,,,2,1,"DISPLAY_NAME_UNRESOLVED",89,MEDIUM
5280400,"","Rodighero",IDENTITY_FRAGMENT,Contracted,6240,1390,314909,"RS Futebol C",1390,314909,"RS Futebol C",False,206,2003,2006-01-31,Defined,30,2006,,,2,1,"DISPLAY_NAME_UNRESOLVED",89,MEDIUM
8829870,"","Ronivan Luiz",IDENTITY_FRAGMENT,Contracted,6950,1390,314909,"RS Futebol C",1390,314909,"RS Futebol C",False,75,2001,2006-01-31,Defined,30,2006,,,2,1,"DISPLAY_NAME_UNRESOLVED",89,MEDIUM
315149,"","Soares Dias",IDENTITY_FRAGMENT,Contracted,2639,1390,314909,"RS Futebol C",1390,314909,"RS Futebol C",False,161,2004,2005-01-31,Defined,30,2005,,,2,1,"DISPLAY_NAME_UNRESOLVED",89,MEDIUM
8829875,"","Sulzbacher da Silva",IDENTITY_FRAGMENT,Contracted,6955,1390,314909,"RS Futebol C",1390,314909,"RS Futebol C",False,75,2001,2006-01-31,Defined,30,2006,,,2,1,"DISPLAY_NAME_UNRESOLVED",89,MEDIUM
8835209,"","Vendruscolo Brancher",IDENTITY_FRAGMENT,FormationContract,7766,1390,314909,"RS Futebol C",1390,314909,"RS Futebol C",False,30,2001,,NotDefined,1,1900,,,2,1,"SENTINEL_END_DATE|DISPLAY_NAME_UNRESOLVED",89,MEDIUM
8835227,"","Victor Hugo",IDENTITY_FRAGMENT,FormationContract,7784,1390,314909,"RS Futebol C",1390,314909,"RS Futebol C",False,30,2001,,NotDefined,1,1900,,,2,1,"SENTINEL_END_DATE|DISPLAY_NAME_UNRESOLVED",89,MEDIUM
8829857,"","Vier",IDENTITY_FRAGMENT,Contracted,6944,1390,314909,"RS Futebol C",1390,314909,"RS Futebol C",False,258,2001,2006-01-31,Defined,30,2006,,,2,1,"DISPLAY_NAME_UNRESOLVED",89,MEDIUM
8835204,"","Vortmann",IDENTITY_FRAGMENT,FormationContract,7761,1390,314909,"RS Futebol C",1390,314909,"RS Futebol C",False,30,2001,,NotDefined,1,1900,,,2,1,"SENTINEL_END_DATE|DISPLAY_NAME_UNRESOLVED",89,MEDIUM
8829878,"","Wendel Rogério",IDENTITY_FRAGMENT,Contracted,6958,1390,314909,"RS Futebol C",1390,314909,"RS Futebol C",False,75,2001,2006-01-31,Defined,30,2006,,,2,1,"DISPLAY_NAME_UNRESOLVED",89,MEDIUM
305131,"","Calisto de Souza",IDENTITY_FRAGMENT,Contracted,1322,647,130509,"Rubin Kazan",647,130509,"Rubin Kazan",False,1924,2003,2006-01-31,Defined,30,2006,,,2,1,"DISPLAY_NAME_UNRESOLVED",89,MEDIUM
3301497,"","Ronielton",IDENTITY_FRAGMENT,Contracted,5781,647,130509,"Rubin Kazan",647,130509,"Rubin Kazan",False,5681,2003,2004-12-15,Defined,349,2004,,,2,1,"DISPLAY_NAME_UNRESOLVED",89,MEDIUM
320842,"","Belfort",IDENTITY_FRAGMENT,Contracted,4382,776,301169,"S Imperatriz D",776,301169,"S Imperatriz D",False,250,2001,2008-01-31,Defined,30,2008,,,1,1,"DISPLAY_NAME_UNRESOLVED",89,MEDIUM
317732,"","Denni",IDENTITY_FRAGMENT,OnLoan,3766,871,301352,"EC Santo André",588,107301,"S.C. Tenri Blues",True,447,2001,2006-01-31,Defined,30,2006,447,2004-12-31,2,2,"DISPLAY_NAME_UNRESOLVED",97,HIGH
316710,"","Henriques da Silva",IDENTITY_FRAGMENT,OnLoan,3454,54,325,"Guarani FC",588,107301,"S.C. Tenri Blues",True,146,2001,2006-01-31,Defined,30,2006,146,2004-12-31,2,2,"DISPLAY_NAME_UNRESOLVED",97,HIGH
319637,"","André Moreira",IDENTITY_FRAGMENT,Contracted,4099,580,107230,"Sampaio Corrêa FC",580,107230,"Sampaio Corrêa FC",False,160,2001,2006-01-31,Defined,30,2006,,,2,1,"DISPLAY_NAME_UNRESOLVED",89,MEDIUM
8158933,"","Araújo Silva",IDENTITY_FRAGMENT,Contracted,6667,580,107230,"Sampaio Corrêa FC",580,107230,"Sampaio Corrêa FC",False,537,2002,2004-12-31,Defined,365,2004,,,2,1,"DISPLAY_NAME_UNRESOLVED",89,MEDIUM
3301426,"","Borsatto",IDENTITY_FRAGMENT,Contracted,5760,580,107230,"Sampaio Corrêa FC",580,107230,"Sampaio Corrêa FC",False,399,2001,2006-01-31,Defined,30,2006,,,1,1,"DISPLAY_NAME_UNRESOLVED",89,MEDIUM
307395,"","Cavalcante",IDENTITY_FRAGMENT,Contracted,1849,580,107230,"Sampaio Corrêa FC",580,107230,"Sampaio Corrêa FC",False,451,2001,2006-01-31,Defined,30,2006,,,2,1,"DISPLAY_NAME_UNRESOLVED",89,MEDIUM
3300755,"","da Rosa Alves",IDENTITY_FRAGMENT,Contracted,5469,580,107230,"Sampaio Corrêa FC",580,107230,"Sampaio Corrêa FC",False,184,2001,2006-01-31,Defined,30,2006,,,2,1,"DISPLAY_NAME_UNRESOLVED",89,MEDIUM
3301429,"","Édson Alberto",IDENTITY_FRAGMENT,Contracted,5762,580,107230,"Sampaio Corrêa FC",580,107230,"Sampaio Corrêa FC",False,277,2001,2006-01-31,Defined,30,2006,,,1,1,"DISPLAY_NAME_UNRESOLVED",89,MEDIUM
3301423,"","Jamaica",IDENTITY_FRAGMENT,Contracted,5757,580,107230,"Sampaio Corrêa FC",580,107230,"Sampaio Corrêa FC",False,309,2001,2006-01-31,Defined,30,2006,,,2,1,"DISPLAY_NAME_UNRESOLVED",89,MEDIUM
3301433,"","Júlio Cleomildes",IDENTITY_FRAGMENT,Contracted,5764,580,107230,"Sampaio Corrêa FC",580,107230,"Sampaio Corrêa FC",False,103,2001,2006-01-31,Defined,30,2006,,,1,1,"DISPLAY_NAME_UNRESOLVED",89,MEDIUM
3300902,"","Juruna",IDENTITY_FRAGMENT,Contracted,5524,580,107230,"Sampaio Corrêa FC",580,107230,"Sampaio Corrêa FC",False,399,2001,2006-01-31,Defined,30,2006,,,1,1,"DISPLAY_NAME_UNRESOLVED",89,MEDIUM
319639,"","Lopes Gonçalves",IDENTITY_FRAGMENT,Contracted,4101,580,107230,"Sampaio Corrêa FC",580,107230,"Sampaio Corrêa FC",False,284,2001,2006-01-31,Defined,30,2006,,,2,1,"DISPLAY_NAME_UNRESOLVED",89,MEDIUM
319641,"","Márcio Oliveira",IDENTITY_FRAGMENT,Contracted,4103,580,107230,"Sampaio Corrêa FC",580,107230,"Sampaio Corrêa FC",False,132,2001,2006-01-31,Defined,30,2006,,,2,1,"DISPLAY_NAME_UNRESOLVED",89,MEDIUM
319642,"","Max",IDENTITY_FRAGMENT,Contracted,4104,580,107230,"Sampaio Corrêa FC",580,107230,"Sampaio Corrêa FC",False,75,2001,2005-01-31,Defined,30,2005,,,2,1,"DISPLAY_NAME_UNRESOLVED",89,MEDIUM
319638,"","Moisés",IDENTITY_FRAGMENT,Contracted,4100,580,107230,"Sampaio Corrêa FC",580,107230,"Sampaio Corrêa FC",False,443,2001,2006-01-31,Defined,30,2006,,,2,1,"DISPLAY_NAME_UNRESOLVED",89,MEDIUM
304111,"","Pereira Reis",IDENTITY_FRAGMENT,Contracted,1042,580,107230,"Sampaio Corrêa FC",580,107230,"Sampaio Corrêa FC",False,418,2001,2006-01-31,Defined,30,2006,,,2,1,"DISPLAY_NAME_UNRESOLVED",89,MEDIUM
319640,"","Ricardo Matias",IDENTITY_FRAGMENT,Contracted,4102,580,107230,"Sampaio Corrêa FC",580,107230,"Sampaio Corrêa FC",False,137,2001,2006-01-31,Defined,30,2006,,,2,1,"DISPLAY_NAME_UNRESOLVED",89,MEDIUM
3300725,"","Rocha Cabral",IDENTITY_FRAGMENT,Contracted,5456,580,107230,"Sampaio Corrêa FC",580,107230,"Sampaio Corrêa FC",False,160,2001,2006-01-31,Defined,30,2006,,,2,1,"DISPLAY_NAME_UNRESOLVED",89,MEDIUM
306695,"","Vanvam",IDENTITY_FRAGMENT,Contracted,1671,580,107230,"Sampaio Corrêa FC",580,107230,"Sampaio Corrêa FC",False,225,2001,2006-01-31,Defined,30,2006,,,2,1,"DISPLAY_NAME_UNRESOLVED",89,MEDIUM
320547,"","Adalto",IDENTITY_FRAGMENT,OnLoan,4314,58,329,"SE Palmeiras",425,1878,"Samsunspor",True,230,2001,2006-01-31,Defined,30,2006,230,2004-06-30,2,2,"DISPLAY_NAME_UNRESOLVED",97,HIGH
317261,"","Hélio Fernando",IDENTITY_FRAGMENT,Contracted,3666,835,301280,"Santa Cruz (RS)",835,301280,"Santa Cruz (RS)",False,250,2001,2009-01-31,Defined,30,2009,,,1,1,"DISPLAY_NAME_UNRESOLVED",89,MEDIUM
305740,"","Adelton",IDENTITY_FRAGMENT,Contracted,1430,581,107232,"Santa Cruz FC",581,107232,"Santa Cruz FC",False,311,2004,2004-12-31,Defined,365,2004,,,2,1,"DISPLAY_NAME_UNRESOLVED",89,MEDIUM
316084,"","Aílton",IDENTITY_FRAGMENT,Contracted,3079,581,107232,"Santa Cruz FC",581,107232,"Santa Cruz FC",False,180,2001,2006-01-31,Defined,30,2006,,,2,1,"DISPLAY_NAME_UNRESOLVED",89,MEDIUM
311200,"","Aldemir",IDENTITY_FRAGMENT,Contracted,2300,581,107232,"Santa Cruz FC",581,107232,"Santa Cruz FC",False,75,2001,2008-01-31,Defined,30,2008,,,1,1,"DISPLAY_NAME_UNRESOLVED",89,MEDIUM
3301140,"","Altino de Santana",IDENTITY_FRAGMENT,Contracted,5625,581,107232,"Santa Cruz FC",581,107232,"Santa Cruz FC",False,244,2004,2006-01-31,Defined,30,2006,,,2,1,"DISPLAY_NAME_UNRESOLVED",89,MEDIUM
6900193,"","Amorim de Oliveira",IDENTITY_FRAGMENT,Contracted,6528,581,107232,"Santa Cruz FC",581,107232,"Santa Cruz FC",False,453,2001,2006-01-31,Defined,30,2006,,,2,1,"DISPLAY_NAME_UNRESOLVED",89,MEDIUM
316083,"","Anderson Pedro",IDENTITY_FRAGMENT,Contracted,3078,581,107232,"Santa Cruz FC",581,107232,"Santa Cruz FC",False,229,2001,2006-01-31,Defined,30,2006,,,2,1,"DISPLAY_NAME_UNRESOLVED",89,MEDIUM
321153,"","Braga Correia",IDENTITY_FRAGMENT,Contracted,4419,581,107232,"Santa Cruz FC",581,107232,"Santa Cruz FC",False,184,2001,2006-01-31,Defined,30,2006,,,2,1,"DISPLAY_NAME_UNRESOLVED",89,MEDIUM
316092,"","Bruno Xavier",IDENTITY_FRAGMENT,Contracted,3087,581,107232,"Santa Cruz FC",581,107232,"Santa Cruz FC",False,138,2001,2005-01-31,Defined,30,2005,,,2,1,"DISPLAY_NAME_UNRESOLVED",89,MEDIUM
316082,"","Carvalho Lima",IDENTITY_FRAGMENT,Contracted,3077,581,107232,"Santa Cruz FC",581,107232,"Santa Cruz FC",False,75,2001,2006-01-31,Defined,30,2006,,,2,1,"DISPLAY_NAME_UNRESOLVED",89,MEDIUM
316095,"","Cordeiro Valença Neto",IDENTITY_FRAGMENT,Contracted,3090,581,107232,"Santa Cruz FC",581,107232,"Santa Cruz FC",False,189,2001,2006-01-31,Defined,30,2006,,,2,1,"DISPLAY_NAME_UNRESOLVED",89,MEDIUM
6900029,"","Curê",IDENTITY_FRAGMENT,Contracted,6422,581,107232,"Santa Cruz FC",581,107232,"Santa Cruz FC",False,491,2004,2004-12-31,Defined,365,2004,,,1,1,"DISPLAY_NAME_UNRESOLVED",89,MEDIUM
316094,"","da Silva Barbosa",IDENTITY_FRAGMENT,Contracted,3089,581,107232,"Santa Cruz FC",581,107232,"Santa Cruz FC",False,75,2001,2006-01-31,Defined,30,2006,,,2,1,"DISPLAY_NAME_UNRESOLVED",89,MEDIUM
312924,"","de Jesús Assis",IDENTITY_FRAGMENT,Contracted,2564,581,107232,"Santa Cruz FC",581,107232,"Santa Cruz FC",False,174,2004,2005-01-31,Defined,30,2005,,,2,1,"DISPLAY_NAME_UNRESOLVED",89,MEDIUM
304328,"","Dimas Roberto",IDENTITY_FRAGMENT,Contracted,1105,581,107232,"Santa Cruz FC",581,107232,"Santa Cruz FC",False,528,2004,2004-12-31,Defined,365,2004,,,2,1,"DISPLAY_NAME_UNRESOLVED",89,MEDIUM
316086,"","Douglas Osório",IDENTITY_FRAGMENT,Contracted,3081,581,107232,"Santa Cruz FC",581,107232,"Santa Cruz FC",False,75,2001,2005-01-31,Defined,30,2005,,,2,1,"DISPLAY_NAME_UNRESOLVED",89,MEDIUM
316088,"","Ericson",IDENTITY_FRAGMENT,Contracted,3083,581,107232,"Santa Cruz FC",581,107232,"Santa Cruz FC",False,30,2001,2005-01-31,Defined,30,2005,,,2,1,"DISPLAY_NAME_UNRESOLVED",89,MEDIUM
321155,"","Erivérton",IDENTITY_FRAGMENT,OnLoan,4420,811,301235,"Porto (PE)",581,107232,"Santa Cruz FC",True,325,2003,2005-12-31,Defined,364,2005,325,2004-12-31,2,2,"DISPLAY_NAME_UNRESOLVED",97,HIGH
305469,"","Érmison José",IDENTITY_FRAGMENT,Contracted,1376,581,107232,"Santa Cruz FC",581,107232,"Santa Cruz FC",False,363,2003,2006-01-31,Defined,30,2006,,,2,1,"DISPLAY_NAME_UNRESOLVED",89,MEDIUM
308949,"","Fabiano Dionísio",IDENTITY_FRAGMENT,Contracted,1960,581,107232,"Santa Cruz FC",581,107232,"Santa Cruz FC",False,386,2003,2006-01-31,Defined,30,2006,,,1,1,"DISPLAY_NAME_UNRESOLVED",89,MEDIUM
316076,"","Ferreira Manttuy",IDENTITY_FRAGMENT,Contracted,3072,581,107232,"Santa Cruz FC",581,107232,"Santa Cruz FC",False,113,2001,2006-01-31,Defined,30,2006,,,2,1,"DISPLAY_NAME_UNRESOLVED",89,MEDIUM
307371,"","Fontes de Oliveira",IDENTITY_FRAGMENT,Contracted,1844,581,107232,"Santa Cruz FC",581,107232,"Santa Cruz FC",False,221,2004,2004-12-30,Defined,364,2004,,,2,1,"DISPLAY_NAME_UNRESOLVED",89,MEDIUM
316091,"","Goleiro",IDENTITY_FRAGMENT,Contracted,3086,581,107232,"Santa Cruz FC",581,107232,"Santa Cruz FC",False,75,2001,2006-01-31,Defined,30,2006,,,2,1,"DISPLAY_NAME_UNRESOLVED",89,MEDIUM
321157,"","Jociel",IDENTITY_FRAGMENT,Contracted,4422,581,107232,"Santa Cruz FC",581,107232,"Santa Cruz FC",False,75,2001,2006-01-31,Defined,30,2006,,,2,1,"DISPLAY_NAME_UNRESOLVED",89,MEDIUM
316079,"","José Ricardo",IDENTITY_FRAGMENT,Contracted,3075,581,107232,"Santa Cruz FC",581,107232,"Santa Cruz FC",False,293,2001,2005-01-31,Defined,30,2005,,,2,1,"DISPLAY_NAME_UNRESOLVED",89,MEDIUM
3300252,"","José William",IDENTITY_FRAGMENT,Contracted,5310,581,107232,"Santa Cruz FC",581,107232,"Santa Cruz FC",False,201,2004,2004-12-31,Defined,365,2004,,,2,1,"DISPLAY_NAME_UNRESOLVED",89,MEDIUM
3300276,"","Kaspary",IDENTITY_FRAGMENT,Contracted,5314,581,107232,"Santa Cruz FC",581,107232,"Santa Cruz FC",False,430,2002,2005-01-31,Defined,30,2005,,,2,1,"DISPLAY_NAME_UNRESOLVED",89,MEDIUM
313025,"","Laércio José",IDENTITY_FRAGMENT,Contracted,2566,581,107232,"Santa Cruz FC",581,107232,"Santa Cruz FC",False,284,2001,2006-01-31,Defined,30,2006,,,2,1,"DISPLAY_NAME_UNRESOLVED",89,MEDIUM
304740,"","Laudenísio Delmiro",IDENTITY_FRAGMENT,Contracted,1239,581,107232,"Santa Cruz FC",581,107232,"Santa Cruz FC",False,305,2004,2006-01-31,Defined,30,2006,,,2,1,"DISPLAY_NAME_UNRESOLVED",89,MEDIUM
311929,"","Mauro Carlos",IDENTITY_FRAGMENT,Contracted,2487,581,107232,"Santa Cruz FC",581,107232,"Santa Cruz FC",False,171,2001,2006-01-31,Defined,30,2006,,,2,1,"DISPLAY_NAME_UNRESOLVED",89,MEDIUM
316077,"","Medeiros de Araújo",IDENTITY_FRAGMENT,Contracted,3073,581,107232,"Santa Cruz FC",581,107232,"Santa Cruz FC",False,184,2001,2006-01-31,Defined,30,2006,,,2,1,"DISPLAY_NAME_UNRESOLVED",89,MEDIUM
316090,"","Mendes Ferreira",IDENTITY_FRAGMENT,OnLoan,3085,1171,313283,"Expressinho FC",581,107232,"Santa Cruz FC",True,332,2003,2006-01-31,Defined,30,2006,332,2004-12-31,2,2,"DISPLAY_NAME_UNRESOLVED",97,HIGH
316096,"","Miguel Vicente",IDENTITY_FRAGMENT,Contracted,3091,581,107232,"Santa Cruz FC",581,107232,"Santa Cruz FC",False,75,2001,2006-01-31,Defined,30,2006,,,2,1,"DISPLAY_NAME_UNRESOLVED",89,MEDIUM
316097,"","Miles Genuíno",IDENTITY_FRAGMENT,Contracted,3092,581,107232,"Santa Cruz FC",581,107232,"Santa Cruz FC",False,75,2001,2005-01-31,Defined,30,2005,,,2,1,"DISPLAY_NAME_UNRESOLVED",89,MEDIUM
310610,"","Nagel de Melo",IDENTITY_FRAGMENT,Contracted,2050,581,107232,"Santa Cruz FC",581,107232,"Santa Cruz FC",False,121,2001,2009-01-31,Defined,30,2009,,,2,1,"DISPLAY_NAME_UNRESOLVED",89,MEDIUM
316089,"","Nascimento",IDENTITY_FRAGMENT,Contracted,3084,581,107232,"Santa Cruz FC",581,107232,"Santa Cruz FC",False,267,2001,2006-01-31,Defined,30,2006,,,2,1,"DISPLAY_NAME_UNRESOLVED",89,MEDIUM
316098,"","Otacílio Jales",IDENTITY_FRAGMENT,Contracted,3093,581,107232,"Santa Cruz FC",581,107232,"Santa Cruz FC",False,240,2001,2005-01-31,Defined,30,2005,,,2,1,"DISPLAY_NAME_UNRESOLVED",89,MEDIUM
316099,"","Paulo Rogério",IDENTITY_FRAGMENT,Contracted,3094,581,107232,"Santa Cruz FC",581,107232,"Santa Cruz FC",False,75,2001,2005-01-31,Defined,30,2005,,,2,1,"DISPLAY_NAME_UNRESOLVED",89,MEDIUM
315988,"","Pereira Pinto",IDENTITY_FRAGMENT,Contracted,3031,581,107232,"Santa Cruz FC",581,107232,"Santa Cruz FC",False,476,2004,2006-01-31,Defined,30,2006,,,2,1,"DISPLAY_NAME_UNRESOLVED",89,MEDIUM
308335,"","Ranielli José",IDENTITY_FRAGMENT,Contracted,1912,581,107232,"Santa Cruz FC",581,107232,"Santa Cruz FC",False,677,2002,2006-01-31,Defined,30,2006,,,2,1,"DISPLAY_NAME_UNRESOLVED",89,MEDIUM
303620,"","Roberval",IDENTITY_FRAGMENT,Contracted,960,581,107232,"Santa Cruz FC",581,107232,"Santa Cruz FC",False,753,2001,2007-01-31,Defined,30,2007,,,1,1,"DISPLAY_NAME_UNRESOLVED",89,MEDIUM
310607,"","Rogério Paulo",IDENTITY_FRAGMENT,Contracted,2048,581,107232,"Santa Cruz FC",581,107232,"Santa Cruz FC",False,215,2001,2006-01-31,Defined,30,2006,,,1,1,"DISPLAY_NAME_UNRESOLVED",89,MEDIUM
313002,"","Roni",IDENTITY_FRAGMENT,Contracted,2565,581,107232,"Santa Cruz FC",581,107232,"Santa Cruz FC",False,131,2001,2006-01-31,Defined,30,2006,,,2,1,"DISPLAY_NAME_UNRESOLVED",89,MEDIUM
316100,"","Ronieli",IDENTITY_FRAGMENT,Contracted,3095,581,107232,"Santa Cruz FC",581,107232,"Santa Cruz FC",False,75,2001,2005-01-31,Defined,30,2005,,,2,1,"DISPLAY_NAME_UNRESOLVED",89,MEDIUM
8834828,"","Rosembrick",IDENTITY_FRAGMENT,Contracted,7631,581,107232,"Santa Cruz FC",581,107232,"Santa Cruz FC",False,423,2001,2006-01-31,Defined,30,2006,,,1,1,"DISPLAY_NAME_UNRESOLVED",89,MEDIUM
316081,"","Santana de Souza",IDENTITY_FRAGMENT,OnLoan,3076,1097,311959,"Palmeiras do Nordeste",581,107232,"Santa Cruz FC",True,384,2004,2006-01-31,Defined,30,2006,384,2004-12-31,2,2,"DISPLAY_NAME_UNRESOLVED",97,HIGH
3300461,"","Silvino Batista",IDENTITY_FRAGMENT,Contracted,5367,581,107232,"Santa Cruz FC",581,107232,"Santa Cruz FC",False,560,2001,2006-01-31,Defined,30,2006,,,2,1,"DISPLAY_NAME_UNRESOLVED",89,MEDIUM
310455,"","Sílvio Franklin",IDENTITY_FRAGMENT,Contracted,2030,581,107232,"Santa Cruz FC",581,107232,"Santa Cruz FC",False,147,2001,2006-01-31,Defined,30,2006,,,2,1,"DISPLAY_NAME_UNRESOLVED",89,MEDIUM
316104,"","Talles Darlan",IDENTITY_FRAGMENT,Contracted,3097,581,107232,"Santa Cruz FC",581,107232,"Santa Cruz FC",False,75,2001,2006-01-31,Defined,30,2006,,,2,1,"DISPLAY_NAME_UNRESOLVED",89,MEDIUM
321147,"","Teixeira Oliveira",IDENTITY_FRAGMENT,Contracted,4417,581,107232,"Santa Cruz FC",581,107232,"Santa Cruz FC",False,129,2001,2006-01-31,Defined,30,2006,,,2,1,"DISPLAY_NAME_UNRESOLVED",89,MEDIUM
320469,"","Tenório de Andrade Neto",IDENTITY_FRAGMENT,Contracted,4302,581,107232,"Santa Cruz FC",581,107232,"Santa Cruz FC",False,354,2001,2005-01-31,Defined,30,2005,,,2,1,"DISPLAY_NAME_UNRESOLVED",89,MEDIUM
302188,"","Wellington Tomás",IDENTITY_FRAGMENT,Contracted,777,581,107232,"Santa Cruz FC",581,107232,"Santa Cruz FC",False,275,2001,2006-01-31,Defined,30,2006,,,2,1,"DISPLAY_NAME_UNRESOLVED",89,MEDIUM
307114,"","Wellington Zacarias",IDENTITY_FRAGMENT,Contracted,1809,581,107232,"Santa Cruz FC",581,107232,"Santa Cruz FC",False,193,2001,2006-01-31,Defined,30,2006,,,2,1,"DISPLAY_NAME_UNRESOLVED",89,MEDIUM
316105,"","Wilton Gilberto",IDENTITY_FRAGMENT,Contracted,3098,581,107232,"Santa Cruz FC",581,107232,"Santa Cruz FC",False,75,2001,2005-01-31,Defined,30,2005,,,2,1,"DISPLAY_NAME_UNRESOLVED",89,MEDIUM
306123,"","Rubick",IDENTITY_FRAGMENT,Contracted,1511,1137,313228,"Santa Cruz FC (MT)",1137,313228,"Santa Cruz FC (MT)",False,248,2003,2006-01-31,Defined,30,2006,,,2,1,"DISPLAY_NAME_UNRESOLVED",89,MEDIUM
308574,"","Aguinaldo",IDENTITY_FRAGMENT,Contracted,1945,64,335,"Santos FC",64,335,"Santos FC",False,813,2001,2009-01-31,Defined,30,2009,,,1,1,"DISPLAY_NAME_UNRESOLVED",89,MEDIUM
308631,"","André Felipe",IDENTITY_FRAGMENT,Contracted,1950,64,335,"Santos FC",64,335,"Santos FC",False,75,2001,2006-01-31,Defined,30,2006,,,2,1,"DISPLAY_NAME_UNRESOLVED",89,MEDIUM
301628,"","André Luís",IDENTITY_FRAGMENT,Contracted,716,64,335,"Santos FC",64,335,"Santos FC",False,451,2000,2006-01-31,Defined,30,2006,,,2,1,"DISPLAY_NAME_UNRESOLVED",89,MEDIUM
317300,"","Aparecido Moura",IDENTITY_FRAGMENT,Contracted,3687,64,335,"Santos FC",64,335,"Santos FC",False,65,2001,2005-01-31,Defined,30,2005,,,2,1,"DISPLAY_NAME_UNRESOLVED",89,MEDIUM
3301498,"","Arruda Parente",IDENTITY_FRAGMENT,OnLoan,5782,166,868,"St. Germain",64,335,"Santos FC",True,8750,2002,2007-06-30,Defined,180,2007,8750,2004-12-31,2,2,"DISPLAY_NAME_UNRESOLVED",97,HIGH
312253,"","Caetano",IDENTITY_FRAGMENT,Contracted,2538,64,335,"Santos FC",64,335,"Santos FC",False,312,2001,2005-01-31,Defined,30,2005,,,2,1,"DISPLAY_NAME_UNRESOLVED",89,MEDIUM
316569,"","Carvalho Nogueira",IDENTITY_FRAGMENT,Contracted,3346,64,335,"Santos FC",64,335,"Santos FC",False,75,2001,2005-01-31,Defined,30,2005,,,2,1,"DISPLAY_NAME_UNRESOLVED",89,MEDIUM
3300151,"","Casagrande",IDENTITY_FRAGMENT,Contracted,5251,64,335,"Santos FC",64,335,"Santos FC",False,713,2004,2004-12-31,Defined,365,2004,,,2,1,"DISPLAY_NAME_UNRESOLVED",89,MEDIUM
316572,"","da Silva Luciano",IDENTITY_FRAGMENT,Contracted,3349,64,335,"Santos FC",64,335,"Santos FC",False,75,2001,2006-01-31,Defined,30,2006,,,2,1,"DISPLAY_NAME_UNRESOLVED",89,MEDIUM
316574,"","de Andrade Amaral",IDENTITY_FRAGMENT,Contracted,3351,64,335,"Santos FC",64,335,"Santos FC",False,387,2001,2006-01-31,Defined,30,2006,,,2,1,"DISPLAY_NAME_UNRESOLVED",89,MEDIUM
3301461,"","de Andrade Bittencourt Pinheiro",IDENTITY_FRAGMENT,Contracted,5771,64,335,"Santos FC",64,335,"Santos FC",False,270,2000,2006-01-31,Defined,30,2006,,,2,1,"DISPLAY_NAME_UNRESOLVED",89,MEDIUM
3301539,"","de Oliveira Modesto",IDENTITY_FRAGMENT,Contracted,5803,64,335,"Santos FC",64,335,"Santos FC",False,452,2001,2006-01-31,Defined,30,2006,,,2,1,"DISPLAY_NAME_UNRESOLVED",89,MEDIUM
8835087,"","Dhonatan",IDENTITY_FRAGMENT,FormationContract,7646,64,335,"Santos FC",64,335,"Santos FC",False,34,2004,,NotDefined,1,1900,,,2,1,"SENTINEL_END_DATE|DISPLAY_NAME_UNRESOLVED",89,MEDIUM
311364,"","dos Santos Caldeira",IDENTITY_FRAGMENT,Contracted,2365,64,335,"Santos FC",64,335,"Santos FC",False,75,2001,2006-01-31,Defined,30,2006,,,2,1,"DISPLAY_NAME_UNRESOLVED",89,MEDIUM
301838,"","Elano",IDENTITY_FRAGMENT,Contracted,746,64,335,"Santos FC",64,335,"Santos FC",False,3020,2000,2006-01-31,Defined,30,2006,,,2,1,"DISPLAY_NAME_UNRESOLVED",89,MEDIUM
316563,"","Freitas Cardoso Rodrigues",IDENTITY_FRAGMENT,Contracted,3342,64,335,"Santos FC",64,335,"Santos FC",False,354,2001,2006-01-31,Defined,30,2006,,,2,1,"DISPLAY_NAME_UNRESOLVED",89,MEDIUM
316571,"","Geová",IDENTITY_FRAGMENT,Contracted,3348,64,335,"Santos FC",64,335,"Santos FC",False,92,2001,2006-01-31,Defined,30,2006,,,2,1,"DISPLAY_NAME_UNRESOLVED",89,MEDIUM
310935,"","Gérson Sebastião",IDENTITY_FRAGMENT,Contracted,2164,64,335,"Santos FC",64,335,"Santos FC",False,688,2001,2008-01-31,Defined,30,2008,,,1,1,"DISPLAY_NAME_UNRESOLVED",89,MEDIUM
142332,"","Hallison Bruno",IDENTITY_FRAGMENT,Contracted,676,64,335,"Santos FC",64,335,"Santos FC",False,76,2001,2005-01-31,Defined,30,2005,,,2,1,"DISPLAY_NAME_UNRESOLVED",89,MEDIUM
316573,"","Jerri Ariel",IDENTITY_FRAGMENT,Contracted,3350,64,335,"Santos FC",64,335,"Santos FC",False,551,2001,2006-01-31,Defined,30,2006,,,2,1,"DISPLAY_NAME_UNRESOLVED",89,MEDIUM
302625,"","Lourenço Bastos",IDENTITY_FRAGMENT,Contracted,840,64,335,"Santos FC",64,335,"Santos FC",False,3623,2000,2006-01-31,Defined,30,2006,,,2,1,"DISPLAY_NAME_UNRESOLVED",89,MEDIUM
316654,"","Lucas",IDENTITY_FRAGMENT,Contracted,3408,64,335,"Santos FC",64,335,"Santos FC",False,75,2001,2005-01-31,Defined,30,2005,,,2,1,"DISPLAY_NAME_UNRESOLVED",89,MEDIUM
308318,"","Marcelino",IDENTITY_FRAGMENT,Contracted,1902,64,335,"Santos FC",64,335,"Santos FC",False,1120,2001,2005-01-31,Defined,30,2005,,,2,1,"DISPLAY_NAME_UNRESOLVED",89,MEDIUM
316533,"","Márcio Ivanildo",IDENTITY_FRAGMENT,OnLoan,3322,872,301354,"AD São Caetano",64,335,"Santos FC",True,75,2002,2006-06-30,Defined,180,2006,75,2004-12-31,2,2,"DISPLAY_NAME_UNRESOLVED",97,HIGH
3300948,"","Mauro José",IDENTITY_FRAGMENT,Contracted,5541,64,335,"Santos FC",64,335,"Santos FC",False,243,2004,2004-12-31,Defined,365,2004,,,2,1,"DISPLAY_NAME_UNRESOLVED",89,MEDIUM
310933,"","Merouço",IDENTITY_FRAGMENT,Contracted,2162,64,335,"Santos FC",64,335,"Santos FC",False,513,2001,2009-01-31,Defined,30,2009,,,1,1,"DISPLAY_NAME_UNRESOLVED",89,MEDIUM
3301536,"","Narciso",IDENTITY_FRAGMENT,Contracted,5800,64,335,"Santos FC",64,335,"Santos FC",False,265,1994,2005-01-31,Defined,30,2005,,,2,1,"DISPLAY_NAME_UNRESOLVED",89,MEDIUM
8832878,"","Nascimento dos Santos Filho",IDENTITY_FRAGMENT,Contracted,7216,64,335,"Santos FC",64,335,"Santos FC",False,175,2004,2005-01-31,Defined,30,2005,,,2,1,"DISPLAY_NAME_UNRESOLVED",89,MEDIUM
8832880,"","Osório Romão",IDENTITY_FRAGMENT,Contracted,7218,64,335,"Santos FC",64,335,"Santos FC",False,79,2003,2005-01-31,Defined,30,2005,,,2,1,"DISPLAY_NAME_UNRESOLVED",89,MEDIUM
316412,"","Passos Ávalos",IDENTITY_FRAGMENT,Contracted,3271,64,335,"Santos FC",64,335,"Santos FC",False,510,2004,2006-01-31,Defined,30,2006,,,2,1,"DISPLAY_NAME_UNRESOLVED",89,MEDIUM
301624,"","Pereira dos Prazeres",IDENTITY_FRAGMENT,Contracted,714,64,335,"Santos FC",64,335,"Santos FC",False,168,2001,2006-01-31,Defined,30,2006,,,2,1,"DISPLAY_NAME_UNRESOLVED",89,MEDIUM
316567,"","Pollo Barion",IDENTITY_FRAGMENT,Contracted,3344,64,335,"Santos FC",64,335,"Santos FC",False,90,2001,2006-01-31,Defined,30,2006,,,2,1,"DISPLAY_NAME_UNRESOLVED",89,MEDIUM
316577,"","Renner Santana",IDENTITY_FRAGMENT,Contracted,3353,64,335,"Santos FC",64,335,"Santos FC",False,75,2001,2006-01-31,Defined,30,2006,,,2,1,"DISPLAY_NAME_UNRESOLVED",89,MEDIUM
311190,"","Ricardo Bóvio",IDENTITY_FRAGMENT,Contracted,2292,64,335,"Santos FC",64,335,"Santos FC",False,499,2004,2004-12-31,Defined,365,2004,,,2,1,"DISPLAY_NAME_UNRESOLVED",89,MEDIUM
3301206,"","Ricardo Luís",IDENTITY_FRAGMENT,Contracted,5663,64,335,"Santos FC",64,335,"Santos FC",False,5750,2001,2006-01-31,Defined,30,2006,,,2,1,"DISPLAY_NAME_UNRESOLVED",89,MEDIUM
316579,"","Roberto Orlando",IDENTITY_FRAGMENT,Contracted,3355,64,335,"Santos FC",64,335,"Santos FC",False,75,2001,2006-01-31,Defined,30,2006,,,2,1,"DISPLAY_NAME_UNRESOLVED",89,MEDIUM
317307,"","Rosa de Oliveira",IDENTITY_FRAGMENT,Contracted,3694,64,335,"Santos FC",64,335,"Santos FC",False,65,2001,2005-01-31,Defined,30,2005,,,2,1,"DISPLAY_NAME_UNRESOLVED",89,MEDIUM
310934,"","Rossi",IDENTITY_FRAGMENT,Contracted,2163,64,335,"Santos FC",64,335,"Santos FC",False,813,2001,2007-01-31,Defined,30,2007,,,1,1,"DISPLAY_NAME_UNRESOLVED",89,MEDIUM
6900651,"","Santilli",IDENTITY_FRAGMENT,Contracted,6567,64,335,"Santos FC",64,335,"Santos FC",False,1070,2001,2008-01-31,Defined,30,2008,,,1,1,"DISPLAY_NAME_UNRESOLVED",89,MEDIUM
316566,"","Santos dos Espírito Santo",IDENTITY_FRAGMENT,Contracted,3343,64,335,"Santos FC",64,335,"Santos FC",False,75,2001,2006-01-31,Defined,30,2006,,,2,1,"DISPLAY_NAME_UNRESOLVED",89,MEDIUM
3300206,"","Tadeu Gallo",IDENTITY_FRAGMENT,Contracted,5283,64,335,"Santos FC",64,335,"Santos FC",False,1070,2001,2008-01-31,Defined,30,2008,,,2,1,"DISPLAY_NAME_UNRESOLVED",89,MEDIUM
3301572,"","Taira",IDENTITY_FRAGMENT,Contracted,5812,64,335,"Santos FC",64,335,"Santos FC",False,513,2001,2007-01-31,Defined,30,2007,,,1,1,"DISPLAY_NAME_UNRESOLVED",89,MEDIUM
3900643,"","Valdeci Basílio",IDENTITY_FRAGMENT,Contracted,5961,64,335,"Santos FC",64,335,"Santos FC",False,574,2004,2004-12-31,Defined,365,2004,,,2,1,"DISPLAY_NAME_UNRESOLVED",89,MEDIUM
316680,"","Wellington Carlos",IDENTITY_FRAGMENT,Contracted,3425,64,335,"Santos FC",64,335,"Santos FC",False,87,2004,2006-01-31,Defined,30,2006,,,2,1,"DISPLAY_NAME_UNRESOLVED",89,MEDIUM
316642,"","William Júnior",IDENTITY_FRAGMENT,Contracted,3407,64,335,"Santos FC",64,335,"Santos FC",False,538,2002,2005-01-31,Defined,30,2005,,,2,1,"DISPLAY_NAME_UNRESOLVED",89,MEDIUM
3801617,"","Zago",IDENTITY_FRAGMENT,Contracted,5925,64,335,"Santos FC",64,335,"Santos FC",False,3371,2004,2005-01-31,Defined,30,2005,,,2,1,"DISPLAY_NAME_UNRESOLVED",89,MEDIUM
8832879,"","Zatta",IDENTITY_FRAGMENT,Contracted,7217,64,335,"Santos FC",64,335,"Santos FC",False,85,2004,2005-01-31,Defined,30,2005,,,2,1,"DISPLAY_NAME_UNRESOLVED",89,MEDIUM
8825876,"","Conte",IDENTITY_FRAGMENT,Contracted,6815,890,302142,"São Bento (SP)",890,302142,"São Bento (SP)",False,250,2001,2008-01-31,Defined,30,2008,,,2,1,"DISPLAY_NAME_UNRESOLVED",89,MEDIUM
317531,"","Marcos Henrique",IDENTITY_FRAGMENT,Contracted,3740,821,301253,"São Cristóvão (RJ)",821,301253,"São Cristóvão (RJ)",False,321,2001,2006-01-31,Defined,30,2006,,,2,1,"DISPLAY_NAME_UNRESOLVED",89,MEDIUM
308313,"","Toninho Barroso",IDENTITY_FRAGMENT,Contracted,1900,821,301253,"São Cristóvão (RJ)",821,301253,"São Cristóvão (RJ)",False,250,2001,2009-01-31,Defined,30,2009,,,1,1,"DISPLAY_NAME_UNRESOLVED",89,MEDIUM
304879,"","da Silva Medeiros",IDENTITY_FRAGMENT,Contracted,1276,971,309635,"São Gonçalo FC",971,309635,"São Gonçalo FC",False,250,2001,2008-01-31,Defined,30,2008,,,1,1,"DISPLAY_NAME_UNRESOLVED",89,MEDIUM
312229,"","Eduardo João",IDENTITY_FRAGMENT,Contracted,2529,971,309635,"São Gonçalo FC",971,309635,"São Gonçalo FC",False,75,2001,2006-01-31,Defined,30,2006,,,2,1,"DISPLAY_NAME_UNRESOLVED",89,MEDIUM
312231,"","Jorge Mardônio",IDENTITY_FRAGMENT,Contracted,2530,971,309635,"São Gonçalo FC",971,309635,"São Gonçalo FC",False,389,2001,2006-01-31,Defined,30,2006,,,1,1,"DISPLAY_NAME_UNRESOLVED",89,MEDIUM
312227,"","Renato Paulo",IDENTITY_FRAGMENT,Contracted,2528,971,309635,"São Gonçalo FC",971,309635,"São Gonçalo FC",False,389,2001,2006-01-31,Defined,30,2006,,,2,1,"DISPLAY_NAME_UNRESOLVED",89,MEDIUM
312203,"","Rubemar",IDENTITY_FRAGMENT,Contracted,2524,971,309635,"São Gonçalo FC",971,309635,"São Gonçalo FC",False,100,2001,2009-01-31,Defined,30,2009,,,2,1,"DISPLAY_NAME_UNRESOLVED",89,MEDIUM
8832979,"","André Roberto",IDENTITY_FRAGMENT,Contracted,7290,837,301284,"São José (RS)",837,301284,"São José (RS)",False,489,2001,2006-01-31,Defined,30,2006,,,1,1,"DISPLAY_NAME_UNRESOLVED",89,MEDIUM
310791,"","Racinoski Matias",IDENTITY_FRAGMENT,Contracted,2113,837,301284,"São José (RS)",837,301284,"São José (RS)",False,205,2001,2005-01-31,Defined,30,2005,,,2,1,"DISPLAY_NAME_UNRESOLVED",89,MEDIUM
304827,"","Alexandre Alberto",IDENTITY_FRAGMENT,Contracted,1263,873,301356,"São José (SP)",873,301356,"São José (SP)",False,97,2001,2006-01-31,Defined,30,2006,,,2,1,"DISPLAY_NAME_UNRESOLVED",89,MEDIUM
304837,"","Edson Pezinho",IDENTITY_FRAGMENT,Contracted,1268,873,301356,"São José (SP)",873,301356,"São José (SP)",False,255,2001,2005-01-31,Defined,30,2005,,,1,1,"DISPLAY_NAME_UNRESOLVED",89,MEDIUM
3300137,"","Francisco César",IDENTITY_FRAGMENT,Contracted,5243,873,301356,"São José (SP)",873,301356,"São José (SP)",False,276,2003,2006-01-31,Defined,30,2006,,,2,1,"DISPLAY_NAME_UNRESOLVED",89,MEDIUM
303739,"","Vaguinho",IDENTITY_FRAGMENT,Contracted,967,873,301356,"São José (SP)",873,301356,"São José (SP)",False,254,2003,2005-01-31,Defined,30,2005,,,2,1,"DISPLAY_NAME_UNRESOLVED",89,MEDIUM
304371,"","Wilson Raimundo",IDENTITY_FRAGMENT,Contracted,1118,873,301356,"São José (SP)",873,301356,"São José (SP)",False,221,2003,2006-01-31,Defined,30,2006,,,2,1,"DISPLAY_NAME_UNRESOLVED",89,MEDIUM
317737,"","Alex Bruno",IDENTITY_FRAGMENT,Contracted,3769,66,337,"São Paulo FC",66,337,"São Paulo FC",False,284,2004,2008-08-02,Defined,214,2008,,,2,1,"DISPLAY_NAME_UNRESOLVED",89,MEDIUM
8830377,"","Alexandre Luís",IDENTITY_FRAGMENT,Contracted,7064,66,337,"São Paulo FC",66,337,"São Paulo FC",False,299,2003,2005-01-31,Defined,30,2005,,,2,1,"DISPLAY_NAME_UNRESOLVED",89,MEDIUM
306951,"","Alexis",IDENTITY_FRAGMENT,Contracted,1740,66,337,"São Paulo FC",66,337,"São Paulo FC",False,2850,2001,2007-01-31,Defined,30,2007,,,1,1,"DISPLAY_NAME_UNRESOLVED",89,MEDIUM
302426,"","Allan Patrick",IDENTITY_FRAGMENT,Contracted,801,66,337,"São Paulo FC",66,337,"São Paulo FC",False,206,2001,2006-01-31,Defined,30,2006,,,2,1,"DISPLAY_NAME_UNRESOLVED",89,MEDIUM
3300469,"","Alves de Azevedo",IDENTITY_FRAGMENT,Contracted,5372,66,337,"São Paulo FC",66,337,"São Paulo FC",False,601,2004,2006-01-31,Defined,30,2006,,,2,1,"DISPLAY_NAME_UNRESOLVED",89,MEDIUM
308346,"","Amorim Hoffmann",IDENTITY_FRAGMENT,Contracted,1914,66,337,"São Paulo FC",66,337,"São Paulo FC",False,96,2001,2005-12-31,Defined,364,2005,,,2,1,"DISPLAY_NAME_UNRESOLVED",89,MEDIUM
316509,"","Avante de Luzia",IDENTITY_FRAGMENT,Contracted,3305,66,337,"São Paulo FC",66,337,"São Paulo FC",False,76,2001,2005-01-31,Defined,30,2005,,,2,1,"DISPLAY_NAME_UNRESOLVED",89,MEDIUM
311301,"","Batista Libânio",IDENTITY_FRAGMENT,Contracted,2344,66,337,"São Paulo FC",66,337,"São Paulo FC",False,4197,2004,2006-12-31,Defined,364,2006,,,1,1,"DISPLAY_NAME_UNRESOLVED",89,MEDIUM
8832882,"","Carpinelle",IDENTITY_FRAGMENT,FormationContract,7220,66,337,"São Paulo FC",66,337,"São Paulo FC",False,42,2004,,NotDefined,1,1900,,,2,1,"SENTINEL_END_DATE|DISPLAY_NAME_UNRESOLVED",89,MEDIUM
3300977,"","Ceni",IDENTITY_FRAGMENT,Contracted,5555,66,337,"São Paulo FC",66,337,"São Paulo FC",False,4000,1991,2008-07-31,Defined,212,2008,,,2,1,"DISPLAY_NAME_UNRESOLVED",89,MEDIUM
3301221,"","Danilo Gabriel",IDENTITY_FRAGMENT,Contracted,5671,66,337,"São Paulo FC",66,337,"São Paulo FC",False,580,2004,2007-12-31,Defined,364,2007,,,2,1,"DISPLAY_NAME_UNRESOLVED",89,MEDIUM
3300310,"","de Cézare",IDENTITY_FRAGMENT,Contracted,5322,66,337,"São Paulo FC",66,337,"São Paulo FC",False,500,2004,2006-01-31,Defined,30,2006,,,2,1,"DISPLAY_NAME_UNRESOLVED",89,MEDIUM
316497,"","de Morais Conceição",IDENTITY_FRAGMENT,Contracted,3294,66,337,"São Paulo FC",66,337,"São Paulo FC",False,76,2001,2006-01-31,Defined,30,2006,,,2,1,"DISPLAY_NAME_UNRESOLVED",89,MEDIUM
316498,"","Diogo José",IDENTITY_FRAGMENT,Contracted,3295,66,337,"São Paulo FC",66,337,"São Paulo FC",False,95,2001,2006-01-31,Defined,30,2006,,,2,1,"DISPLAY_NAME_UNRESOLVED",89,MEDIUM
311925,"","Dorvalino",IDENTITY_FRAGMENT,Contracted,2485,66,337,"São Paulo FC",66,337,"São Paulo FC",False,687,2001,2006-01-31,Defined,30,2006,,,2,1,"DISPLAY_NAME_UNRESOLVED",89,MEDIUM
317941,"","Edcarlos",IDENTITY_FRAGMENT,Contracted,3795,66,337,"São Paulo FC",66,337,"São Paulo FC",False,301,2004,2008-05-31,Defined,151,2008,,,2,1,"DISPLAY_NAME_UNRESOLVED",89,MEDIUM
316499,"","Eduardo Paulo",IDENTITY_FRAGMENT,Contracted,3296,66,337,"São Paulo FC",66,337,"São Paulo FC",False,76,2001,2005-01-31,Defined,30,2005,,,2,1,"DISPLAY_NAME_UNRESOLVED",89,MEDIUM
3301508,"","Ferreira Silvestre",IDENTITY_FRAGMENT,Contracted,5785,66,337,"São Paulo FC",66,337,"São Paulo FC",False,459,2003,2004-12-31,Defined,365,2004,,,2,1,"DISPLAY_NAME_UNRESOLVED",89,MEDIUM
8834917,"","Flávio Donizeti",IDENTITY_FRAGMENT,OnLoan,7633,59,330,"Paraná C",66,337,"São Paulo FC",True,161,2001,2005-01-31,Defined,30,2005,161,2004-12-31,2,2,"DISPLAY_NAME_UNRESOLVED",97,HIGH
3300331,"","Flávio Roberto",IDENTITY_FRAGMENT,OnLoan,5330,569,107208,"Avaí FC",66,337,"São Paulo FC",True,134,2001,2005-12-31,Defined,364,2005,134,2005-12-31,2,2,"DISPLAY_NAME_UNRESOLVED",97,HIGH
302465,"","Gerlin da Silva",IDENTITY_FRAGMENT,Contracted,811,66,337,"São Paulo FC",66,337,"São Paulo FC",False,676,2002,2005-01-31,Defined,30,2005,,,2,1,"DISPLAY_NAME_UNRESOLVED",89,MEDIUM
8832565,"","Gonzaga Leal",IDENTITY_FRAGMENT,Contracted,7117,66,337,"São Paulo FC",66,337,"São Paulo FC",False,76,2001,2005-01-31,Defined,30,2005,,,2,1,"DISPLAY_NAME_UNRESOLVED",89,MEDIUM
8832883,"","Jackson Henrique",IDENTITY_FRAGMENT,FormationContract,7221,66,337,"São Paulo FC",66,337,"São Paulo FC",False,42,2004,,NotDefined,1,1900,,,2,1,"SENTINEL_END_DATE|DISPLAY_NAME_UNRESOLVED",89,MEDIUM
3300061,"","Jenílson Ângelo",IDENTITY_FRAGMENT,Contracted,5230,66,337,"São Paulo FC",66,337,"São Paulo FC",False,16250,2004,2006-01-31,Defined,30,2006,,,2,1,"DISPLAY_NAME_UNRESOLVED",89,MEDIUM
316501,"","Joaquim Cosme",IDENTITY_FRAGMENT,Contracted,3297,66,337,"São Paulo FC",66,337,"São Paulo FC",False,76,2001,2006-01-31,Defined,30,2006,,,2,1,"DISPLAY_NAME_UNRESOLVED",89,MEDIUM
302467,"","José Henrique",IDENTITY_FRAGMENT,Contracted,812,66,337,"São Paulo FC",66,337,"São Paulo FC",False,96,2001,2006-01-31,Defined,30,2006,,,2,1,"DISPLAY_NAME_UNRESOLVED",89,MEDIUM
8832884,"","José Leonardo",IDENTITY_FRAGMENT,FormationContract,7222,66,337,"São Paulo FC",66,337,"São Paulo FC",False,39,2004,,NotDefined,1,1900,,,2,1,"SENTINEL_END_DATE|DISPLAY_NAME_UNRESOLVED",89,MEDIUM
3301338,"","Josenildo Caetano",IDENTITY_FRAGMENT,Contracted,5738,66,337,"São Paulo FC",66,337,"São Paulo FC",False,3871,2004,2006-01-31,Defined,30,2006,,,2,1,"DISPLAY_NAME_UNRESOLVED",89,MEDIUM
8830375,"","Lamounier",IDENTITY_FRAGMENT,Contracted,7062,66,337,"São Paulo FC",66,337,"São Paulo FC",False,900,2001,2008-01-31,Defined,30,2008,,,2,1,"DISPLAY_NAME_UNRESOLVED",89,MEDIUM
317216,"","Landgraf das Neves",IDENTITY_FRAGMENT,Contracted,3642,66,337,"São Paulo FC",66,337,"São Paulo FC",False,43,2001,2005-01-31,Defined,30,2005,,,2,1,"DISPLAY_NAME_UNRESOLVED",89,MEDIUM
302468,"","Leandro Alves",IDENTITY_FRAGMENT,Contracted,813,66,337,"São Paulo FC",66,337,"São Paulo FC",False,94,2001,2006-01-31,Defined,30,2006,,,2,1,"DISPLAY_NAME_UNRESOLVED",89,MEDIUM
320303,"","Lopes de Farias",IDENTITY_FRAGMENT,Contracted,4272,66,337,"São Paulo FC",66,337,"São Paulo FC",False,76,2001,2005-01-31,Defined,30,2005,,,2,1,"DISPLAY_NAME_UNRESOLVED",89,MEDIUM
3300308,"","Macedo da Silva",IDENTITY_FRAGMENT,Contracted,5320,66,337,"São Paulo FC",66,337,"São Paulo FC",False,579,2004,2006-01-31,Defined,30,2006,,,1,1,"DISPLAY_NAME_UNRESOLVED",89,MEDIUM
302469,"","Marcos Vicente",IDENTITY_FRAGMENT,OnLoan,814,59,330,"Paraná C",66,337,"São Paulo FC",True,936,2002,2006-01-31,Defined,30,2006,936,2004-06-30,2,2,"DISPLAY_NAME_UNRESOLVED",97,HIGH
8835230,"","Marinaldo Cícero",IDENTITY_FRAGMENT,Contracted,7787,66,337,"São Paulo FC",66,337,"São Paulo FC",False,76,2003,2008-07-14,Defined,195,2008,,,2,1,"DISPLAY_NAME_UNRESOLVED",89,MEDIUM
316507,"","Marquém",IDENTITY_FRAGMENT,Contracted,3303,66,337,"São Paulo FC",66,337,"São Paulo FC",False,98,2001,2005-01-31,Defined,30,2005,,,2,1,"DISPLAY_NAME_UNRESOLVED",89,MEDIUM
316502,"","Pinto Celino",IDENTITY_FRAGMENT,Contracted,3298,66,337,"São Paulo FC",66,337,"São Paulo FC",False,76,2001,2006-01-31,Defined,30,2006,,,2,1,"DISPLAY_NAME_UNRESOLVED",89,MEDIUM
319756,"","Pires de Camargo",IDENTITY_FRAGMENT,Contracted,4191,66,337,"São Paulo FC",66,337,"São Paulo FC",False,510,2001,2008-01-31,Defined,30,2008,,,1,1,"DISPLAY_NAME_UNRESOLVED",89,MEDIUM
311211,"","Portella Carneiro",IDENTITY_FRAGMENT,Contracted,2310,66,337,"São Paulo FC",66,337,"São Paulo FC",False,900,2001,2009-01-31,Defined,30,2009,,,1,1,"DISPLAY_NAME_UNRESOLVED",89,MEDIUM
304822,"","Ramalho Carvalho de Freitas",IDENTITY_FRAGMENT,OnLoan,1260,871,301352,"EC Santo André",66,337,"São Paulo FC",True,610,2003,2007-12-31,Defined,364,2007,610,2004-12-31,1,2,"DISPLAY_NAME_UNRESOLVED",97,HIGH
316512,"","Richard",IDENTITY_FRAGMENT,Contracted,3307,66,337,"São Paulo FC",66,337,"São Paulo FC",False,76,2001,2006-01-31,Defined,30,2006,,,2,1,"DISPLAY_NAME_UNRESOLVED",89,MEDIUM
307440,"","Roger José",IDENTITY_FRAGMENT,Contracted,1853,66,337,"São Paulo FC",66,337,"São Paulo FC",False,319,2001,2005-01-31,Defined,30,2005,,,2,1,"DISPLAY_NAME_UNRESOLVED",89,MEDIUM
775575,"","Rossi Silva",IDENTITY_FRAGMENT,Contracted,4733,66,337,"São Paulo FC",66,337,"São Paulo FC",False,107,2001,2005-01-23,Defined,22,2005,,,2,1,"DISPLAY_NAME_UNRESOLVED",89,MEDIUM
106987,"","Sampaio Campos",IDENTITY_FRAGMENT,Contracted,494,66,337,"São Paulo FC",66,337,"São Paulo FC",False,1068,2004,2005-01-31,Defined,30,2005,,,2,1,"DISPLAY_NAME_UNRESOLVED",89,MEDIUM
311209,"","Sanchez",IDENTITY_FRAGMENT,Contracted,2308,66,337,"São Paulo FC",66,337,"São Paulo FC",False,600,2001,2007-01-31,Defined,30,2007,,,1,1,"DISPLAY_NAME_UNRESOLVED",89,MEDIUM
317304,"","Santa Rita da Silva",IDENTITY_FRAGMENT,Contracted,3691,66,337,"São Paulo FC",66,337,"São Paulo FC",False,75,2001,2005-01-31,Defined,30,2005,,,2,1,"DISPLAY_NAME_UNRESOLVED",89,MEDIUM
8825880,"","Santos Romeu",IDENTITY_FRAGMENT,Contracted,6817,66,337,"São Paulo FC",66,337,"São Paulo FC",False,313,2001,2005-01-31,Defined,30,2005,,,2,1,"DISPLAY_NAME_UNRESOLVED",89,MEDIUM
316514,"","Sasaki",IDENTITY_FRAGMENT,Contracted,3309,66,337,"São Paulo FC",66,337,"São Paulo FC",False,600,2001,2007-01-31,Defined,30,2007,,,2,1,"DISPLAY_NAME_UNRESOLVED",89,MEDIUM
316504,"","Silveira Zaragosa",IDENTITY_FRAGMENT,Contracted,3300,66,337,"São Paulo FC",66,337,"São Paulo FC",False,500,2001,2006-01-31,Defined,30,2006,,,2,1,"DISPLAY_NAME_UNRESOLVED",89,MEDIUM
316954,"","Souza do Rego",IDENTITY_FRAGMENT,Contracted,3515,66,337,"São Paulo FC",66,337,"São Paulo FC",False,76,2001,2006-01-31,Defined,30,2006,,,1,1,"DISPLAY_NAME_UNRESOLVED",89,MEDIUM
8825510,"","Tardelli Martins",IDENTITY_FRAGMENT,Contracted,6771,66,337,"São Paulo FC",66,337,"São Paulo FC",False,100,2002,2007-12-31,Defined,364,2007,,,1,1,"DISPLAY_NAME_UNRESOLVED",89,MEDIUM
304037,"","Vélber Augusto",IDENTITY_FRAGMENT,Contracted,1027,66,337,"São Paulo FC",66,337,"São Paulo FC",False,903,2004,2007-12-31,Defined,364,2007,,,2,1,"DISPLAY_NAME_UNRESOLVED",89,MEDIUM
316508,"","Versolato Júnior",IDENTITY_FRAGMENT,Contracted,3304,66,337,"São Paulo FC",66,337,"São Paulo FC",False,203,2001,2006-01-31,Defined,30,2006,,,2,1,"DISPLAY_NAME_UNRESOLVED",89,MEDIUM
8830376,"","Wether Thiers Charles",IDENTITY_FRAGMENT,Contracted,7063,66,337,"São Paulo FC",66,337,"São Paulo FC",False,100,2003,2008-06-30,Defined,181,2008,,,2,1,"DISPLAY_NAME_UNRESOLVED",89,MEDIUM
305972,"","Ademir Rogério",IDENTITY_FRAGMENT,Contracted,1490,746,301111,"São Raimundo EC (AM)",746,301111,"São Raimundo EC (AM)",False,397,2001,2006-01-31,Defined,30,2006,,,2,1,"DISPLAY_NAME_UNRESOLVED",89,MEDIUM
8833644,"","Anderson Clayton",IDENTITY_FRAGMENT,Contracted,7495,746,301111,"São Raimundo EC (AM)",746,301111,"São Raimundo EC (AM)",False,30,2001,2005-01-31,Defined,30,2005,,,2,1,"DISPLAY_NAME_UNRESOLVED",89,MEDIUM
8833631,"","Cardoso Ferreira",IDENTITY_FRAGMENT,Contracted,7483,746,301111,"São Raimundo EC (AM)",746,301111,"São Raimundo EC (AM)",False,137,2004,2007-01-05,Defined,4,2007,,,2,1,"DISPLAY_NAME_UNRESOLVED",89,MEDIUM
305978,"","Carlos Marcelo Luiz",IDENTITY_FRAGMENT,Contracted,1495,746,301111,"São Raimundo EC (AM)",746,301111,"São Raimundo EC (AM)",False,590,2003,2005-01-31,Defined,30,2005,,,2,1,"DISPLAY_NAME_UNRESOLVED",89,MEDIUM
8428665,"","Carrocieri da Silva",IDENTITY_FRAGMENT,Contracted,6678,746,301111,"São Raimundo EC (AM)",746,301111,"São Raimundo EC (AM)",False,534,2004,2006-01-31,Defined,30,2006,,,1,1,"DISPLAY_NAME_UNRESOLVED",89,MEDIUM
315663,"","Cleitinho",IDENTITY_FRAGMENT,Contracted,2892,746,301111,"São Raimundo EC (AM)",746,301111,"São Raimundo EC (AM)",False,320,2003,2006-01-31,Defined,30,2006,,,2,1,"DISPLAY_NAME_UNRESOLVED",89,MEDIUM
321164,"","Costa Santos",IDENTITY_FRAGMENT,Contracted,4426,746,301111,"São Raimundo EC (AM)",746,301111,"São Raimundo EC (AM)",False,260,2001,2006-01-31,Defined,30,2006,,,2,1,"DISPLAY_NAME_UNRESOLVED",89,MEDIUM
305974,"","Custódio de Oliveira",IDENTITY_FRAGMENT,Contracted,1492,746,301111,"São Raimundo EC (AM)",746,301111,"São Raimundo EC (AM)",False,192,2001,2005-01-31,Defined,30,2005,,,2,1,"DISPLAY_NAME_UNRESOLVED",89,MEDIUM
309658,"","da Silva Bento",IDENTITY_FRAGMENT,Contracted,2020,746,301111,"São Raimundo EC (AM)",746,301111,"São Raimundo EC (AM)",False,145,2001,2005-01-31,Defined,30,2005,,,2,1,"DISPLAY_NAME_UNRESOLVED",89,MEDIUM
305977,"","da Silva Bruce",IDENTITY_FRAGMENT,Contracted,1494,746,301111,"São Raimundo EC (AM)",746,301111,"São Raimundo EC (AM)",False,470,2004,2004-06-30,Defined,181,2004,,,2,1,"DISPLAY_NAME_UNRESOLVED",89,MEDIUM
309665,"","de Souza Siqueira",IDENTITY_FRAGMENT,Contracted,2023,746,301111,"São Raimundo EC (AM)",746,301111,"São Raimundo EC (AM)",False,75,2001,2009-01-31,Defined,30,2009,,,1,1,"DISPLAY_NAME_UNRESOLVED",89,MEDIUM
305975,"","Delmo Arcángelo",IDENTITY_FRAGMENT,Contracted,1493,746,301111,"São Raimundo EC (AM)",746,301111,"São Raimundo EC (AM)",False,497,2004,2004-09-30,Defined,273,2004,,,2,1,"DISPLAY_NAME_UNRESOLVED",89,MEDIUM
8833636,"","Denis Wylysthon",IDENTITY_FRAGMENT,Contracted,7487,746,301111,"São Raimundo EC (AM)",746,301111,"São Raimundo EC (AM)",False,159,2001,2005-01-31,Defined,30,2005,,,2,1,"DISPLAY_NAME_UNRESOLVED",89,MEDIUM
321162,"","Dorival",IDENTITY_FRAGMENT,Contracted,4425,746,301111,"São Raimundo EC (AM)",746,301111,"São Raimundo EC (AM)",False,323,2004,2004-09-30,Defined,273,2004,,,2,1,"DISPLAY_NAME_UNRESOLVED",89,MEDIUM
8833641,"","dos Santos Barroso",IDENTITY_FRAGMENT,Contracted,7492,746,301111,"São Raimundo EC (AM)",746,301111,"São Raimundo EC (AM)",False,141,2001,2006-01-31,Defined,30,2006,,,2,1,"DISPLAY_NAME_UNRESOLVED",89,MEDIUM
8833633,"","Edglê",IDENTITY_FRAGMENT,OnLoan,7484,744,301108,"Nacional FC (AM)",746,301111,"São Raimundo EC (AM)",True,359,2001,2006-01-31,Defined,30,2006,359,2004-12-31,2,2,"DISPLAY_NAME_UNRESOLVED",97,HIGH
8833634,"","Elon",IDENTITY_FRAGMENT,Contracted,7485,746,301111,"São Raimundo EC (AM)",746,301111,"São Raimundo EC (AM)",False,237,2004,2007-01-05,Defined,4,2007,,,2,1,"DISPLAY_NAME_UNRESOLVED",89,MEDIUM
309664,"","Fernandes",IDENTITY_FRAGMENT,Contracted,2022,746,301111,"São Raimundo EC (AM)",746,301111,"São Raimundo EC (AM)",False,75,2001,2007-01-31,Defined,30,2007,,,1,1,"DISPLAY_NAME_UNRESOLVED",89,MEDIUM
3300695,"","Flávio Augusto",IDENTITY_FRAGMENT,Contracted,5440,746,301111,"São Raimundo EC (AM)",746,301111,"São Raimundo EC (AM)",False,282,2004,2004-09-30,Defined,273,2004,,,2,1,"DISPLAY_NAME_UNRESOLVED",89,MEDIUM
309666,"","Galvão do Nascimento",IDENTITY_FRAGMENT,Contracted,2024,746,301111,"São Raimundo EC (AM)",746,301111,"São Raimundo EC (AM)",False,573,2001,2007-01-31,Defined,30,2007,,,1,1,"DISPLAY_NAME_UNRESOLVED",89,MEDIUM
305961,"","Gílson Iúna",IDENTITY_FRAGMENT,Contracted,1485,746,301111,"São Raimundo EC (AM)",746,301111,"São Raimundo EC (AM)",False,135,2001,2005-01-31,Defined,30,2005,,,2,1,"DISPLAY_NAME_UNRESOLVED",89,MEDIUM
305973,"","Gomes Fagundes",IDENTITY_FRAGMENT,Contracted,1491,746,301111,"São Raimundo EC (AM)",746,301111,"São Raimundo EC (AM)",False,286,2004,2004-09-30,Defined,273,2004,,,2,1,"DISPLAY_NAME_UNRESOLVED",89,MEDIUM
305971,"","José Edivan",IDENTITY_FRAGMENT,Contracted,1489,746,301111,"São Raimundo EC (AM)",746,301111,"São Raimundo EC (AM)",False,380,2001,2006-01-31,Defined,30,2006,,,2,1,"DISPLAY_NAME_UNRESOLVED",89,MEDIUM
305969,"","Julião Antônio",IDENTITY_FRAGMENT,Contracted,1487,746,301111,"São Raimundo EC (AM)",746,301111,"São Raimundo EC (AM)",False,355,2001,2006-01-31,Defined,30,2006,,,2,1,"DISPLAY_NAME_UNRESOLVED",89,MEDIUM
8833640,"","Lemes da Costa",IDENTITY_FRAGMENT,Contracted,7491,746,301111,"São Raimundo EC (AM)",746,301111,"São Raimundo EC (AM)",False,103,2001,2005-01-31,Defined,30,2005,,,2,1,"DISPLAY_NAME_UNRESOLVED",89,MEDIUM
321167,"","Libóio Vieira",IDENTITY_FRAGMENT,Contracted,4429,746,301111,"São Raimundo EC (AM)",746,301111,"São Raimundo EC (AM)",False,207,2001,2006-01-31,Defined,30,2006,,,2,1,"DISPLAY_NAME_UNRESOLVED",89,MEDIUM
7004813,"","Luíca",IDENTITY_FRAGMENT,Contracted,6587,746,301111,"São Raimundo EC (AM)",746,301111,"São Raimundo EC (AM)",False,319,2004,2006-01-31,Defined,30,2006,,,2,1,"DISPLAY_NAME_UNRESOLVED",89,MEDIUM
321168,"","Monteiro de Melo",IDENTITY_FRAGMENT,Contracted,4430,746,301111,"São Raimundo EC (AM)",746,301111,"São Raimundo EC (AM)",False,395,2001,2006-01-31,Defined,30,2006,,,2,1,"DISPLAY_NAME_UNRESOLVED",89,MEDIUM
8833643,"","Niélson",IDENTITY_FRAGMENT,Contracted,7494,746,301111,"São Raimundo EC (AM)",746,301111,"São Raimundo EC (AM)",False,166,2001,2005-01-31,Defined,30,2005,,,2,1,"DISPLAY_NAME_UNRESOLVED",89,MEDIUM
8833639,"","Oliveira Maciel",IDENTITY_FRAGMENT,Contracted,7490,746,301111,"São Raimundo EC (AM)",746,301111,"São Raimundo EC (AM)",False,136,2001,2005-01-31,Defined,30,2005,,,2,1,"DISPLAY_NAME_UNRESOLVED",89,MEDIUM
8833635,"","Pereira Nascimento",IDENTITY_FRAGMENT,Contracted,7486,746,301111,"São Raimundo EC (AM)",746,301111,"São Raimundo EC (AM)",False,367,2001,2006-01-31,Defined,30,2006,,,2,1,"DISPLAY_NAME_UNRESOLVED",89,MEDIUM
8833638,"","Róbson Rafael",IDENTITY_FRAGMENT,FormationContract,7489,746,301111,"São Raimundo EC (AM)",746,301111,"São Raimundo EC (AM)",False,30,2001,,NotDefined,1,1900,,,2,1,"SENTINEL_END_DATE|DISPLAY_NAME_UNRESOLVED",89,MEDIUM
305958,"","Sperry",IDENTITY_FRAGMENT,Contracted,1483,746,301111,"São Raimundo EC (AM)",746,301111,"São Raimundo EC (AM)",False,100,2001,2007-01-31,Defined,30,2007,,,2,1,"DISPLAY_NAME_UNRESOLVED",89,MEDIUM
320235,"","Stanley",IDENTITY_FRAGMENT,Contracted,4235,746,301111,"São Raimundo EC (AM)",746,301111,"São Raimundo EC (AM)",False,75,2004,2008-12-31,Defined,365,2008,,,2,1,"DISPLAY_NAME_UNRESOLVED",89,MEDIUM
8833645,"","Tavares da Cunha",IDENTITY_FRAGMENT,FormationContract,7496,746,301111,"São Raimundo EC (AM)",746,301111,"São Raimundo EC (AM)",False,30,2001,,NotDefined,1,1900,,,1,1,"SENTINEL_END_DATE|DISPLAY_NAME_UNRESOLVED",89,MEDIUM
321166,"","Thompson François",IDENTITY_FRAGMENT,Contracted,4428,746,301111,"São Raimundo EC (AM)",746,301111,"São Raimundo EC (AM)",False,173,2001,2006-01-31,Defined,30,2006,,,2,1,"DISPLAY_NAME_UNRESOLVED",89,MEDIUM
311725,"","Vidinha Gomes",IDENTITY_FRAGMENT,Contracted,2423,746,301111,"São Raimundo EC (AM)",746,301111,"São Raimundo EC (AM)",False,206,2004,2006-01-31,Defined,30,2006,,,1,1,"DISPLAY_NAME_UNRESOLVED",89,MEDIUM
320234,"","Weber Mark",IDENTITY_FRAGMENT,Contracted,4234,746,301111,"São Raimundo EC (AM)",746,301111,"São Raimundo EC (AM)",False,75,2004,2008-12-31,Defined,365,2008,,,2,1,"DISPLAY_NAME_UNRESOLVED",89,MEDIUM
306586,"","Zé Rebite",IDENTITY_FRAGMENT,Contracted,1656,746,301111,"São Raimundo EC (AM)",746,301111,"São Raimundo EC (AM)",False,231,2004,2004-09-30,Defined,273,2004,,,2,1,"DISPLAY_NAME_UNRESOLVED",89,MEDIUM
3300007,"","Antonio Geder",IDENTITY_FRAGMENT,Contracted,5222,645,130497,"Saturn Moskovskaya Oblast",645,130497,"Saturn Moskovskaya Oblast",False,1580,2003,2005-12-15,Defined,348,2005,,,2,1,"DISPLAY_NAME_UNRESOLVED",89,MEDIUM
302462,"","Ferreira Narde",IDENTITY_FRAGMENT,Contracted,808,645,130497,"Saturn Moskovskaya Oblast",645,130497,"Saturn Moskovskaya Oblast",False,1569,2004,2006-01-31,Defined,30,2006,,,2,1,"DISPLAY_NAME_UNRESOLVED",89,MEDIUM
3301114,"","Regis",IDENTITY_FRAGMENT,Contracted,5612,645,130497,"Saturn Moskovskaya Oblast",645,130497,"Saturn Moskovskaya Oblast",False,1283,2003,2006-06-30,Defined,180,2006,,,2,1,"DISPLAY_NAME_UNRESOLVED",89,MEDIUM
319787,"","Adalberon",IDENTITY_FRAGMENT,Contracted,4215,909,303902,"SC Corinthians Alagoano",909,303902,"SC Corinthians Alagoano",False,75,2001,2007-01-31,Defined,30,2007,,,1,1,"DISPLAY_NAME_UNRESOLVED",89,MEDIUM
306904,"","Almir José",IDENTITY_FRAGMENT,Contracted,1721,909,303902,"SC Corinthians Alagoano",909,303902,"SC Corinthians Alagoano",False,765,2002,2006-01-31,Defined,30,2006,,,2,1,"DISPLAY_NAME_UNRESOLVED",89,MEDIUM
319775,"","Batista Donizete Burse",IDENTITY_FRAGMENT,Contracted,4204,909,303902,"SC Corinthians Alagoano",909,303902,"SC Corinthians Alagoano",False,92,2001,2006-01-31,Defined,30,2006,,,2,1,"DISPLAY_NAME_UNRESOLVED",89,MEDIUM
777229,"","Conceição Silva",IDENTITY_FRAGMENT,Contracted,4742,909,303902,"SC Corinthians Alagoano",909,303902,"SC Corinthians Alagoano",False,292,2003,2006-01-31,Defined,30,2006,,,1,1,"DISPLAY_NAME_UNRESOLVED",89,MEDIUM
319773,"","de Camargo Rossetti",IDENTITY_FRAGMENT,Contracted,4202,909,303902,"SC Corinthians Alagoano",909,303902,"SC Corinthians Alagoano",False,75,2001,2005-01-31,Defined,30,2005,,,2,1,"DISPLAY_NAME_UNRESOLVED",89,MEDIUM
319774,"","de Farias Muio",IDENTITY_FRAGMENT,Contracted,4203,909,303902,"SC Corinthians Alagoano",909,303902,"SC Corinthians Alagoano",False,214,2001,2006-01-31,Defined,30,2006,,,2,1,"DISPLAY_NAME_UNRESOLVED",89,MEDIUM
302222,"","de Jesús Carvalho",IDENTITY_FRAGMENT,Contracted,785,909,303902,"SC Corinthians Alagoano",909,303902,"SC Corinthians Alagoano",False,645,2003,2006-01-31,Defined,30,2006,,,1,1,"DISPLAY_NAME_UNRESOLVED",89,MEDIUM
319786,"","dos Santos Roberto",IDENTITY_FRAGMENT,Contracted,4214,909,303902,"SC Corinthians Alagoano",909,303902,"SC Corinthians Alagoano",False,75,2001,2005-01-31,Defined,30,2005,,,1,1,"DISPLAY_NAME_UNRESOLVED",89,MEDIUM
319776,"","Dutra Zanata",IDENTITY_FRAGMENT,Contracted,4205,909,303902,"SC Corinthians Alagoano",909,303902,"SC Corinthians Alagoano",False,75,2001,2006-01-31,Defined,30,2006,,,2,1,"DISPLAY_NAME_UNRESOLVED",89,MEDIUM
319784,"","Erivélton Alexandrino",IDENTITY_FRAGMENT,Contracted,4212,909,303902,"SC Corinthians Alagoano",909,303902,"SC Corinthians Alagoano",False,75,2001,2006-01-31,Defined,30,2006,,,2,1,"DISPLAY_NAME_UNRESOLVED",89,MEDIUM
319785,"","José Júlio",IDENTITY_FRAGMENT,Contracted,4213,909,303902,"SC Corinthians Alagoano",909,303902,"SC Corinthians Alagoano",False,75,2001,2005-01-31,Defined,30,2005,,,2,1,"DISPLAY_NAME_UNRESOLVED",89,MEDIUM
319777,"","José Robélio",IDENTITY_FRAGMENT,Contracted,4206,909,303902,"SC Corinthians Alagoano",909,303902,"SC Corinthians Alagoano",False,243,2001,2006-01-31,Defined,30,2006,,,2,1,"DISPLAY_NAME_UNRESOLVED",89,MEDIUM
319778,"","José Williamis",IDENTITY_FRAGMENT,Contracted,4207,909,303902,"SC Corinthians Alagoano",909,303902,"SC Corinthians Alagoano",False,204,2001,2006-01-31,Defined,30,2006,,,2,1,"DISPLAY_NAME_UNRESOLVED",89,MEDIUM
128739,"","Laélson",IDENTITY_FRAGMENT,Contracted,640,909,303902,"SC Corinthians Alagoano",909,303902,"SC Corinthians Alagoano",False,546,2001,2007-01-31,Defined,30,2007,,,2,1,"DISPLAY_NAME_UNRESOLVED",89,MEDIUM
319791,"","Nicolau",IDENTITY_FRAGMENT,Contracted,4219,909,303902,"SC Corinthians Alagoano",909,303902,"SC Corinthians Alagoano",False,100,2001,2009-01-31,Defined,30,2009,,,1,1,"DISPLAY_NAME_UNRESOLVED",89,MEDIUM
319781,"","Olberdam",IDENTITY_FRAGMENT,Contracted,4210,909,303902,"SC Corinthians Alagoano",909,303902,"SC Corinthians Alagoano",False,75,2001,2005-01-31,Defined,30,2005,,,2,1,"DISPLAY_NAME_UNRESOLVED",89,MEDIUM
306001,"","Patrício Lima",IDENTITY_FRAGMENT,Contracted,1498,909,303902,"SC Corinthians Alagoano",909,303902,"SC Corinthians Alagoano",False,370,2003,2006-01-31,Defined,30,2006,,,2,1,"DISPLAY_NAME_UNRESOLVED",89,MEDIUM
319780,"","Roberto Augusto",IDENTITY_FRAGMENT,Contracted,4209,909,303902,"SC Corinthians Alagoano",909,303902,"SC Corinthians Alagoano",False,294,2001,2005-01-31,Defined,30,2005,,,2,1,"DISPLAY_NAME_UNRESOLVED",89,MEDIUM
7960756,"","Rodrigo Gaúcho",IDENTITY_FRAGMENT,Contracted,6638,909,303902,"SC Corinthians Alagoano",909,303902,"SC Corinthians Alagoano",False,345,2003,2006-01-31,Defined,30,2006,,,2,1,"DISPLAY_NAME_UNRESOLVED",89,MEDIUM
319772,"","Souza Oliveira",IDENTITY_FRAGMENT,Contracted,4201,909,303902,"SC Corinthians Alagoano",909,303902,"SC Corinthians Alagoano",False,75,2001,2005-01-31,Defined,30,2005,,,2,1,"DISPLAY_NAME_UNRESOLVED",89,MEDIUM
320763,"","Adaílson",IDENTITY_FRAGMENT,Contracted,4369,48,319,"SC Corinthians Paulista",48,319,"SC Corinthians Paulista",False,82,2002,2005-09-21,Defined,263,2005,,,2,1,"DISPLAY_NAME_UNRESOLVED",89,MEDIUM
305715,"","Adenor Leonardo",IDENTITY_FRAGMENT,Contracted,1423,48,319,"SC Corinthians Paulista",48,319,"SC Corinthians Paulista",False,2662,2001,2008-01-31,Defined,30,2008,,,1,1,"DISPLAY_NAME_UNRESOLVED",89,MEDIUM
8826161,"","Alves de Assis Silva",IDENTITY_FRAGMENT,FormationContract,6819,48,319,"SC Corinthians Paulista",48,319,"SC Corinthians Paulista",False,126,2003,,NotDefined,1,1900,,,2,1,"SENTINEL_END_DATE|DISPLAY_NAME_UNRESOLVED",89,MEDIUM
310743,"","Alves Félix",IDENTITY_FRAGMENT,Contracted,2084,48,319,"SC Corinthians Paulista",48,319,"SC Corinthians Paulista",False,1500,2001,2005-12-31,Defined,364,2005,,,2,1,"DISPLAY_NAME_UNRESOLVED",89,MEDIUM
3300006,"","Alvim Maluf",IDENTITY_FRAGMENT,OnLoan,5221,469,2393,"Associação Académica de Coimbra",48,319,"SC Corinthians Paulista",True,1300,2003,2008-06-30,Defined,181,2008,1300,2004-12-31,2,2,"DISPLAY_NAME_UNRESOLVED",97,HIGH
302581,"","Anderson Cléber",IDENTITY_FRAGMENT,Contracted,829,48,319,"SC Corinthians Paulista",48,319,"SC Corinthians Paulista",False,410,2001,2006-01-31,Defined,30,2006,,,2,1,"DISPLAY_NAME_UNRESOLVED",89,MEDIUM
318180,"","Aparecido Elisbão",IDENTITY_FRAGMENT,Contracted,3856,48,319,"SC Corinthians Paulista",48,319,"SC Corinthians Paulista",False,75,2001,2005-01-31,Defined,30,2005,,,2,1,"DISPLAY_NAME_UNRESOLVED",89,MEDIUM
316584,"","Arnaldo Kelvin",IDENTITY_FRAGMENT,Contracted,3360,48,319,"SC Corinthians Paulista",48,319,"SC Corinthians Paulista",False,75,2001,2006-01-31,Defined,30,2006,,,2,1,"DISPLAY_NAME_UNRESOLVED",89,MEDIUM
8832889,"","Borges da Silva",IDENTITY_FRAGMENT,FormationContract,7227,48,319,"SC Corinthians Paulista",48,319,"SC Corinthians Paulista",False,33,2004,,NotDefined,1,1900,,,2,1,"SENTINEL_END_DATE|DISPLAY_NAME_UNRESOLVED",89,MEDIUM
308958,"","Cléber Márcio",IDENTITY_FRAGMENT,Contracted,1961,48,319,"SC Corinthians Paulista",48,319,"SC Corinthians Paulista",False,693,2001,2009-01-31,Defined,30,2009,,,1,1,"DISPLAY_NAME_UNRESOLVED",89,MEDIUM
8835232,"","Corrêa Piller Filho",IDENTITY_FRAGMENT,FormationContract,7789,48,319,"SC Corinthians Paulista",48,319,"SC Corinthians Paulista",False,32,2003,,NotDefined,1,1900,,,2,1,"SENTINEL_END_DATE|DISPLAY_NAME_UNRESOLVED",89,MEDIUM
320557,"","Cristiano Henrique",IDENTITY_FRAGMENT,FormationContract,4321,48,319,"SC Corinthians Paulista",48,319,"SC Corinthians Paulista",False,34,2001,,NotDefined,1,1900,,,2,1,"SENTINEL_END_DATE|DISPLAY_NAME_UNRESOLVED",89,MEDIUM
320773,"","da Silva e Sá",IDENTITY_FRAGMENT,Contracted,4375,48,319,"SC Corinthians Paulista",48,319,"SC Corinthians Paulista",False,57,2001,2005-01-31,Defined,30,2005,,,2,1,"DISPLAY_NAME_UNRESOLVED",89,MEDIUM
320556,"","Danilo Pedro",IDENTITY_FRAGMENT,FormationContract,4320,48,319,"SC Corinthians Paulista",48,319,"SC Corinthians Paulista",False,30,2001,,NotDefined,1,1900,,,2,1,"SENTINEL_END_DATE|DISPLAY_NAME_UNRESOLVED",89,MEDIUM
316588,"","de Souza Santos",IDENTITY_FRAGMENT,Contracted,3363,48,319,"SC Corinthians Paulista",48,319,"SC Corinthians Paulista",False,75,2001,2005-01-31,Defined,30,2005,,,2,1,"DISPLAY_NAME_UNRESOLVED",89,MEDIUM
8826162,"","Deyvison Rogério",IDENTITY_FRAGMENT,Contracted,6820,48,319,"SC Corinthians Paulista",48,319,"SC Corinthians Paulista",False,75,2001,2005-01-31,Defined,30,2005,,,1,1,"DISPLAY_NAME_UNRESOLVED",89,MEDIUM
320564,"","do Nascimento Cabral",IDENTITY_FRAGMENT,FormationContract,4328,48,319,"SC Corinthians Paulista",48,319,"SC Corinthians Paulista",False,33,2001,,NotDefined,1,1900,,,2,1,"SENTINEL_END_DATE|DISPLAY_NAME_UNRESOLVED",89,MEDIUM
312248,"","dos Santos Marinho",IDENTITY_FRAGMENT,Contracted,2534,48,319,"SC Corinthians Paulista",48,319,"SC Corinthians Paulista",False,75,2001,2005-01-31,Defined,30,2005,,,2,1,"DISPLAY_NAME_UNRESOLVED",89,MEDIUM
316714,"","dos Santos Silva",IDENTITY_FRAGMENT,OnLoan,3458,54,325,"Guarani FC",48,319,"SC Corinthians Paulista",True,266,2001,2006-01-31,Defined,30,2006,266,2004-12-31,2,2,"DISPLAY_NAME_UNRESOLVED",97,HIGH
319212,"","Dyego",IDENTITY_FRAGMENT,Contracted,3979,48,319,"SC Corinthians Paulista",48,319,"SC Corinthians Paulista",False,333,2001,2006-01-31,Defined,30,2006,,,2,1,"DISPLAY_NAME_UNRESOLVED",89,MEDIUM
316583,"","Ebert William",IDENTITY_FRAGMENT,Contracted,3359,48,319,"SC Corinthians Paulista",48,319,"SC Corinthians Paulista",False,75,2003,2007-12-31,Defined,364,2007,,,2,1,"DISPLAY_NAME_UNRESOLVED",89,MEDIUM
316808,"","Ednei",IDENTITY_FRAGMENT,Contracted,3510,48,319,"SC Corinthians Paulista",48,319,"SC Corinthians Paulista",False,249,2004,2006-01-31,Defined,30,2006,,,1,1,"DISPLAY_NAME_UNRESOLVED",89,MEDIUM
316806,"","Édson Feliciano",IDENTITY_FRAGMENT,Contracted,3509,48,319,"SC Corinthians Paulista",48,319,"SC Corinthians Paulista",False,75,2001,2006-01-31,Defined,30,2006,,,2,1,"DISPLAY_NAME_UNRESOLVED",89,MEDIUM
8835236,"","Élton José",IDENTITY_FRAGMENT,Contracted,7793,48,319,"SC Corinthians Paulista",48,319,"SC Corinthians Paulista",False,56,2002,2005-01-31,Defined,30,2005,,,1,1,"DISPLAY_NAME_UNRESOLVED",89,MEDIUM
320775,"","Ermogénes",IDENTITY_FRAGMENT,Contracted,4377,48,319,"SC Corinthians Paulista",48,319,"SC Corinthians Paulista",False,57,2001,2005-01-31,Defined,30,2005,,,2,1,"DISPLAY_NAME_UNRESOLVED",89,MEDIUM
310932,"","Ferreti",IDENTITY_FRAGMENT,Contracted,2161,48,319,"SC Corinthians Paulista",48,319,"SC Corinthians Paulista",False,75,2001,2006-01-31,Defined,30,2006,,,1,1,"DISPLAY_NAME_UNRESOLVED",89,MEDIUM
8835235,"","Freire dos Santos",IDENTITY_FRAGMENT,Contracted,7792,48,319,"SC Corinthians Paulista",48,319,"SC Corinthians Paulista",False,34,2003,2007-01-01,Defined,0,2007,,,2,1,"DISPLAY_NAME_UNRESOLVED",89,MEDIUM
3301279,"","Garcia Leal",IDENTITY_FRAGMENT,OnLoan,5704,872,301354,"AD São Caetano",48,319,"SC Corinthians Paulista",True,458,2003,2006-01-31,Defined,30,2006,458,2004-12-31,2,2,"DISPLAY_NAME_UNRESOLVED",97,HIGH
8830416,"","Henrymárcio",IDENTITY_FRAGMENT,Contracted,7066,48,319,"SC Corinthians Paulista",48,319,"SC Corinthians Paulista",False,989,2001,2009-01-31,Defined,30,2009,,,1,1,"DISPLAY_NAME_UNRESOLVED",89,MEDIUM
320575,"","João Aristídes",IDENTITY_FRAGMENT,FormationContract,4338,48,319,"SC Corinthians Paulista",48,319,"SC Corinthians Paulista",False,31,2001,,NotDefined,1,1900,,,2,1,"SENTINEL_END_DATE|DISPLAY_NAME_UNRESOLVED",89,MEDIUM
321262,"","Jonatas",IDENTITY_FRAGMENT,Contracted,4468,48,319,"SC Corinthians Paulista",48,319,"SC Corinthians Paulista",False,173,2001,2006-01-31,Defined,30,2006,,,2,1,"DISPLAY_NAME_UNRESOLVED",89,MEDIUM
8835233,"","Júnior Felício",IDENTITY_FRAGMENT,FormationContract,7790,48,319,"SC Corinthians Paulista",48,319,"SC Corinthians Paulista",False,34,2003,,NotDefined,1,1900,,,2,1,"SENTINEL_END_DATE|DISPLAY_NAME_UNRESOLVED",89,MEDIUM
8835231,"","Leonardo Robert",IDENTITY_FRAGMENT,Contracted,7788,48,319,"SC Corinthians Paulista",48,319,"SC Corinthians Paulista",False,62,2004,2005-01-31,Defined,30,2005,,,2,1,"DISPLAY_NAME_UNRESOLVED",89,MEDIUM
8825612,"","Mahseredjian",IDENTITY_FRAGMENT,Contracted,6780,48,319,"SC Corinthians Paulista",48,319,"SC Corinthians Paulista",False,459,2001,2007-01-31,Defined,30,2007,,,2,1,"DISPLAY_NAME_UNRESOLVED",89,MEDIUM
8827291,"","Marcos Vinícius",IDENTITY_FRAGMENT,Contracted,6877,48,319,"SC Corinthians Paulista",48,319,"SC Corinthians Paulista",False,78,2001,2005-01-31,Defined,30,2005,,,2,1,"DISPLAY_NAME_UNRESOLVED",89,MEDIUM
306503,"","Mariano de Almeida",IDENTITY_FRAGMENT,Contracted,1639,48,319,"SC Corinthians Paulista",48,319,"SC Corinthians Paulista",False,250,2001,2006-01-31,Defined,30,2006,,,2,1,"DISPLAY_NAME_UNRESOLVED",89,MEDIUM
302493,"","Moreira Lotufo",IDENTITY_FRAGMENT,Contracted,822,48,319,"SC Corinthians Paulista",48,319,"SC Corinthians Paulista",False,459,2001,2009-01-31,Defined,30,2009,,,2,1,"DISPLAY_NAME_UNRESOLVED",89,MEDIUM
316582,"","Moreno",IDENTITY_FRAGMENT,Contracted,3358,48,319,"SC Corinthians Paulista",48,319,"SC Corinthians Paulista",False,75,2001,2006-01-31,Defined,30,2006,,,2,1,"DISPLAY_NAME_UNRESOLVED",89,MEDIUM
8835234,"","Nílton",IDENTITY_FRAGMENT,FormationContract,7791,48,319,"SC Corinthians Paulista",48,319,"SC Corinthians Paulista",False,34,2004,,NotDefined,1,1900,,,2,1,"SENTINEL_END_DATE|DISPLAY_NAME_UNRESOLVED",89,MEDIUM
8826165,"","Novi",IDENTITY_FRAGMENT,Contracted,6822,48,319,"SC Corinthians Paulista",48,319,"SC Corinthians Paulista",False,459,2001,2007-01-31,Defined,30,2007,,,1,1,"DISPLAY_NAME_UNRESOLVED",89,MEDIUM
302584,"","Pereira dos Santos",IDENTITY_FRAGMENT,Contracted,832,48,319,"SC Corinthians Paulista",48,319,"SC Corinthians Paulista",False,75,2001,2006-01-31,Defined,30,2006,,,2,1,"DISPLAY_NAME_UNRESOLVED",89,MEDIUM
3301214,"","Ribeiro Gonçalves",IDENTITY_FRAGMENT,Contracted,5668,48,319,"SC Corinthians Paulista",48,319,"SC Corinthians Paulista",False,2750,2001,2006-01-31,Defined,30,2006,,,2,1,"DISPLAY_NAME_UNRESOLVED",89,MEDIUM
308650,"","Ricardo Rosa",IDENTITY_FRAGMENT,Contracted,1954,48,319,"SC Corinthians Paulista",48,319,"SC Corinthians Paulista",False,759,2001,2007-01-31,Defined,30,2007,,,1,1,"DISPLAY_NAME_UNRESOLVED",89,MEDIUM
3301506,"","Rodrigo Juliano",IDENTITY_FRAGMENT,Contracted,5784,48,319,"SC Corinthians Paulista",48,319,"SC Corinthians Paulista",False,2957,2004,2004-12-31,Defined,365,2004,,,2,1,"DISPLAY_NAME_UNRESOLVED",89,MEDIUM
8827744,"","Rodrigues Fonseca",IDENTITY_FRAGMENT,Contracted,6919,48,319,"SC Corinthians Paulista",48,319,"SC Corinthians Paulista",False,75,2001,2005-01-31,Defined,30,2005,,,2,1,"DISPLAY_NAME_UNRESOLVED",89,MEDIUM
8830378,"","Ronny Heberson",IDENTITY_FRAGMENT,Contracted,7065,48,319,"SC Corinthians Paulista",48,319,"SC Corinthians Paulista",False,56,2001,2005-01-31,Defined,30,2005,,,1,1,"DISPLAY_NAME_UNRESOLVED",89,MEDIUM
302583,"","Rubens Fernando",IDENTITY_FRAGMENT,Contracted,831,48,319,"SC Corinthians Paulista",48,319,"SC Corinthians Paulista",False,448,2001,2006-01-31,Defined,30,2006,,,2,1,"DISPLAY_NAME_UNRESOLVED",89,MEDIUM
316594,"","Sartori Costa",IDENTITY_FRAGMENT,Contracted,3367,48,319,"SC Corinthians Paulista",48,319,"SC Corinthians Paulista",False,75,2001,2006-01-31,Defined,30,2006,,,2,1,"DISPLAY_NAME_UNRESOLVED",89,MEDIUM
3301090,"","Silva Ramos",IDENTITY_FRAGMENT,Contracted,5596,48,319,"SC Corinthians Paulista",48,319,"SC Corinthians Paulista",False,2919,2004,2004-12-31,Defined,365,2004,,,1,1,"DISPLAY_NAME_UNRESOLVED",89,MEDIUM
316601,"","Silva Zivieri",IDENTITY_FRAGMENT,Contracted,3372,48,319,"SC Corinthians Paulista",48,319,"SC Corinthians Paulista",False,75,2001,2005-01-31,Defined,30,2005,,,1,1,"DISPLAY_NAME_UNRESOLVED",89,MEDIUM
8826164,"","Solito",IDENTITY_FRAGMENT,Contracted,6821,48,319,"SC Corinthians Paulista",48,319,"SC Corinthians Paulista",False,759,2001,2009-01-31,Defined,30,2009,,,1,1,"DISPLAY_NAME_UNRESOLVED",89,MEDIUM
316998,"","Tarciano",IDENTITY_FRAGMENT,OnLoan,3521,574,107218,"Juventus (SP)",48,319,"SC Corinthians Paulista",True,75,2001,2006-01-31,Defined,30,2006,75,2004-11-30,2,2,"DISPLAY_NAME_UNRESOLVED",97,HIGH
316598,"","Thiago Antônio",IDENTITY_FRAGMENT,Contracted,3370,48,319,"SC Corinthians Paulista",48,319,"SC Corinthians Paulista",False,75,2001,2006-01-31,Defined,30,2006,,,2,1,"DISPLAY_NAME_UNRESOLVED",89,MEDIUM
317310,"","Thyago",IDENTITY_FRAGMENT,Contracted,3696,48,319,"SC Corinthians Paulista",48,319,"SC Corinthians Paulista",False,58,2001,2005-01-31,Defined,30,2005,,,2,1,"DISPLAY_NAME_UNRESOLVED",89,MEDIUM
3300852,"","Váldson",IDENTITY_FRAGMENT,Contracted,5500,48,319,"SC Corinthians Paulista",48,319,"SC Corinthians Paulista",False,358,2001,2006-01-31,Defined,30,2006,,,2,1,"DISPLAY_NAME_UNRESOLVED",89,MEDIUM
316600,"","Vinícius Aparecido",IDENTITY_FRAGMENT,Contracted,3371,48,319,"SC Corinthians Paulista",48,319,"SC Corinthians Paulista",False,75,2001,2005-01-31,Defined,30,2005,,,2,1,"DISPLAY_NAME_UNRESOLVED",89,MEDIUM
304161,"","Waldir",IDENTITY_FRAGMENT,Contracted,1056,48,319,"SC Corinthians Paulista",48,319,"SC Corinthians Paulista",False,75,2001,2006-01-31,Defined,30,2006,,,2,1,"DISPLAY_NAME_UNRESOLVED",89,MEDIUM
310449,"","Weberth",IDENTITY_FRAGMENT,Contracted,2028,48,319,"SC Corinthians Paulista",48,319,"SC Corinthians Paulista",False,284,2004,2005-12-31,Defined,364,2005,,,2,1,"DISPLAY_NAME_UNRESOLVED",89,MEDIUM
311144,"","Wendell Raúl",IDENTITY_FRAGMENT,Contracted,2261,48,319,"SC Corinthians Paulista",48,319,"SC Corinthians Paulista",False,217,2003,2008-12-31,Defined,365,2008,,,2,1,"DISPLAY_NAME_UNRESOLVED",89,MEDIUM
302585,"","Zilli Júnior",IDENTITY_FRAGMENT,Contracted,833,48,319,"SC Corinthians Paulista",48,319,"SC Corinthians Paulista",False,75,2001,2006-01-31,Defined,30,2006,,,2,1,"DISPLAY_NAME_UNRESOLVED",89,MEDIUM
8833646,"","Abs",IDENTITY_FRAGMENT,Contracted,7497,55,326,"SC Internacional",55,326,"SC Internacional",False,382,2001,2009-01-31,Defined,30,2009,,,2,1,"DISPLAY_NAME_UNRESOLVED",89,MEDIUM
320565,"","Adalberto Nitsche",IDENTITY_FRAGMENT,FormationContract,4329,55,326,"SC Internacional",55,326,"SC Internacional",False,45,2001,,NotDefined,1,1900,,,2,1,"SENTINEL_END_DATE|DISPLAY_NAME_UNRESOLVED",89,MEDIUM
8833649,"","Alessandro José",IDENTITY_FRAGMENT,FormationContract,7499,55,326,"SC Internacional",55,326,"SC Internacional",False,45,2004,,NotDefined,1,1900,,,2,1,"SENTINEL_END_DATE|DISPLAY_NAME_UNRESOLVED",89,MEDIUM
316715,"","Alex Raphael",IDENTITY_FRAGMENT,Contracted,3459,55,326,"SC Internacional",55,326,"SC Internacional",False,900,2004,2008-03-10,Defined,69,2008,,,2,1,"DISPLAY_NAME_UNRESOLVED",89,MEDIUM
8833721,"","Álvaro Henrique",IDENTITY_FRAGMENT,Contracted,7556,55,326,"SC Internacional",55,326,"SC Internacional",False,600,2003,2009-08-16,Defined,227,2009,,,2,1,"DISPLAY_NAME_UNRESOLVED",89,MEDIUM
8833652,"","André Francisco",IDENTITY_FRAGMENT,Contracted,7502,55,326,"SC Internacional",55,326,"SC Internacional",False,275,2003,2006-07-20,Defined,200,2006,,,2,1,"DISPLAY_NAME_UNRESOLVED",89,MEDIUM
8833694,"","Azeredo Gaedke",IDENTITY_FRAGMENT,Contracted,7537,55,326,"SC Internacional",55,326,"SC Internacional",False,60,2001,2005-01-31,Defined,30,2005,,,2,1,"DISPLAY_NAME_UNRESOLVED",89,MEDIUM
8833653,"","Bagé",IDENTITY_FRAGMENT,Contracted,7503,55,326,"SC Internacional",55,326,"SC Internacional",False,60,2003,2005-01-31,Defined,30,2005,,,2,1,"DISPLAY_NAME_UNRESOLVED",89,MEDIUM
311045,"","Boeck",IDENTITY_FRAGMENT,Contracted,2207,55,326,"SC Internacional",55,326,"SC Internacional",False,300,2001,2008-12-31,Defined,365,2008,,,2,1,"DISPLAY_NAME_UNRESOLVED",89,MEDIUM
310612,"","Bolívar",IDENTITY_FRAGMENT,Contracted,2051,55,326,"SC Internacional",55,326,"SC Internacional",False,575,2003,2006-12-31,Defined,364,2006,,,1,1,"DISPLAY_NAME_UNRESOLVED",89,MEDIUM
311044,"","Brito Soares",IDENTITY_FRAGMENT,Contracted,2206,55,326,"SC Internacional",55,326,"SC Internacional",False,475,2001,2009-09-09,Defined,251,2009,,,2,1,"DISPLAY_NAME_UNRESOLVED",89,MEDIUM
8832961,"","Camozzato",IDENTITY_FRAGMENT,Contracted,7279,55,326,"SC Internacional",55,326,"SC Internacional",False,325,2001,2008-12-31,Defined,365,2008,,,2,1,"DISPLAY_NAME_UNRESOLVED",89,MEDIUM
8833720,"","Carniel Hiller",IDENTITY_FRAGMENT,FormationContract,7555,55,326,"SC Internacional",55,326,"SC Internacional",False,45,2001,,NotDefined,1,1900,,,2,1,"SENTINEL_END_DATE|DISPLAY_NAME_UNRESOLVED",89,MEDIUM
8833659,"","Carravetta",IDENTITY_FRAGMENT,Contracted,7506,55,326,"SC Internacional",55,326,"SC Internacional",False,797,2001,2008-01-31,Defined,30,2008,,,2,1,"DISPLAY_NAME_UNRESOLVED",89,MEDIUM
8833660,"","Cauê Roberto",IDENTITY_FRAGMENT,FormationContract,7507,55,326,"SC Internacional",55,326,"SC Internacional",False,50,2003,,NotDefined,1,1900,,,1,1,"SENTINEL_END_DATE|DISPLAY_NAME_UNRESOLVED",89,MEDIUM
8833661,"","Chico",IDENTITY_FRAGMENT,Contracted,7508,55,326,"SC Internacional",55,326,"SC Internacional",False,644,2002,2008-01-31,Defined,30,2008,,,2,1,"DISPLAY_NAME_UNRESOLVED",89,MEDIUM
311046,"","Cícero Giovani",IDENTITY_FRAGMENT,Contracted,2208,55,326,"SC Internacional",55,326,"SC Internacional",False,225,2002,2004-11-30,Defined,334,2004,,,2,1,"DISPLAY_NAME_UNRESOLVED",89,MEDIUM
316008,"","Cleiton",IDENTITY_FRAGMENT,Contracted,3049,55,326,"SC Internacional",55,326,"SC Internacional",False,775,2002,2007-12-31,Defined,364,2007,,,2,1,"DISPLAY_NAME_UNRESOLVED",89,MEDIUM
3301239,"","Clêmer",IDENTITY_FRAGMENT,Contracted,5681,55,326,"SC Internacional",55,326,"SC Internacional",False,1800,2003,2004-12-31,Defined,365,2004,,,2,1,"DISPLAY_NAME_UNRESOLVED",89,MEDIUM
8833684,"","Corbellini",IDENTITY_FRAGMENT,Contracted,7528,55,326,"SC Internacional",55,326,"SC Internacional",False,733,2001,2009-01-31,Defined,30,2009,,,2,1,"DISPLAY_NAME_UNRESOLVED",89,MEDIUM
8833663,"","Crescente",IDENTITY_FRAGMENT,Contracted,7510,55,326,"SC Internacional",55,326,"SC Internacional",False,369,2001,2009-01-31,Defined,30,2009,,,2,1,"DISPLAY_NAME_UNRESOLVED",89,MEDIUM
8833681,"","da Silva Só",IDENTITY_FRAGMENT,Contracted,7525,55,326,"SC Internacional",55,326,"SC Internacional",False,85,2003,2006-08-17,Defined,228,2006,,,2,1,"DISPLAY_NAME_UNRESOLVED",89,MEDIUM
8833665,"","Daniel Pavan",IDENTITY_FRAGMENT,Contracted,7512,55,326,"SC Internacional",55,326,"SC Internacional",False,733,2001,2008-01-31,Defined,30,2008,,,2,1,"DISPLAY_NAME_UNRESOLVED",89,MEDIUM
8832963,"","Danny",IDENTITY_FRAGMENT,Contracted,7281,55,326,"SC Internacional",55,326,"SC Internacional",False,120,2001,2005-06-16,Defined,166,2005,,,2,1,"DISPLAY_NAME_UNRESOLVED",89,MEDIUM
8833666,"","Dariano",IDENTITY_FRAGMENT,FormationContract,7513,55,326,"SC Internacional",55,326,"SC Internacional",False,45,2004,,NotDefined,1,1900,,,2,1,"SENTINEL_END_DATE|DISPLAY_NAME_UNRESOLVED",89,MEDIUM
303477,"","de Lima Barcelos",IDENTITY_FRAGMENT,Contracted,939,55,326,"SC Internacional",55,326,"SC Internacional",False,450,2001,2006-06-01,Defined,151,2006,,,1,1,"DISPLAY_NAME_UNRESOLVED",89,MEDIUM
320574,"","de Souza Jorge",IDENTITY_FRAGMENT,FormationContract,4337,55,326,"SC Internacional",55,326,"SC Internacional",False,45,2001,,NotDefined,1,1900,,,2,1,"SENTINEL_END_DATE|DISPLAY_NAME_UNRESOLVED",89,MEDIUM
303463,"","Diego",IDENTITY_FRAGMENT,Contracted,935,55,326,"SC Internacional",55,326,"SC Internacional",False,450,2001,2006-06-01,Defined,151,2006,,,2,1,"DISPLAY_NAME_UNRESOLVED",89,MEDIUM
3301098,"","Döring",IDENTITY_FRAGMENT,Contracted,5602,55,326,"SC Internacional",55,326,"SC Internacional",False,1350,2004,2004-12-31,Defined,365,2004,,,2,1,"DISPLAY_NAME_UNRESOLVED",89,MEDIUM
8832964,"","Edimo",IDENTITY_FRAGMENT,Contracted,7282,55,326,"SC Internacional",55,326,"SC Internacional",False,700,2001,2008-12-31,Defined,365,2008,,,2,1,"DISPLAY_NAME_UNRESOLVED",89,MEDIUM
8835237,"","Egito",IDENTITY_FRAGMENT,Contracted,7794,55,326,"SC Internacional",55,326,"SC Internacional",False,229,2001,2008-01-31,Defined,30,2008,,,2,1,"DISPLAY_NAME_UNRESOLVED",89,MEDIUM
318771,"","Élder",IDENTITY_FRAGMENT,Contracted,3953,55,326,"SC Internacional",55,326,"SC Internacional",False,1025,2003,2007-05-24,Defined,143,2007,,,2,1,"DISPLAY_NAME_UNRESOLVED",89,MEDIUM
6900645,"","Feliciano",IDENTITY_FRAGMENT,Contracted,6566,55,326,"SC Internacional",55,326,"SC Internacional",False,433,2001,2007-01-31,Defined,30,2007,,,1,1,"DISPLAY_NAME_UNRESOLVED",89,MEDIUM
3301275,"","Fernando Lúcio",IDENTITY_FRAGMENT,Contracted,5703,55,326,"SC Internacional",55,326,"SC Internacional",False,1800,2004,2007-06-30,Defined,180,2007,,,2,1,"DISPLAY_NAME_UNRESOLVED",89,MEDIUM
6900117,"","Fernando Miguel",IDENTITY_FRAGMENT,Contracted,6479,55,326,"SC Internacional",55,326,"SC Internacional",False,1125,2004,2006-12-31,Defined,364,2006,,,2,1,"DISPLAY_NAME_UNRESOLVED",89,MEDIUM
8833678,"","Flávio Soares",IDENTITY_FRAGMENT,Contracted,7522,55,326,"SC Internacional",55,326,"SC Internacional",False,733,2001,2007-01-31,Defined,30,2007,,,2,1,"DISPLAY_NAME_UNRESOLVED",89,MEDIUM
8833651,"","Flores Lima",IDENTITY_FRAGMENT,FormationContract,7501,55,326,"SC Internacional",55,326,"SC Internacional",False,45,2001,,NotDefined,1,1900,,,2,1,"SENTINEL_END_DATE|DISPLAY_NAME_UNRESOLVED",89,MEDIUM
8833676,"","Fredo Estigarribia",IDENTITY_FRAGMENT,Contracted,7520,55,326,"SC Internacional",55,326,"SC Internacional",False,733,2001,2008-01-31,Defined,30,2008,,,2,1,"DISPLAY_NAME_UNRESOLVED",89,MEDIUM
316194,"","Freitas Pedroso",IDENTITY_FRAGMENT,Contracted,3132,55,326,"SC Internacional",55,326,"SC Internacional",False,250,2001,2006-01-31,Defined,30,2006,,,2,1,"DISPLAY_NAME_UNRESOLVED",89,MEDIUM
8833675,"","Furtado Acosta",IDENTITY_FRAGMENT,FormationContract,7519,55,326,"SC Internacional",55,326,"SC Internacional",False,45,2004,,NotDefined,1,1900,,,1,1,"SENTINEL_END_DATE|DISPLAY_NAME_UNRESOLVED",89,MEDIUM
310957,"","Gaino Júnior",IDENTITY_FRAGMENT,Contracted,2175,55,326,"SC Internacional",55,326,"SC Internacional",False,725,2003,2006-05-19,Defined,138,2006,,,2,1,"DISPLAY_NAME_UNRESOLVED",89,MEDIUM
8833689,"","Godói dos Santos",IDENTITY_FRAGMENT,FormationContract,7532,55,326,"SC Internacional",55,326,"SC Internacional",False,30,2001,,NotDefined,1,1900,,,1,1,"SENTINEL_END_DATE|DISPLAY_NAME_UNRESOLVED",89,MEDIUM
8833674,"","Gottardi",IDENTITY_FRAGMENT,Contracted,7518,55,326,"SC Internacional",55,326,"SC Internacional",False,55,2001,2005-01-31,Defined,30,2005,,,2,1,"DISPLAY_NAME_UNRESOLVED",89,MEDIUM
317266,"","Henry",IDENTITY_FRAGMENT,Contracted,3668,55,326,"SC Internacional",55,326,"SC Internacional",False,50,2001,2005-01-31,Defined,30,2005,,,1,1,"DISPLAY_NAME_UNRESOLVED",89,MEDIUM
8833664,"","Henz Pereira da Silva",IDENTITY_FRAGMENT,Contracted,7511,55,326,"SC Internacional",55,326,"SC Internacional",False,60,2001,2005-01-31,Defined,30,2005,,,1,1,"DISPLAY_NAME_UNRESOLVED",89,MEDIUM
8833683,"","Hilário",IDENTITY_FRAGMENT,Contracted,7527,55,326,"SC Internacional",55,326,"SC Internacional",False,733,2001,2009-01-31,Defined,30,2009,,,1,1,"DISPLAY_NAME_UNRESOLVED",89,MEDIUM
310919,"","Ilo",IDENTITY_FRAGMENT,Contracted,2153,55,326,"SC Internacional",55,326,"SC Internacional",False,733,2001,2007-01-31,Defined,30,2007,,,1,1,"DISPLAY_NAME_UNRESOLVED",89,MEDIUM
3300162,"","Jéfferson Alberto",IDENTITY_FRAGMENT,OnLoan,5259,864,301338,"Paulista FC",55,326,"SC Internacional",True,465,2004,2006-01-31,Defined,30,2006,465,2004-12-31,2,2,"DISPLAY_NAME_UNRESOLVED",97,HIGH
317299,"","João Guilherme",IDENTITY_FRAGMENT,Contracted,3686,55,326,"SC Internacional",55,326,"SC Internacional",False,225,2002,2009-04-30,Defined,119,2009,,,2,1,"DISPLAY_NAME_UNRESOLVED",89,MEDIUM
8833662,"","José Claudinei",IDENTITY_FRAGMENT,FormationContract,7509,55,326,"SC Internacional",55,326,"SC Internacional",False,45,2001,,NotDefined,1,1900,,,1,1,"SENTINEL_END_DATE|DISPLAY_NAME_UNRESOLVED",89,MEDIUM
3300797,"","Josival",IDENTITY_FRAGMENT,Contracted,5481,55,326,"SC Internacional",55,326,"SC Internacional",False,1350,2004,2006-12-31,Defined,364,2006,,,2,1,"DISPLAY_NAME_UNRESOLVED",89,MEDIUM
308402,"","Katzor de Oliveira",IDENTITY_FRAGMENT,OnLoan,1927,64,335,"Santos FC",55,326,"SC Internacional",True,361,2004,2005-12-31,Defined,364,2005,361,2004-12-31,2,2,"DISPLAY_NAME_UNRESOLVED",97,HIGH
318117,"","Kauê Caetano",IDENTITY_FRAGMENT,OnLoan,3826,573,107216,"Ituano SCF",55,326,"SC Internacional",True,286,2002,2007-01-21,Defined,20,2007,286,2004-12-31,2,2,"DISPLAY_NAME_UNRESOLVED",97,HIGH
8833679,"","Kologeski",IDENTITY_FRAGMENT,Contracted,7523,55,326,"SC Internacional",55,326,"SC Internacional",False,60,2001,2005-01-31,Defined,30,2005,,,2,1,"DISPLAY_NAME_UNRESOLVED",89,MEDIUM
316190,"","Leandro Ângelo",IDENTITY_FRAGMENT,Contracted,3130,55,326,"SC Internacional",55,326,"SC Internacional",False,327,2000,2006-01-31,Defined,30,2006,,,2,1,"DISPLAY_NAME_UNRESOLVED",89,MEDIUM
8833685,"","Liniker",IDENTITY_FRAGMENT,FormationContract,7529,55,326,"SC Internacional",55,326,"SC Internacional",False,60,2003,,NotDefined,1,1900,,,2,1,"SENTINEL_END_DATE|DISPLAY_NAME_UNRESOLVED",89,MEDIUM
8833711,"","Lopes de Senna",IDENTITY_FRAGMENT,Contracted,7549,55,326,"SC Internacional",55,326,"SC Internacional",False,50,2004,2007-05-16,Defined,135,2007,,,2,1,"DISPLAY_NAME_UNRESOLVED",89,MEDIUM
8833687,"","Luiz Adriano",IDENTITY_FRAGMENT,FormationContract,7531,55,326,"SC Internacional",55,326,"SC Internacional",False,50,2003,,NotDefined,1,1900,,,2,1,"SENTINEL_END_DATE|DISPLAY_NAME_UNRESOLVED",89,MEDIUM
8833673,"","Machado Schmorantz",IDENTITY_FRAGMENT,Contracted,7517,55,326,"SC Internacional",55,326,"SC Internacional",False,50,2003,2006-08-17,Defined,228,2006,,,2,1,"DISPLAY_NAME_UNRESOLVED",89,MEDIUM
311047,"","Magalhães Pereira",IDENTITY_FRAGMENT,Contracted,2209,55,326,"SC Internacional",55,326,"SC Internacional",False,60,2001,2005-01-31,Defined,30,2005,,,2,1,"DISPLAY_NAME_UNRESOLVED",89,MEDIUM
8833680,"","Marcelino da Silva",IDENTITY_FRAGMENT,FormationContract,7524,55,326,"SC Internacional",55,326,"SC Internacional",False,45,2001,,NotDefined,1,1900,,,2,1,"SENTINEL_END_DATE|DISPLAY_NAME_UNRESOLVED",89,MEDIUM
316197,"","Mário Vítor",IDENTITY_FRAGMENT,Contracted,3134,55,326,"SC Internacional",55,326,"SC Internacional",False,45,2001,2005-01-31,Defined,30,2005,,,1,1,"DISPLAY_NAME_UNRESOLVED",89,MEDIUM
8833690,"","Marsiaj Oliveira",IDENTITY_FRAGMENT,Contracted,7533,55,326,"SC Internacional",55,326,"SC Internacional",False,446,2001,2009-01-31,Defined,30,2009,,,2,1,"DISPLAY_NAME_UNRESOLVED",89,MEDIUM
8833695,"","Mártin",IDENTITY_FRAGMENT,Contracted,7538,55,326,"SC Internacional",55,326,"SC Internacional",False,60,2004,2005-01-31,Defined,30,2005,,,1,1,"DISPLAY_NAME_UNRESOLVED",89,MEDIUM
311049,"","Martini Labarthe",IDENTITY_FRAGMENT,Contracted,2211,55,326,"SC Internacional",55,326,"SC Internacional",False,575,1994,2008-12-31,Defined,365,2008,,,2,1,"DISPLAY_NAME_UNRESOLVED",89,MEDIUM
8833691,"","Maycon",IDENTITY_FRAGMENT,Contracted,7534,55,326,"SC Internacional",55,326,"SC Internacional",False,60,2002,2005-04-18,Defined,107,2005,,,2,1,"DISPLAY_NAME_UNRESOLVED",89,MEDIUM
8833657,"","Medeiros Grassi",IDENTITY_FRAGMENT,FormationContract,7504,55,326,"SC Internacional",55,326,"SC Internacional",False,50,2001,,NotDefined,1,1900,,,1,1,"SENTINEL_END_DATE|DISPLAY_NAME_UNRESOLVED",89,MEDIUM
8833692,"","Michel Roberto",IDENTITY_FRAGMENT,FormationContract,7535,55,326,"SC Internacional",55,326,"SC Internacional",False,45,2004,,NotDefined,1,1900,,,2,1,"SENTINEL_END_DATE|DISPLAY_NAME_UNRESOLVED",89,MEDIUM
8833671,"","Moraes dos Santos",IDENTITY_FRAGMENT,FormationContract,7515,55,326,"SC Internacional",55,326,"SC Internacional",False,40,2001,,NotDefined,1,1900,,,2,1,"SENTINEL_END_DATE|DISPLAY_NAME_UNRESOLVED",89,MEDIUM
8833722,"","Motta de Oliveira",IDENTITY_FRAGMENT,Contracted,7557,55,326,"SC Internacional",55,326,"SC Internacional",False,50,2004,2005-01-31,Defined,30,2005,,,1,1,"DISPLAY_NAME_UNRESOLVED",89,MEDIUM
8833693,"","Muriel Gustavo",IDENTITY_FRAGMENT,FormationContract,7536,55,326,"SC Internacional",55,326,"SC Internacional",False,55,2003,,NotDefined,1,1900,,,2,1,"SENTINEL_END_DATE|DISPLAY_NAME_UNRESOLVED",89,MEDIUM
8833677,"","Nascimento Brandão",IDENTITY_FRAGMENT,Contracted,7521,55,326,"SC Internacional",55,326,"SC Internacional",False,95,2003,2006-08-17,Defined,228,2006,,,1,1,"DISPLAY_NAME_UNRESOLVED",89,MEDIUM
8833699,"","Nélson Rodrigues",IDENTITY_FRAGMENT,Contracted,7541,55,326,"SC Internacional",55,326,"SC Internacional",False,695,2001,2007-01-31,Defined,30,2007,,,1,1,"DISPLAY_NAME_UNRESOLVED",89,MEDIUM
8833697,"","Nicolas Andrei",IDENTITY_FRAGMENT,Contracted,7540,55,326,"SC Internacional",55,326,"SC Internacional",False,45,2004,2005-01-31,Defined,30,2005,,,1,1,"DISPLAY_NAME_UNRESOLVED",89,MEDIUM
8833700,"","Osmar",IDENTITY_FRAGMENT,Contracted,7542,55,326,"SC Internacional",55,326,"SC Internacional",False,733,2001,2008-01-31,Defined,30,2008,,,1,1,"DISPLAY_NAME_UNRESOLVED",89,MEDIUM
8833682,"","Pacheco Fraga",IDENTITY_FRAGMENT,FormationContract,7526,55,326,"SC Internacional",55,326,"SC Internacional",False,45,2001,,NotDefined,1,1900,,,1,1,"SENTINEL_END_DATE|DISPLAY_NAME_UNRESOLVED",89,MEDIUM
303481,"","Paixão de Araújo",IDENTITY_FRAGMENT,Contracted,940,55,326,"SC Internacional",55,326,"SC Internacional",False,2250,2003,2008-01-31,Defined,30,2008,,,2,1,"DISPLAY_NAME_UNRESOLVED",89,MEDIUM
8825508,"","Paixão Mesquita",IDENTITY_FRAGMENT,Contracted,6770,55,326,"SC Internacional",55,326,"SC Internacional",False,90,2001,2005-01-31,Defined,30,2005,,,2,1,"DISPLAY_NAME_UNRESOLVED",89,MEDIUM
316004,"","Paulo Francisco",IDENTITY_FRAGMENT,Contracted,3045,55,326,"SC Internacional",55,326,"SC Internacional",False,700,2004,2008-12-31,Defined,365,2008,,,2,1,"DISPLAY_NAME_UNRESOLVED",89,MEDIUM
8833702,"","Paulo Gilberto",IDENTITY_FRAGMENT,Contracted,7543,55,326,"SC Internacional",55,326,"SC Internacional",False,733,2001,2008-01-31,Defined,30,2008,,,2,1,"DISPLAY_NAME_UNRESOLVED",89,MEDIUM
311189,"","Paulo Juarez",IDENTITY_FRAGMENT,Contracted,2291,55,326,"SC Internacional",55,326,"SC Internacional",False,433,2001,2008-01-31,Defined,30,2008,,,2,1,"DISPLAY_NAME_UNRESOLVED",89,MEDIUM
8833650,"","Pereira Canto",IDENTITY_FRAGMENT,FormationContract,7500,55,326,"SC Internacional",55,326,"SC Internacional",False,40,2004,,NotDefined,1,1900,,,2,1,"SENTINEL_END_DATE|DISPLAY_NAME_UNRESOLVED",89,MEDIUM
8833703,"","Pierre",IDENTITY_FRAGMENT,FormationContract,7544,55,326,"SC Internacional",55,326,"SC Internacional",False,45,2003,,NotDefined,1,1900,,,1,1,"SENTINEL_END_DATE|DISPLAY_NAME_UNRESOLVED",89,MEDIUM
8833704,"","Poisl",IDENTITY_FRAGMENT,Contracted,7545,55,326,"SC Internacional",55,326,"SC Internacional",False,382,2001,2009-01-31,Defined,30,2009,,,2,1,"DISPLAY_NAME_UNRESOLVED",89,MEDIUM
8833705,"","Porcellis de Oliveira",IDENTITY_FRAGMENT,FormationContract,7546,55,326,"SC Internacional",55,326,"SC Internacional",False,50,2003,,NotDefined,1,1900,,,2,1,"SENTINEL_END_DATE|DISPLAY_NAME_UNRESOLVED",89,MEDIUM
8832965,"","Rafael Augusto",IDENTITY_FRAGMENT,Contracted,7283,55,326,"SC Internacional",55,326,"SC Internacional",False,575,2001,2008-12-31,Defined,365,2008,,,2,1,"DISPLAY_NAME_UNRESOLVED",89,MEDIUM
8833707,"","Rafael Lopes",IDENTITY_FRAGMENT,Contracted,7547,55,326,"SC Internacional",55,326,"SC Internacional",False,55,2003,2006-08-17,Defined,228,2006,,,1,1,"DISPLAY_NAME_UNRESOLVED",89,MEDIUM
8833647,"","Ramos Barreto",IDENTITY_FRAGMENT,Contracted,7498,55,326,"SC Internacional",55,326,"SC Internacional",False,50,2004,2006-01-31,Defined,30,2006,,,2,1,"DISPLAY_NAME_UNRESOLVED",89,MEDIUM
8832966,"","Ricardo Jesús",IDENTITY_FRAGMENT,Contracted,7284,55,326,"SC Internacional",55,326,"SC Internacional",False,150,2001,2006-09-24,Defined,266,2006,,,2,1,"DISPLAY_NAME_UNRESOLVED",89,MEDIUM
8832960,"","Rodrigues Paixão",IDENTITY_FRAGMENT,Contracted,7278,55,326,"SC Internacional",55,326,"SC Internacional",False,657,2003,2007-01-31,Defined,30,2007,,,2,1,"DISPLAY_NAME_UNRESOLVED",89,MEDIUM
3301342,"","Sangaletti",IDENTITY_FRAGMENT,Contracted,5740,55,326,"SC Internacional",55,326,"SC Internacional",False,2025,2003,2005-12-31,Defined,364,2005,,,2,1,"DISPLAY_NAME_UNRESOLVED",89,MEDIUM
8833792,"","Santiago e Souza",IDENTITY_FRAGMENT,Contracted,7620,55,326,"SC Internacional",55,326,"SC Internacional",False,50,2001,2005-01-31,Defined,30,2005,,,2,1,"DISPLAY_NAME_UNRESOLVED",89,MEDIUM
316189,"","Schacht",IDENTITY_FRAGMENT,Contracted,3129,55,326,"SC Internacional",55,326,"SC Internacional",False,225,1994,2005-02-28,Defined,58,2005,,,2,1,"DISPLAY_NAME_UNRESOLVED",89,MEDIUM
8832967,"","Sídnei",IDENTITY_FRAGMENT,FormationContract,7285,55,326,"SC Internacional",55,326,"SC Internacional",False,50,2001,,NotDefined,1,1900,,,1,1,"SENTINEL_END_DATE|DISPLAY_NAME_UNRESOLVED",89,MEDIUM
8835240,"","Silva Assis de Oliveira Júnior",IDENTITY_FRAGMENT,Contracted,7797,55,326,"SC Internacional",55,326,"SC Internacional",False,75,2003,2006-02-28,Defined,58,2006,,,2,1,"DISPLAY_NAME_UNRESOLVED",89,MEDIUM
8833686,"","Silva da Silva",IDENTITY_FRAGMENT,FormationContract,7530,55,326,"SC Internacional",55,326,"SC Internacional",False,45,2004,,NotDefined,1,1900,,,2,1,"SENTINEL_END_DATE|DISPLAY_NAME_UNRESOLVED",89,MEDIUM
316005,"","Silva Novaes Matos",IDENTITY_FRAGMENT,Contracted,3046,55,326,"SC Internacional",55,326,"SC Internacional",False,275,2002,2005-06-09,Defined,159,2005,,,2,1,"DISPLAY_NAME_UNRESOLVED",89,MEDIUM
321137,"","Souza Jorge",IDENTITY_FRAGMENT,FormationContract,4412,55,326,"SC Internacional",55,326,"SC Internacional",False,50,2001,,NotDefined,1,1900,,,2,1,"SENTINEL_END_DATE|DISPLAY_NAME_UNRESOLVED",89,MEDIUM
8833715,"","Souza Machado",IDENTITY_FRAGMENT,Contracted,7551,55,326,"SC Internacional",55,326,"SC Internacional",False,50,2003,2006-02-28,Defined,58,2006,,,2,1,"DISPLAY_NAME_UNRESOLVED",89,MEDIUM
8833714,"","Taianan Imberê",IDENTITY_FRAGMENT,FormationContract,7550,55,326,"SC Internacional",55,326,"SC Internacional",False,60,2004,,NotDefined,1,1900,,,2,1,"SENTINEL_END_DATE|DISPLAY_NAME_UNRESOLVED",89,MEDIUM
8833717,"","Tássio",IDENTITY_FRAGMENT,Contracted,7553,55,326,"SC Internacional",55,326,"SC Internacional",False,55,2004,2005-01-31,Defined,30,2005,,,1,1,"DISPLAY_NAME_UNRESOLVED",89,MEDIUM
8833716,"","Tonini",IDENTITY_FRAGMENT,Contracted,7552,55,326,"SC Internacional",55,326,"SC Internacional",False,50,2003,2005-01-31,Defined,30,2005,,,2,1,"DISPLAY_NAME_UNRESOLVED",89,MEDIUM
320551,"","Vieira Júnior",IDENTITY_FRAGMENT,Contracted,4315,55,326,"SC Internacional",55,326,"SC Internacional",False,60,2001,2006-01-31,Defined,30,2006,,,2,1,"DISPLAY_NAME_UNRESOLVED",89,MEDIUM
8835239,"","Wellington Luís",IDENTITY_FRAGMENT,FormationContract,7796,55,326,"SC Internacional",55,326,"SC Internacional",False,45,2004,,NotDefined,1,1900,,,2,1,"SENTINEL_END_DATE|DISPLAY_NAME_UNRESOLVED",89,MEDIUM
3301154,"","Wilson",IDENTITY_FRAGMENT,Contracted,5630,55,326,"SC Internacional",55,326,"SC Internacional",False,1300,2003,2005-12-31,Defined,364,2005,,,2,1,"DISPLAY_NAME_UNRESOLVED",89,MEDIUM
318734,"","Armando",IDENTITY_FRAGMENT,Contracted,3938,1407,314976,"SC Ulbra",1407,314976,"SC Ulbra",False,300,2001,2009-01-31,Defined,30,2009,,,1,1,"DISPLAY_NAME_UNRESOLVED",89,MEDIUM
305720,"","Carneiro dos Santos",IDENTITY_FRAGMENT,Contracted,1426,1407,314976,"SC Ulbra",1407,314976,"SC Ulbra",False,446,2004,2005-01-31,Defined,30,2005,,,2,1,"DISPLAY_NAME_UNRESOLVED",89,MEDIUM
8833723,"","Cirne Lima de Lorenzi",IDENTITY_FRAGMENT,Contracted,7558,1407,314976,"SC Ulbra",1407,314976,"SC Ulbra",False,100,2001,2007-01-31,Defined,30,2007,,,2,1,"DISPLAY_NAME_UNRESOLVED",96,HIGH
8829856,"","Giovani",IDENTITY_FRAGMENT,Contracted,6943,1407,314976,"SC Ulbra",1407,314976,"SC Ulbra",False,100,2001,2007-01-31,Defined,30,2007,,,2,1,"DISPLAY_NAME_UNRESOLVED",89,MEDIUM
303545,"","Jéfferson",IDENTITY_FRAGMENT,Contracted,944,1407,314976,"SC Ulbra",1407,314976,"SC Ulbra",False,903,2004,2004-12-31,Defined,365,2004,,,2,1,"DISPLAY_NAME_UNRESOLVED",89,MEDIUM
318736,"","Ketterman Caponi",IDENTITY_FRAGMENT,Contracted,3940,1407,314976,"SC Ulbra",1407,314976,"SC Ulbra",False,125,2001,2009-01-31,Defined,30,2009,,,1,1,"DISPLAY_NAME_UNRESOLVED",89,MEDIUM
318735,"","Ramos Goulart",IDENTITY_FRAGMENT,Contracted,3939,1407,314976,"SC Ulbra",1407,314976,"SC Ulbra",False,100,2001,2007-01-31,Defined,30,2007,,,1,1,"DISPLAY_NAME_UNRESOLVED",89,MEDIUM
305800,"","Remor",IDENTITY_FRAGMENT,Contracted,1445,1407,314976,"SC Ulbra",1407,314976,"SC Ulbra",False,330,2003,2006-01-31,Defined,30,2006,,,2,1,"DISPLAY_NAME_UNRESOLVED",89,MEDIUM
319263,"","Saibt Martins",IDENTITY_FRAGMENT,OnLoan,3995,56,327,"EC Juventude",1407,314976,"SC Ulbra",True,75,2001,2006-01-31,Defined,30,2006,75,2004-12-31,2,2,"DISPLAY_NAME_UNRESOLVED",97,HIGH
311932,"","Sidiney",IDENTITY_FRAGMENT,Contracted,2489,1407,314976,"SC Ulbra",1407,314976,"SC Ulbra",False,266,2003,2005-01-31,Defined,30,2005,,,2,1,"DISPLAY_NAME_UNRESOLVED",89,MEDIUM
303601,"","Vieira Muhlen",IDENTITY_FRAGMENT,Contracted,958,1407,314976,"SC Ulbra",1407,314976,"SC Ulbra",False,376,2004,2006-01-31,Defined,30,2006,,,2,1,"DISPLAY_NAME_UNRESOLVED",89,MEDIUM
303586,"","Wesheimer",IDENTITY_FRAGMENT,OnLoan,951,53,324,"Grêmio FBPA",1407,314976,"SC Ulbra",True,389,2001,2006-01-31,Defined,30,2006,389,2004-12-31,2,2,"DISPLAY_NAME_UNRESOLVED",97,HIGH
304311,"","Zacharias",IDENTITY_FRAGMENT,Contracted,1101,1407,314976,"SC Ulbra",1407,314976,"SC Ulbra",False,429,2002,2004-12-31,Defined,365,2004,,,2,1,"DISPLAY_NAME_UNRESOLVED",89,MEDIUM
316069,"","Antunes Sampaio",IDENTITY_FRAGMENT,Contracted,3066,763,301144,"SD Serra FC",763,301144,"SD Serra FC",False,442,2001,2006-01-31,Defined,30,2006,,,2,1,"DISPLAY_NAME_UNRESOLVED",89,MEDIUM
305579,"","César Rosa",IDENTITY_FRAGMENT,Contracted,1390,763,301144,"SD Serra FC",763,301144,"SD Serra FC",False,125,2001,2006-01-31,Defined,30,2006,,,2,1,"DISPLAY_NAME_UNRESOLVED",89,MEDIUM
316068,"","Conceição Tavares",IDENTITY_FRAGMENT,Contracted,3065,763,301144,"SD Serra FC",763,301144,"SD Serra FC",False,153,2001,2006-01-31,Defined,30,2006,,,2,1,"DISPLAY_NAME_UNRESOLVED",89,MEDIUM
316067,"","Cosme Eduardo",IDENTITY_FRAGMENT,Contracted,3064,763,301144,"SD Serra FC",763,301144,"SD Serra FC",False,409,2001,2009-01-31,Defined,30,2009,,,2,1,"DISPLAY_NAME_UNRESOLVED",89,MEDIUM
316066,"","Eric",IDENTITY_FRAGMENT,Contracted,3063,763,301144,"SD Serra FC",763,301144,"SD Serra FC",False,499,2001,2006-01-31,Defined,30,2006,,,1,1,"DISPLAY_NAME_UNRESOLVED",89,MEDIUM
2001494,"","França Batista",IDENTITY_FRAGMENT,Contracted,4999,763,301144,"SD Serra FC",763,301144,"SD Serra FC",False,192,2001,2005-01-31,Defined,30,2005,,,1,1,"DISPLAY_NAME_UNRESOLVED",89,MEDIUM
306943,"","Garcia de Souza",IDENTITY_FRAGMENT,Contracted,1735,763,301144,"SD Serra FC",763,301144,"SD Serra FC",False,275,2001,2006-01-31,Defined,30,2006,,,2,1,"DISPLAY_NAME_UNRESOLVED",89,MEDIUM
316070,"","Gouveia Morais",IDENTITY_FRAGMENT,Contracted,3067,763,301144,"SD Serra FC",763,301144,"SD Serra FC",False,216,2001,2006-01-31,Defined,30,2006,,,2,1,"DISPLAY_NAME_UNRESOLVED",89,MEDIUM
306922,"","Ituano",IDENTITY_FRAGMENT,Contracted,1725,763,301144,"SD Serra FC",763,301144,"SD Serra FC",False,174,2001,2006-01-31,Defined,30,2006,,,2,1,"DISPLAY_NAME_UNRESOLVED",89,MEDIUM
306925,"","Jair Antônio",IDENTITY_FRAGMENT,Contracted,1726,763,301144,"SD Serra FC",763,301144,"SD Serra FC",False,233,2001,2006-01-31,Defined,30,2006,,,2,1,"DISPLAY_NAME_UNRESOLVED",89,MEDIUM
316071,"","Jansen",IDENTITY_FRAGMENT,Contracted,3068,763,301144,"SD Serra FC",763,301144,"SD Serra FC",False,93,2001,2006-01-31,Defined,30,2006,,,2,1,"DISPLAY_NAME_UNRESOLVED",89,MEDIUM
306942,"","José Elias",IDENTITY_FRAGMENT,Contracted,1734,763,301144,"SD Serra FC",763,301144,"SD Serra FC",False,318,2001,2006-01-31,Defined,30,2006,,,2,1,"DISPLAY_NAME_UNRESOLVED",89,MEDIUM
306927,"","Lala",IDENTITY_FRAGMENT,Contracted,1728,763,301144,"SD Serra FC",763,301144,"SD Serra FC",False,75,2001,2006-01-31,Defined,30,2006,,,2,1,"DISPLAY_NAME_UNRESOLVED",89,MEDIUM
306944,"","Marcelo Fábio",IDENTITY_FRAGMENT,Contracted,1736,763,301144,"SD Serra FC",763,301144,"SD Serra FC",False,189,2001,2006-01-31,Defined,30,2006,,,2,1,"DISPLAY_NAME_UNRESOLVED",89,MEDIUM
316072,"","Moura de Freitas",IDENTITY_FRAGMENT,Contracted,3069,763,301144,"SD Serra FC",763,301144,"SD Serra FC",False,238,2001,2006-01-31,Defined,30,2006,,,1,1,"DISPLAY_NAME_UNRESOLVED",89,MEDIUM
303892,"","Mozart",IDENTITY_FRAGMENT,Contracted,975,763,301144,"SD Serra FC",763,301144,"SD Serra FC",False,75,2001,2006-01-31,Defined,30,2006,,,1,1,"DISPLAY_NAME_UNRESOLVED",89,MEDIUM
306926,"","Pereira de Carvalho",IDENTITY_FRAGMENT,Contracted,1727,763,301144,"SD Serra FC",763,301144,"SD Serra FC",False,191,2001,2006-01-31,Defined,30,2006,,,2,1,"DISPLAY_NAME_UNRESOLVED",89,MEDIUM
306929,"","Sérgio Andrade",IDENTITY_FRAGMENT,Contracted,1729,763,301144,"SD Serra FC",763,301144,"SD Serra FC",False,175,2001,2006-01-31,Defined,30,2006,,,2,1,"DISPLAY_NAME_UNRESOLVED",89,MEDIUM
306932,"","Warley",IDENTITY_FRAGMENT,Contracted,1731,763,301144,"SD Serra FC",763,301144,"SD Serra FC",False,85,2001,2006-01-31,Defined,30,2006,,,2,1,"DISPLAY_NAME_UNRESOLVED",89,MEDIUM
306888,"","Martins Costa",IDENTITY_FRAGMENT,Contracted,1719,759,301136,"SE Brazlândia",759,301136,"SE Brazlândia",False,261,2001,2006-01-31,Defined,30,2006,,,2,1,"DISPLAY_NAME_UNRESOLVED",89,MEDIUM
306898,"","Volnei",IDENTITY_FRAGMENT,Contracted,1720,759,301136,"SE Brazlândia",759,301136,"SE Brazlândia",False,75,2001,2006-01-31,Defined,30,2006,,,2,1,"DISPLAY_NAME_UNRESOLVED",89,MEDIUM
305596,"","Adenílton",IDENTITY_FRAGMENT,Contracted,1392,629,121262,"SE Gama",629,121262,"SE Gama",False,100,2001,2008-01-31,Defined,30,2008,,,2,1,"DISPLAY_NAME_UNRESOLVED",89,MEDIUM
315820,"","Allanderson",IDENTITY_FRAGMENT,Contracted,2923,629,121262,"SE Gama",629,121262,"SE Gama",False,341,2001,2005-01-31,Defined,30,2005,,,2,1,"DISPLAY_NAME_UNRESOLVED",89,MEDIUM
315816,"","Alves Reis",IDENTITY_FRAGMENT,Contracted,2921,629,121262,"SE Gama",629,121262,"SE Gama",False,255,2001,2005-01-31,Defined,30,2005,,,2,1,"DISPLAY_NAME_UNRESOLVED",89,MEDIUM
315806,"","Amaral Mendes",IDENTITY_FRAGMENT,Contracted,2912,629,121262,"SE Gama",629,121262,"SE Gama",False,98,2001,2006-01-31,Defined,30,2006,,,2,1,"DISPLAY_NAME_UNRESOLVED",89,MEDIUM
315830,"","Andrade Diniz",IDENTITY_FRAGMENT,OnLoan,2933,799,301212,"Treze FC",629,121262,"SE Gama",True,180,2003,2006-01-31,Defined,30,2006,180,2004-12-31,2,2,"DISPLAY_NAME_UNRESOLVED",97,HIGH
315824,"","André Vilson",IDENTITY_FRAGMENT,Contracted,2927,629,121262,"SE Gama",629,121262,"SE Gama",False,353,2001,2005-01-31,Defined,30,2005,,,2,1,"DISPLAY_NAME_UNRESOLVED",89,MEDIUM
310695,"","Barbosa Antunes Lopes",IDENTITY_FRAGMENT,Contracted,2074,629,121262,"SE Gama",629,121262,"SE Gama",False,306,2001,2006-01-31,Defined,30,2006,,,1,1,"DISPLAY_NAME_UNRESOLVED",89,MEDIUM
318034,"","Bobby",IDENTITY_FRAGMENT,Contracted,3810,629,121262,"SE Gama",629,121262,"SE Gama",False,161,2004,2004-12-06,Defined,340,2004,,,2,1,"DISPLAY_NAME_UNRESOLVED",89,MEDIUM
304138,"","Carille Araújo",IDENTITY_FRAGMENT,Contracted,1050,629,121262,"SE Gama",629,121262,"SE Gama",False,322,2003,2005-01-31,Defined,30,2005,,,2,1,"DISPLAY_NAME_UNRESOLVED",89,MEDIUM
315821,"","Clarkson Jorge",IDENTITY_FRAGMENT,Contracted,2924,629,121262,"SE Gama",629,121262,"SE Gama",False,75,2001,2006-01-31,Defined,30,2006,,,2,1,"DISPLAY_NAME_UNRESOLVED",89,MEDIUM
303476,"","de Andrade Peres",IDENTITY_FRAGMENT,Contracted,938,629,121262,"SE Gama",629,121262,"SE Gama",False,324,2003,2006-01-31,Defined,30,2006,,,2,1,"DISPLAY_NAME_UNRESOLVED",89,MEDIUM
3301057,"","de Carvalho Barbosa",IDENTITY_FRAGMENT,Contracted,5590,629,121262,"SE Gama",629,121262,"SE Gama",False,955,2001,2006-01-31,Defined,30,2006,,,2,1,"DISPLAY_NAME_UNRESOLVED",89,MEDIUM
311357,"","de Moraes Tobias",IDENTITY_FRAGMENT,Contracted,2360,629,121262,"SE Gama",629,121262,"SE Gama",False,333,2004,2006-01-31,Defined,30,2006,,,2,1,"DISPLAY_NAME_UNRESOLVED",89,MEDIUM
317942,"","Delvanir",IDENTITY_FRAGMENT,Contracted,3796,629,121262,"SE Gama",629,121262,"SE Gama",False,127,2003,2006-01-31,Defined,30,2006,,,1,1,"DISPLAY_NAME_UNRESOLVED",89,MEDIUM
318808,"","Dias da Silva",IDENTITY_FRAGMENT,Contracted,3957,629,121262,"SE Gama",629,121262,"SE Gama",False,356,2001,2005-01-31,Defined,30,2005,,,2,1,"DISPLAY_NAME_UNRESOLVED",89,MEDIUM
6700436,"","dos Ramos Maia",IDENTITY_FRAGMENT,Contracted,6385,629,121262,"SE Gama",629,121262,"SE Gama",False,627,2004,2004-12-06,Defined,340,2004,,,2,1,"DISPLAY_NAME_UNRESOLVED",89,MEDIUM
302427,"","Francisco Paulo",IDENTITY_FRAGMENT,Contracted,802,629,121262,"SE Gama",629,121262,"SE Gama",False,203,2004,2006-01-31,Defined,30,2006,,,2,1,"DISPLAY_NAME_UNRESOLVED",89,MEDIUM
315321,"","Garbin Walker",IDENTITY_FRAGMENT,OnLoan,2746,1211,313352,"CF Zico de Brasília SE (DF)",629,121262,"SE Gama",True,285,2003,2006-01-31,Defined,30,2006,285,2004-11-30,2,2,"DISPLAY_NAME_UNRESOLVED",97,HIGH
3300558,"","Giacomelli",IDENTITY_FRAGMENT,Contracted,5385,629,121262,"SE Gama",629,121262,"SE Gama",False,156,2002,2006-01-31,Defined,30,2006,,,1,1,"DISPLAY_NAME_UNRESOLVED",89,MEDIUM
315812,"","Goeber Henrique",IDENTITY_FRAGMENT,Contracted,2918,629,121262,"SE Gama",629,121262,"SE Gama",False,227,2001,2006-01-31,Defined,30,2006,,,2,1,"DISPLAY_NAME_UNRESOLVED",89,MEDIUM
8834815,"","Gueldini",IDENTITY_FRAGMENT,Contracted,7625,629,121262,"SE Gama",629,121262,"SE Gama",False,456,2001,2009-01-31,Defined,30,2009,,,1,1,"DISPLAY_NAME_UNRESOLVED",89,MEDIUM
8831776,"","Leite Mateus",IDENTITY_FRAGMENT,Contracted,7114,629,121262,"SE Gama",629,121262,"SE Gama",False,214,2001,2006-01-31,Defined,30,2006,,,2,1,"DISPLAY_NAME_UNRESOLVED",89,MEDIUM
8833724,"","Mendes da Silva",IDENTITY_FRAGMENT,Contracted,7559,629,121262,"SE Gama",629,121262,"SE Gama",False,75,2001,2005-01-31,Defined,30,2005,,,2,1,"DISPLAY_NAME_UNRESOLVED",89,MEDIUM
8832900,"","Michel Platini",IDENTITY_FRAGMENT,Contracted,7238,629,121262,"SE Gama",629,121262,"SE Gama",False,231,2004,2006-01-31,Defined,30,2006,,,2,1,"DISPLAY_NAME_UNRESOLVED",89,MEDIUM
310693,"","Morais Souza",IDENTITY_FRAGMENT,Contracted,2072,629,121262,"SE Gama",629,121262,"SE Gama",False,398,2001,2006-01-31,Defined,30,2006,,,2,1,"DISPLAY_NAME_UNRESOLVED",89,MEDIUM
315823,"","Moura da Cunha",IDENTITY_FRAGMENT,Contracted,2926,629,121262,"SE Gama",629,121262,"SE Gama",False,299,2001,2006-01-31,Defined,30,2006,,,2,1,"DISPLAY_NAME_UNRESOLVED",89,MEDIUM
315829,"","Renato Antônio",IDENTITY_FRAGMENT,Contracted,2932,629,121262,"SE Gama",629,121262,"SE Gama",False,162,2001,2006-01-31,Defined,30,2006,,,2,1,"DISPLAY_NAME_UNRESOLVED",89,MEDIUM
311182,"","Rios",IDENTITY_FRAGMENT,Contracted,2286,629,121262,"SE Gama",629,121262,"SE Gama",False,75,2001,2008-01-31,Defined,30,2008,,,1,1,"DISPLAY_NAME_UNRESOLVED",89,MEDIUM
315827,"","Rocha dos Anjos",IDENTITY_FRAGMENT,Contracted,2930,629,121262,"SE Gama",629,121262,"SE Gama",False,264,2002,2006-01-31,Defined,30,2006,,,2,1,"DISPLAY_NAME_UNRESOLVED",89,MEDIUM
315808,"","Weider",IDENTITY_FRAGMENT,Contracted,2914,629,121262,"SE Gama",629,121262,"SE Gama",False,86,2001,2006-01-31,Defined,30,2006,,,2,1,"DISPLAY_NAME_UNRESOLVED",89,MEDIUM
315826,"","Welton",IDENTITY_FRAGMENT,Contracted,2929,629,121262,"SE Gama",629,121262,"SE Gama",False,130,2001,2005-01-31,Defined,30,2005,,,2,1,"DISPLAY_NAME_UNRESOLVED",89,MEDIUM
3301311,"","Patrício Antônio",IDENTITY_FRAGMENT,Contracted,5722,852,301312,"SE Kindermann",852,301312,"SE Kindermann",False,673,2001,2006-01-31,Defined,30,2006,,,2,1,"DISPLAY_NAME_UNRESOLVED",89,MEDIUM
318498,"","Alberto Rafael",IDENTITY_FRAGMENT,Contracted,3923,866,301342,"SE Matonense",866,301342,"SE Matonense",False,75,2001,2005-01-31,Defined,30,2005,,,2,1,"DISPLAY_NAME_UNRESOLVED",89,MEDIUM
319738,"","Andrew",IDENTITY_FRAGMENT,Contracted,4174,866,301342,"SE Matonense",866,301342,"SE Matonense",False,75,2001,2006-01-31,Defined,30,2006,,,2,1,"DISPLAY_NAME_UNRESOLVED",89,MEDIUM
318501,"","Araújo",IDENTITY_FRAGMENT,Contracted,3926,866,301342,"SE Matonense",866,301342,"SE Matonense",False,100,2001,2007-01-31,Defined,30,2007,,,1,1,"DISPLAY_NAME_UNRESOLVED",89,MEDIUM
319742,"","Breno Alexandre",IDENTITY_FRAGMENT,Contracted,4178,866,301342,"SE Matonense",866,301342,"SE Matonense",False,75,2001,2006-01-31,Defined,30,2006,,,2,1,"DISPLAY_NAME_UNRESOLVED",89,MEDIUM
318500,"","Castelo Veiga",IDENTITY_FRAGMENT,Contracted,3925,866,301342,"SE Matonense",866,301342,"SE Matonense",False,378,2001,2007-01-31,Defined,30,2007,,,1,1,"DISPLAY_NAME_UNRESOLVED",89,MEDIUM
311770,"","de Oliveira Manoel",IDENTITY_FRAGMENT,Contracted,2443,866,301342,"SE Matonense",866,301342,"SE Matonense",False,75,2001,2005-01-31,Defined,30,2005,,,2,1,"DISPLAY_NAME_UNRESOLVED",89,MEDIUM
319741,"","dos Santos André",IDENTITY_FRAGMENT,Contracted,4177,866,301342,"SE Matonense",866,301342,"SE Matonense",False,75,2001,2006-01-31,Defined,30,2006,,,2,1,"DISPLAY_NAME_UNRESOLVED",89,MEDIUM
319744,"","dos Santos Espírito Santo",IDENTITY_FRAGMENT,Contracted,4179,866,301342,"SE Matonense",866,301342,"SE Matonense",False,230,2001,2006-01-31,Defined,30,2006,,,2,1,"DISPLAY_NAME_UNRESOLVED",89,MEDIUM
319746,"","Hernandes",IDENTITY_FRAGMENT,Contracted,4181,866,301342,"SE Matonense",866,301342,"SE Matonense",False,361,2001,2006-01-31,Defined,30,2006,,,2,1,"DISPLAY_NAME_UNRESOLVED",89,MEDIUM
304523,"","Joaquim Orlando",IDENTITY_FRAGMENT,Contracted,1180,866,301342,"SE Matonense",866,301342,"SE Matonense",False,100,2001,2008-01-31,Defined,30,2008,,,2,1,"DISPLAY_NAME_UNRESOLVED",89,MEDIUM
319752,"","Lindberg",IDENTITY_FRAGMENT,Contracted,4187,866,301342,"SE Matonense",866,301342,"SE Matonense",False,540,2001,2006-01-31,Defined,30,2006,,,2,1,"DISPLAY_NAME_UNRESOLVED",89,MEDIUM
319748,"","Marques Farias",IDENTITY_FRAGMENT,Contracted,4183,866,301342,"SE Matonense",866,301342,"SE Matonense",False,148,2001,2006-01-31,Defined,30,2006,,,2,1,"DISPLAY_NAME_UNRESOLVED",89,MEDIUM
3300938,"","Natalino Jacinto",IDENTITY_FRAGMENT,Contracted,5536,866,301342,"SE Matonense",866,301342,"SE Matonense",False,202,2003,2006-01-31,Defined,30,2006,,,2,1,"DISPLAY_NAME_UNRESOLVED",89,MEDIUM
319750,"","Nunes Ferreira",IDENTITY_FRAGMENT,Contracted,4185,866,301342,"SE Matonense",866,301342,"SE Matonense",False,75,2001,2005-01-31,Defined,30,2005,,,2,1,"DISPLAY_NAME_UNRESOLVED",89,MEDIUM
319749,"","Roger Paulo",IDENTITY_FRAGMENT,Contracted,4184,866,301342,"SE Matonense",866,301342,"SE Matonense",False,75,2001,2006-01-31,Defined,30,2006,,,2,1,"DISPLAY_NAME_UNRESOLVED",89,MEDIUM
304522,"","Rubens Sandro",IDENTITY_FRAGMENT,Contracted,1179,866,301342,"SE Matonense",866,301342,"SE Matonense",False,100,2001,2009-01-31,Defined,30,2009,,,1,1,"DISPLAY_NAME_UNRESOLVED",89,MEDIUM
319745,"","Zelão",IDENTITY_FRAGMENT,Contracted,4180,866,301342,"SE Matonense",866,301342,"SE Matonense",False,75,2001,2005-01-31,Defined,30,2005,,,2,1,"DISPLAY_NAME_UNRESOLVED",89,MEDIUM
319751,"","Zeziel Kléber",IDENTITY_FRAGMENT,Contracted,4186,866,301342,"SE Matonense",866,301342,"SE Matonense",False,442,2001,2006-01-31,Defined,30,2006,,,2,1,"DISPLAY_NAME_UNRESOLVED",89,MEDIUM
310945,"","Afonso",IDENTITY_FRAGMENT,Contracted,2168,58,329,"SE Palmeiras",58,329,"SE Palmeiras",False,67,2001,2007-12-31,Defined,364,2007,,,2,1,"DISPLAY_NAME_UNRESOLVED",89,MEDIUM
311153,"","Alceu",IDENTITY_FRAGMENT,Contracted,2268,58,329,"SE Palmeiras",58,329,"SE Palmeiras",False,458,2003,2006-12-31,Defined,364,2006,,,2,1,"DISPLAY_NAME_UNRESOLVED",89,MEDIUM
316606,"","André Fabião",IDENTITY_FRAGMENT,Contracted,3376,58,329,"SE Palmeiras",58,329,"SE Palmeiras",False,70,2001,2006-01-31,Defined,30,2006,,,2,1,"DISPLAY_NAME_UNRESOLVED",89,MEDIUM
316183,"","Aparecido Azevedo",IDENTITY_FRAGMENT,Contracted,3126,58,329,"SE Palmeiras",58,329,"SE Palmeiras",False,647,2004,2008-08-01,Defined,213,2008,,,2,1,"DISPLAY_NAME_UNRESOLVED",89,MEDIUM
316604,"","Barbosa Santos Júnior",IDENTITY_FRAGMENT,Contracted,3375,58,329,"SE Palmeiras",58,329,"SE Palmeiras",False,67,2001,2006-01-31,Defined,30,2006,,,2,1,"DISPLAY_NAME_UNRESOLVED",89,MEDIUM
8835242,"","Brandaglia Costa",IDENTITY_FRAGMENT,Contracted,7799,58,329,"SE Palmeiras",58,329,"SE Palmeiras",False,49,2002,2005-01-31,Defined,30,2005,,,2,1,"DISPLAY_NAME_UNRESOLVED",89,MEDIUM
320306,"","Carlinhos",IDENTITY_FRAGMENT,Contracted,4274,58,329,"SE Palmeiras",58,329,"SE Palmeiras",False,67,2001,2005-01-31,Defined,30,2005,,,2,1,"DISPLAY_NAME_UNRESOLVED",89,MEDIUM
3300194,"","Cavalieri",IDENTITY_FRAGMENT,Contracted,5279,58,329,"SE Palmeiras",58,329,"SE Palmeiras",False,151,2001,2006-01-31,Defined,30,2006,,,1,1,"DISPLAY_NAME_UNRESOLVED",89,MEDIUM
316608,"","Cazarine Constantino",IDENTITY_FRAGMENT,Contracted,3378,58,329,"SE Palmeiras",58,329,"SE Palmeiras",False,67,2001,2006-01-31,Defined,30,2006,,,2,1,"DISPLAY_NAME_UNRESOLVED",89,MEDIUM
320238,"","Cortez Cardoso",IDENTITY_FRAGMENT,Contracted,4238,58,329,"SE Palmeiras",58,329,"SE Palmeiras",False,67,2001,2005-01-31,Defined,30,2005,,,2,1,"DISPLAY_NAME_UNRESOLVED",89,MEDIUM
302695,"","da Silva Sarti",IDENTITY_FRAGMENT,Contracted,844,58,329,"SE Palmeiras",58,329,"SE Palmeiras",False,230,2001,2006-01-31,Defined,30,2006,,,2,1,"DISPLAY_NAME_UNRESOLVED",89,MEDIUM
316620,"","da Silva Souza Batista",IDENTITY_FRAGMENT,Contracted,3390,58,329,"SE Palmeiras",58,329,"SE Palmeiras",False,67,2001,2006-01-31,Defined,30,2006,,,2,1,"DISPLAY_NAME_UNRESOLVED",89,MEDIUM
6900129,"","Daniel Sabino",IDENTITY_FRAGMENT,Contracted,6487,58,329,"SE Palmeiras",58,329,"SE Palmeiras",False,310,2004,2004-12-31,Defined,365,2004,,,2,1,"DISPLAY_NAME_UNRESOLVED",89,MEDIUM
316636,"","de Jesús Lima",IDENTITY_FRAGMENT,Contracted,3404,58,329,"SE Palmeiras",58,329,"SE Palmeiras",False,240,2001,2006-01-31,Defined,30,2006,,,2,1,"DISPLAY_NAME_UNRESOLVED",89,MEDIUM
316610,"","de Jesus Monteiro",IDENTITY_FRAGMENT,Contracted,3380,58,329,"SE Palmeiras",58,329,"SE Palmeiras",False,67,2001,2006-01-31,Defined,30,2006,,,2,1,"DISPLAY_NAME_UNRESOLVED",89,MEDIUM
316626,"","de Oliveira dos Santos",IDENTITY_FRAGMENT,Contracted,3396,58,329,"SE Palmeiras",58,329,"SE Palmeiras",False,67,2001,2006-01-31,Defined,30,2006,,,2,1,"DISPLAY_NAME_UNRESOLVED",89,MEDIUM
8832892,"","de Souza Floresta",IDENTITY_FRAGMENT,Contracted,7230,58,329,"SE Palmeiras",58,329,"SE Palmeiras",False,584,2004,2006-12-31,Defined,364,2006,,,1,1,"DISPLAY_NAME_UNRESOLVED",89,MEDIUM
319519,"","de Souza Gama Silva",IDENTITY_FRAGMENT,Contracted,4058,58,329,"SE Palmeiras",58,329,"SE Palmeiras",False,355,2003,2008-08-30,Defined,242,2008,,,2,1,"DISPLAY_NAME_UNRESOLVED",89,MEDIUM
316609,"","Denílson",IDENTITY_FRAGMENT,Contracted,3379,58,329,"SE Palmeiras",58,329,"SE Palmeiras",False,67,2001,2006-01-31,Defined,30,2006,,,2,1,"DISPLAY_NAME_UNRESOLVED",89,MEDIUM
301629,"","Dermival",IDENTITY_FRAGMENT,Contracted,717,58,329,"SE Palmeiras",58,329,"SE Palmeiras",False,3152,2004,2004-12-31,Defined,365,2004,,,2,1,"DISPLAY_NAME_UNRESOLVED",89,MEDIUM
316603,"","dos Santos Cláudio",IDENTITY_FRAGMENT,Contracted,3374,58,329,"SE Palmeiras",58,329,"SE Palmeiras",False,315,2001,2006-01-31,Defined,30,2006,,,2,1,"DISPLAY_NAME_UNRESOLVED",89,MEDIUM
316612,"","Eliton",IDENTITY_FRAGMENT,Contracted,3382,58,329,"SE Palmeiras",58,329,"SE Palmeiras",False,126,2001,2006-01-31,Defined,30,2006,,,2,1,"DISPLAY_NAME_UNRESOLVED",89,MEDIUM
308407,"","Élson",IDENTITY_FRAGMENT,OnLoan,1929,573,107216,"Ituano SCF",58,329,"SE Palmeiras",True,712,2004,2009-01-01,Defined,0,2009,712,2004-12-31,2,2,"DISPLAY_NAME_UNRESOLVED",97,HIGH
2001415,"","Estevam Eduardo",IDENTITY_FRAGMENT,Contracted,4991,58,329,"SE Palmeiras",58,329,"SE Palmeiras",False,2531,2001,2008-01-31,Defined,30,2008,,,2,1,"DISPLAY_NAME_UNRESOLVED",89,MEDIUM
316613,"","Fábio Fernando",IDENTITY_FRAGMENT,Contracted,3383,58,329,"SE Palmeiras",58,329,"SE Palmeiras",False,67,2001,2006-01-31,Defined,30,2006,,,2,1,"DISPLAY_NAME_UNRESOLVED",89,MEDIUM
316614,"","Foriano Claudino",IDENTITY_FRAGMENT,Contracted,3384,58,329,"SE Palmeiras",58,329,"SE Palmeiras",False,67,2001,2006-01-31,Defined,30,2006,,,2,1,"DISPLAY_NAME_UNRESOLVED",89,MEDIUM
320241,"","Francis José",IDENTITY_FRAGMENT,Contracted,4241,58,329,"SE Palmeiras",58,329,"SE Palmeiras",False,75,2003,2006-01-31,Defined,30,2006,,,2,1,"DISPLAY_NAME_UNRESOLVED",89,MEDIUM
316615,"","Frede Ricardo",IDENTITY_FRAGMENT,Contracted,3385,58,329,"SE Palmeiras",58,329,"SE Palmeiras",False,67,2001,2006-01-31,Defined,30,2006,,,2,1,"DISPLAY_NAME_UNRESOLVED",89,MEDIUM
308419,"","Gentil",IDENTITY_FRAGMENT,Contracted,1936,58,329,"SE Palmeiras",58,329,"SE Palmeiras",False,724,2001,2006-01-31,Defined,30,2006,,,2,1,"DISPLAY_NAME_UNRESOLVED",89,MEDIUM
320242,"","George Franklin",IDENTITY_FRAGMENT,Contracted,4242,58,329,"SE Palmeiras",58,329,"SE Palmeiras",False,67,2001,2005-01-31,Defined,30,2005,,,1,1,"DISPLAY_NAME_UNRESOLVED",89,MEDIUM
8832891,"","Gerson José",IDENTITY_FRAGMENT,Contracted,7229,58,329,"SE Palmeiras",58,329,"SE Palmeiras",False,989,2001,2009-01-31,Defined,30,2009,,,2,1,"DISPLAY_NAME_UNRESOLVED",89,MEDIUM
311077,"","Glad",IDENTITY_FRAGMENT,Contracted,2230,58,329,"SE Palmeiras",58,329,"SE Palmeiras",False,374,2003,2007-04-17,Defined,106,2007,,,2,1,"DISPLAY_NAME_UNRESOLVED",89,MEDIUM
316616,"","Gláuber Leandro",IDENTITY_FRAGMENT,Contracted,3386,58,329,"SE Palmeiras",58,329,"SE Palmeiras",False,67,2001,2006-02-28,Defined,58,2006,,,2,1,"DISPLAY_NAME_UNRESOLVED",89,MEDIUM
316624,"","Gomes Antequeira",IDENTITY_FRAGMENT,Contracted,3394,58,329,"SE Palmeiras",58,329,"SE Palmeiras",False,164,2001,2006-01-31,Defined,30,2006,,,2,1,"DISPLAY_NAME_UNRESOLVED",89,MEDIUM
8835241,"","Guerreiro Rocha",IDENTITY_FRAGMENT,OnLoan,7798,577,107224,"Portuguesa Santista",58,329,"SE Palmeiras",True,134,2001,2005-01-31,Defined,30,2005,134,2004-12-31,2,2,"DISPLAY_NAME_UNRESOLVED",97,HIGH
8825507,"","Ilson",IDENTITY_FRAGMENT,Contracted,6769,58,329,"SE Palmeiras",58,329,"SE Palmeiras",False,50,2001,2005-01-31,Defined,30,2005,,,2,1,"DISPLAY_NAME_UNRESOLVED",89,MEDIUM
304500,"","José Amadeu",IDENTITY_FRAGMENT,Contracted,1163,58,329,"SE Palmeiras",58,329,"SE Palmeiras",False,280,2004,2004-12-31,Defined,365,2004,,,2,1,"DISPLAY_NAME_UNRESOLVED",89,MEDIUM
316087,"","José Xavier",IDENTITY_FRAGMENT,OnLoan,3082,960,309616,"A Garanhuense A",58,329,"SE Palmeiras",True,233,2003,2006-01-31,Defined,30,2006,233,2005-12-31,2,2,"DISPLAY_NAME_UNRESOLVED",97,HIGH
316619,"","Júlio César",IDENTITY_FRAGMENT,Contracted,3389,58,329,"SE Palmeiras",58,329,"SE Palmeiras",False,67,2001,2006-01-31,Defined,30,2006,,,2,1,"DISPLAY_NAME_UNRESOLVED",89,MEDIUM
317290,"","Karmino",IDENTITY_FRAGMENT,Contracted,3680,58,329,"SE Palmeiras",58,329,"SE Palmeiras",False,759,2001,2008-01-31,Defined,30,2008,,,2,1,"DISPLAY_NAME_UNRESOLVED",89,MEDIUM
6900055,"","Leonardo Devanir",IDENTITY_FRAGMENT,Contracted,6438,58,329,"SE Palmeiras",58,329,"SE Palmeiras",False,541,2004,2006-02-21,Defined,51,2006,,,2,1,"DISPLAY_NAME_UNRESOLVED",89,MEDIUM
316630,"","Lúcio Carlos",IDENTITY_FRAGMENT,Contracted,3398,58,329,"SE Palmeiras",58,329,"SE Palmeiras",False,258,2004,2007-01-09,Defined,8,2007,,,2,1,"DISPLAY_NAME_UNRESOLVED",89,MEDIUM
8832890,"","Magalhães Dias",IDENTITY_FRAGMENT,Contracted,7228,58,329,"SE Palmeiras",58,329,"SE Palmeiras",False,75,2004,2005-01-31,Defined,30,2005,,,1,1,"DISPLAY_NAME_UNRESOLVED",89,MEDIUM
8832895,"","Marques Mariano",IDENTITY_FRAGMENT,Contracted,7233,58,329,"SE Palmeiras",58,329,"SE Palmeiras",False,385,2004,2006-01-31,Defined,30,2006,,,2,1,"DISPLAY_NAME_UNRESOLVED",89,MEDIUM
6900073,"","Nen",IDENTITY_FRAGMENT,Contracted,6452,58,329,"SE Palmeiras",58,329,"SE Palmeiras",False,548,2004,2004-12-31,Defined,365,2004,,,2,1,"DISPLAY_NAME_UNRESOLVED",89,MEDIUM
307493,"","Neves Pereira",IDENTITY_FRAGMENT,OnLoan,1856,50,321,"Cruzeiro EC",58,329,"SE Palmeiras",True,664,2001,2006-01-31,Defined,30,2006,664,2004-12-31,2,2,"DISPLAY_NAME_UNRESOLVED",97,HIGH
308380,"","Novais Ferreira",IDENTITY_FRAGMENT,Contracted,1922,58,329,"SE Palmeiras",58,329,"SE Palmeiras",False,67,2001,2006-01-31,Defined,30,2006,,,2,1,"DISPLAY_NAME_UNRESOLVED",89,MEDIUM
8832894,"","Piçarro",IDENTITY_FRAGMENT,Contracted,7232,58,329,"SE Palmeiras",58,329,"SE Palmeiras",False,196,2001,2007-01-31,Defined,30,2007,,,2,1,"DISPLAY_NAME_UNRESOLVED",89,MEDIUM
303606,"","Pizzo Nascimento",IDENTITY_FRAGMENT,Contracted,959,58,329,"SE Palmeiras",58,329,"SE Palmeiras",False,119,2001,2006-01-31,Defined,30,2006,,,1,1,"DISPLAY_NAME_UNRESOLVED",89,MEDIUM
308178,"","Pracidelli",IDENTITY_FRAGMENT,Contracted,1866,58,329,"SE Palmeiras",58,329,"SE Palmeiras",False,759,2001,2007-01-31,Defined,30,2007,,,1,1,"DISPLAY_NAME_UNRESOLVED",89,MEDIUM
310781,"","Purificação Neto",IDENTITY_FRAGMENT,Contracted,2107,58,329,"SE Palmeiras",58,329,"SE Palmeiras",False,140,2001,2006-01-31,Defined,30,2006,,,2,1,"DISPLAY_NAME_UNRESOLVED",89,MEDIUM
4206469,"","Renaldo",IDENTITY_FRAGMENT,Contracted,6089,58,329,"SE Palmeiras",58,329,"SE Palmeiras",False,2841,2004,2006-01-31,Defined,30,2006,,,2,1,"DISPLAY_NAME_UNRESOLVED",89,MEDIUM
312093,"","Rodrigues Corrêa",IDENTITY_FRAGMENT,Contracted,2505,58,329,"SE Palmeiras",58,329,"SE Palmeiras",False,310,2001,2006-08-06,Defined,217,2006,,,2,1,"DISPLAY_NAME_UNRESOLVED",89,MEDIUM
3300144,"","Sérgio Luiz",IDENTITY_FRAGMENT,Contracted,5246,58,329,"SE Palmeiras",58,329,"SE Palmeiras",False,195,2000,2004-12-31,Defined,365,2004,,,2,1,"DISPLAY_NAME_UNRESOLVED",89,MEDIUM
3300066,"","Silveira Reis",IDENTITY_FRAGMENT,Contracted,5231,58,329,"SE Palmeiras",58,329,"SE Palmeiras",False,5400,2001,2006-01-31,Defined,30,2006,,,2,1,"DISPLAY_NAME_UNRESOLVED",89,MEDIUM
316623,"","Sílvio Frederick",IDENTITY_FRAGMENT,Contracted,3393,58,329,"SE Palmeiras",58,329,"SE Palmeiras",False,67,2001,2006-01-31,Defined,30,2006,,,2,1,"DISPLAY_NAME_UNRESOLVED",89,MEDIUM
304554,"","Smania",IDENTITY_FRAGMENT,Contracted,1196,58,329,"SE Palmeiras",58,329,"SE Palmeiras",False,1008,2001,2009-01-31,Defined,30,2009,,,2,1,"DISPLAY_NAME_UNRESOLVED",89,MEDIUM
308353,"","Teixeira de Oliveira Filho",IDENTITY_FRAGMENT,Contracted,1918,58,329,"SE Palmeiras",58,329,"SE Palmeiras",False,229,2001,2006-01-31,Defined,30,2006,,,2,1,"DISPLAY_NAME_UNRESOLVED",89,MEDIUM
6900563,"","Walmir",IDENTITY_FRAGMENT,Contracted,6553,58,329,"SE Palmeiras",58,329,"SE Palmeiras",False,759,2001,2007-01-31,Defined,30,2007,,,1,1,"DISPLAY_NAME_UNRESOLVED",89,MEDIUM
8832896,"","William Fernando",IDENTITY_FRAGMENT,Contracted,7234,58,329,"SE Palmeiras",58,329,"SE Palmeiras",False,74,2004,2008-06-30,Defined,181,2008,,,2,1,"DISPLAY_NAME_UNRESOLVED",89,MEDIUM
318179,"","Zabotto",IDENTITY_FRAGMENT,Contracted,3855,58,329,"SE Palmeiras",58,329,"SE Palmeiras",False,75,2003,2004-11-30,Defined,334,2004,,,2,1,"DISPLAY_NAME_UNRESOLVED",89,MEDIUM
319764,"","Zanardi",IDENTITY_FRAGMENT,Contracted,4196,58,329,"SE Palmeiras",58,329,"SE Palmeiras",False,551,2001,2009-01-31,Defined,30,2009,,,1,1,"DISPLAY_NAME_UNRESOLVED",89,MEDIUM
312199,"","Marlone",IDENTITY_FRAGMENT,Contracted,2520,969,309631,"SE Pauferrense",969,309631,"SE Pauferrense",False,250,2001,2008-01-31,Defined,30,2008,,,1,1,"DISPLAY_NAME_UNRESOLVED",89,MEDIUM
317896,"","Baby",IDENTITY_FRAGMENT,Contracted,3782,1172,313284,"SE Santa Inês",1172,313284,"SE Santa Inês",False,141,2001,2005-01-31,Defined,30,2005,,,2,1,"DISPLAY_NAME_UNRESOLVED",89,MEDIUM
317900,"","Castanho Vieira",IDENTITY_FRAGMENT,Contracted,3786,1172,313284,"SE Santa Inês",1172,313284,"SE Santa Inês",False,212,2001,2006-01-31,Defined,30,2006,,,2,1,"DISPLAY_NAME_UNRESOLVED",89,MEDIUM
317898,"","Dias Paulino",IDENTITY_FRAGMENT,Contracted,3784,1172,313284,"SE Santa Inês",1172,313284,"SE Santa Inês",False,198,2001,2006-01-31,Defined,30,2006,,,2,1,"DISPLAY_NAME_UNRESOLVED",89,MEDIUM
317897,"","Duarte de Souza",IDENTITY_FRAGMENT,Contracted,3783,1172,313284,"SE Santa Inês",1172,313284,"SE Santa Inês",False,124,2001,2006-01-31,Defined,30,2006,,,2,1,"DISPLAY_NAME_UNRESOLVED",89,MEDIUM
317902,"","Francisco Marcone",IDENTITY_FRAGMENT,Contracted,3788,1172,313284,"SE Santa Inês",1172,313284,"SE Santa Inês",False,270,2001,2006-01-31,Defined,30,2006,,,2,1,"DISPLAY_NAME_UNRESOLVED",89,MEDIUM
317906,"","Hilderlando",IDENTITY_FRAGMENT,Contracted,3792,1172,313284,"SE Santa Inês",1172,313284,"SE Santa Inês",False,373,2001,2005-01-31,Defined,30,2005,,,2,1,"DISPLAY_NAME_UNRESOLVED",89,MEDIUM
317903,"","Jordan",IDENTITY_FRAGMENT,Contracted,3789,1172,313284,"SE Santa Inês",1172,313284,"SE Santa Inês",False,252,2001,2006-01-31,Defined,30,2006,,,2,1,"DISPLAY_NAME_UNRESOLVED",89,MEDIUM
317904,"","Lima Filho",IDENTITY_FRAGMENT,Contracted,3790,1172,313284,"SE Santa Inês",1172,313284,"SE Santa Inês",False,170,2001,2005-01-31,Defined,30,2005,,,2,1,"DISPLAY_NAME_UNRESOLVED",89,MEDIUM
317899,"","Sampaio Gomes",IDENTITY_FRAGMENT,Contracted,3785,1172,313284,"SE Santa Inês",1172,313284,"SE Santa Inês",False,75,2001,2006-01-31,Defined,30,2006,,,2,1,"DISPLAY_NAME_UNRESOLVED",89,MEDIUM
317901,"","Silveira Pereira",IDENTITY_FRAGMENT,Contracted,3787,1172,313284,"SE Santa Inês",1172,313284,"SE Santa Inês",False,244,2001,2006-01-31,Defined,30,2006,,,2,1,"DISPLAY_NAME_UNRESOLVED",89,MEDIUM
305881,"","Balbé",IDENTITY_FRAGMENT,Contracted,1466,836,301282,"SE Santo Ângelo",836,301282,"SE Santo Ângelo",False,100,2001,2009-01-31,Defined,30,2009,,,1,1,"DISPLAY_NAME_UNRESOLVED",89,MEDIUM
302189,"","Darci Luiz",IDENTITY_FRAGMENT,Contracted,778,836,301282,"SE Santo Ângelo",836,301282,"SE Santo Ângelo",False,362,2003,2005-01-31,Defined,30,2005,,,1,1,"DISPLAY_NAME_UNRESOLVED",89,MEDIUM
305909,"","Ivo",IDENTITY_FRAGMENT,Contracted,1472,836,301282,"SE Santo Ângelo",836,301282,"SE Santo Ângelo",False,237,2001,2006-01-31,Defined,30,2006,,,1,1,"DISPLAY_NAME_UNRESOLVED",89,MEDIUM
306027,"","Jesum",IDENTITY_FRAGMENT,Contracted,1501,836,301282,"SE Santo Ângelo",836,301282,"SE Santo Ângelo",False,191,2001,2006-01-31,Defined,30,2006,,,2,1,"DISPLAY_NAME_UNRESOLVED",89,MEDIUM
303559,"","Sílvio Renato",IDENTITY_FRAGMENT,Contracted,948,836,301282,"SE Santo Ângelo",836,301282,"SE Santo Ângelo",False,114,2001,2005-01-31,Defined,30,2005,,,2,1,"DISPLAY_NAME_UNRESOLVED",89,MEDIUM
305877,"","Vânderson Roberto",IDENTITY_FRAGMENT,Contracted,1462,836,301282,"SE Santo Ângelo",836,301282,"SE Santo Ângelo",False,347,2001,2006-01-31,Defined,30,2006,,,1,1,"DISPLAY_NAME_UNRESOLVED",89,MEDIUM
306032,"","Vandré",IDENTITY_FRAGMENT,Contracted,1502,836,301282,"SE Santo Ângelo",836,301282,"SE Santo Ângelo",False,147,2001,2006-01-31,Defined,30,2006,,,2,1,"DISPLAY_NAME_UNRESOLVED",89,MEDIUM
7004072,"","Anastácio",IDENTITY_FRAGMENT,Contracted,6585,1071,311040,"SE São Gabriel",1071,311040,"SE São Gabriel",False,215,2001,2005-01-31,Defined,30,2005,,,2,1,"DISPLAY_NAME_UNRESOLVED",89,MEDIUM
311521,"","Cedenir",IDENTITY_FRAGMENT,Contracted,2398,1071,311040,"SE São Gabriel",1071,311040,"SE São Gabriel",False,250,2001,2007-01-31,Defined,30,2007,,,1,1,"DISPLAY_NAME_UNRESOLVED",89,MEDIUM
311532,"","Darzoni",IDENTITY_FRAGMENT,Contracted,2406,1071,311040,"SE São Gabriel",1071,311040,"SE São Gabriel",False,132,2001,2006-01-31,Defined,30,2006,,,2,1,"DISPLAY_NAME_UNRESOLVED",89,MEDIUM
305868,"","Domingues Alves",IDENTITY_FRAGMENT,Contracted,1459,1071,311040,"SE São Gabriel",1071,311040,"SE São Gabriel",False,258,2003,2006-01-31,Defined,30,2006,,,2,1,"DISPLAY_NAME_UNRESOLVED",89,MEDIUM
311536,"","Eliseo",IDENTITY_FRAGMENT,Contracted,2407,1071,311040,"SE São Gabriel",1071,311040,"SE São Gabriel",False,338,2001,2006-01-31,Defined,30,2006,,,1,1,"DISPLAY_NAME_UNRESOLVED",89,MEDIUM
304253,"","Fernando Donizete",IDENTITY_FRAGMENT,Contracted,1084,1071,311040,"SE São Gabriel",1071,311040,"SE São Gabriel",False,373,2003,2006-01-31,Defined,30,2006,,,2,1,"DISPLAY_NAME_UNRESOLVED",89,MEDIUM
311522,"","Ferro",IDENTITY_FRAGMENT,Contracted,2399,1071,311040,"SE São Gabriel",1071,311040,"SE São Gabriel",False,125,2001,2008-01-31,Defined,30,2008,,,1,1,"DISPLAY_NAME_UNRESOLVED",89,MEDIUM
319267,"","João Carlos",IDENTITY_FRAGMENT,Contracted,3996,1071,311040,"SE São Gabriel",1071,311040,"SE São Gabriel",False,56,2001,2005-01-31,Defined,30,2005,,,2,1,"DISPLAY_NAME_UNRESOLVED",89,MEDIUM
305494,"","Marcelo Fumaça",IDENTITY_FRAGMENT,Contracted,1380,1071,311040,"SE São Gabriel",1071,311040,"SE São Gabriel",False,337,2003,2006-01-31,Defined,30,2006,,,2,1,"DISPLAY_NAME_UNRESOLVED",89,MEDIUM
311523,"","Pitinga",IDENTITY_FRAGMENT,Contracted,2400,1071,311040,"SE São Gabriel",1071,311040,"SE São Gabriel",False,100,2001,2008-01-31,Defined,30,2008,,,1,1,"DISPLAY_NAME_UNRESOLVED",89,MEDIUM
311529,"","Ribeiro Teixeira",IDENTITY_FRAGMENT,Contracted,2404,1071,311040,"SE São Gabriel",1071,311040,"SE São Gabriel",False,191,2001,2006-01-31,Defined,30,2006,,,2,1,"DISPLAY_NAME_UNRESOLVED",89,MEDIUM
303595,"","Rodrigo Gasolina",IDENTITY_FRAGMENT,Contracted,954,1071,311040,"SE São Gabriel",1071,311040,"SE São Gabriel",False,416,2003,2006-01-31,Defined,30,2006,,,2,1,"DISPLAY_NAME_UNRESOLVED",89,MEDIUM
310838,"","Brás Cubas",IDENTITY_FRAGMENT,Contracted,2128,897,303012,"SE São José (AP)",897,303012,"SE São José (AP)",False,75,2001,2006-01-31,Defined,30,2006,,,2,1,"DISPLAY_NAME_UNRESOLVED",89,MEDIUM
310840,"","Fausto",IDENTITY_FRAGMENT,Contracted,2129,897,303012,"SE São José (AP)",897,303012,"SE São José (AP)",False,75,2001,2006-01-31,Defined,30,2006,,,2,1,"DISPLAY_NAME_UNRESOLVED",89,MEDIUM
316980,"","Lima Neto",IDENTITY_FRAGMENT,Contracted,3516,897,303012,"SE São José (AP)",897,303012,"SE São José (AP)",False,250,2001,2008-01-31,Defined,30,2008,,,2,1,"DISPLAY_NAME_UNRESOLVED",89,MEDIUM
310835,"","Pontes Vasconcelos",IDENTITY_FRAGMENT,Contracted,2127,897,303012,"SE São José (AP)",897,303012,"SE São José (AP)",False,75,2001,2005-01-31,Defined,30,2005,,,2,1,"DISPLAY_NAME_UNRESOLVED",89,MEDIUM
310830,"","Trinidade de Souza",IDENTITY_FRAGMENT,Contracted,2126,897,303012,"SE São José (AP)",897,303012,"SE São José (AP)",False,75,2001,2006-01-31,Defined,30,2006,,,2,1,"DISPLAY_NAME_UNRESOLVED",89,MEDIUM
311473,"","Wisner",IDENTITY_FRAGMENT,Contracted,2390,1422,317946,"SE Unaí Itapuã",1422,317946,"SE Unaí Itapuã",False,250,2001,2007-01-31,Defined,30,2007,,,1,1,"DISPLAY_NAME_UNRESOLVED",89,MEDIUM
306609,"","Costa Pereira",IDENTITY_FRAGMENT,Contracted,1660,962,309619,"SE União Cacoalense",962,309619,"SE União Cacoalense",False,176,2001,2006-01-31,Defined,30,2006,,,2,1,"DISPLAY_NAME_UNRESOLVED",89,MEDIUM
8834814,"","Fluedinaldo",IDENTITY_FRAGMENT,Contracted,7624,962,309619,"SE União Cacoalense",962,309619,"SE União Cacoalense",False,100,2001,2008-01-31,Defined,30,2008,,,1,1,"DISPLAY_NAME_UNRESOLVED",89,MEDIUM
312256,"","Ionay",IDENTITY_FRAGMENT,Contracted,2541,962,309619,"SE União Cacoalense",962,309619,"SE União Cacoalense",False,270,2001,2008-01-31,Defined,30,2008,,,1,1,"DISPLAY_NAME_UNRESOLVED",89,MEDIUM
306622,"","Marialvo José",IDENTITY_FRAGMENT,Contracted,1662,962,309619,"SE União Cacoalense",962,309619,"SE União Cacoalense",False,75,2001,2006-01-31,Defined,30,2006,,,2,1,"DISPLAY_NAME_UNRESOLVED",89,MEDIUM
305102,"","Nélson Rodrigo",IDENTITY_FRAGMENT,Contracted,1306,962,309619,"SE União Cacoalense",962,309619,"SE União Cacoalense",False,170,2001,2006-01-31,Defined,30,2006,,,2,1,"DISPLAY_NAME_UNRESOLVED",89,MEDIUM
306620,"","Régis Eduardo",IDENTITY_FRAGMENT,Contracted,1661,962,309619,"SE União Cacoalense",962,309619,"SE União Cacoalense",False,75,2001,2006-01-31,Defined,30,2006,,,2,1,"DISPLAY_NAME_UNRESOLVED",89,MEDIUM
301703,"","Eduardo Francisco",IDENTITY_FRAGMENT,Contracted,726,738,200373,"Seongnam Ilhwa Chunma",738,200373,"Seongnam Ilhwa Chunma",False,3197,2004,2007-07-28,Defined,208,2007,,,2,1,"DISPLAY_NAME_UNRESOLVED",89,MEDIUM
8833728,"","Airton",IDENTITY_FRAGMENT,Contracted,7563,828,301266,"SER Caxias do Sul",828,301266,"SER Caxias do Sul",False,124,2003,2004-12-31,Defined,365,2004,,,2,1,"DISPLAY_NAME_UNRESOLVED",89,MEDIUM
8833729,"","Alcione",IDENTITY_FRAGMENT,Contracted,7564,828,301266,"SER Caxias do Sul",828,301266,"SER Caxias do Sul",False,30,2001,2005-01-31,Defined,30,2005,,,2,1,"DISPLAY_NAME_UNRESOLVED",89,MEDIUM
305730,"","Aloir",IDENTITY_FRAGMENT,Contracted,1428,828,301266,"SER Caxias do Sul",828,301266,"SER Caxias do Sul",False,75,2001,2008-01-31,Defined,30,2008,,,2,1,"DISPLAY_NAME_UNRESOLVED",89,MEDIUM
8833731,"","Aluísio Edvaldo",IDENTITY_FRAGMENT,FormationContract,7566,828,301266,"SER Caxias do Sul",828,301266,"SER Caxias do Sul",False,30,2001,,NotDefined,1,1900,,,2,1,"SENTINEL_END_DATE|DISPLAY_NAME_UNRESOLVED",89,MEDIUM
8833771,"","Alzino",IDENTITY_FRAGMENT,Contracted,7606,828,301266,"SER Caxias do Sul",828,301266,"SER Caxias do Sul",False,100,2001,2007-01-31,Defined,30,2007,,,1,1,"DISPLAY_NAME_UNRESOLVED",89,MEDIUM
8833751,"","Alzino Augusto",IDENTITY_FRAGMENT,Contracted,7586,828,301266,"SER Caxias do Sul",828,301266,"SER Caxias do Sul",False,30,2001,2005-01-31,Defined,30,2005,,,2,1,"DISPLAY_NAME_UNRESOLVED",89,MEDIUM
3301240,"Anderson","Anderson",KNOWN_DISPLAY_NAME,OnLoan,5682,51,322,"CR Flamengo",828,301266,"SER Caxias do Sul",True,402,2001,2006-01-31,Defined,30,2006,402,2004-12-31,2,2,"IDENTITY_NOT_RESOLVED",97,HIGH
8833734,"","Arizinho",IDENTITY_FRAGMENT,Contracted,7569,828,301266,"SER Caxias do Sul",828,301266,"SER Caxias do Sul",False,75,2001,2005-01-31,Defined,30,2005,,,2,1,"DISPLAY_NAME_UNRESOLVED",89,MEDIUM
8833741,"","Assmann",IDENTITY_FRAGMENT,Contracted,7576,828,301266,"SER Caxias do Sul",828,301266,"SER Caxias do Sul",False,75,2001,2005-01-31,Defined,30,2005,,,2,1,"DISPLAY_NAME_UNRESOLVED",89,MEDIUM
8833772,"","Balbino de Oliveira",IDENTITY_FRAGMENT,Contracted,7607,828,301266,"SER Caxias do Sul",828,301266,"SER Caxias do Sul",False,75,2001,2008-01-31,Defined,30,2008,,,1,1,"DISPLAY_NAME_UNRESOLVED",89,MEDIUM
8833737,"","Bergher",IDENTITY_FRAGMENT,FormationContract,7572,828,301266,"SER Caxias do Sul",828,301266,"SER Caxias do Sul",False,30,2001,,NotDefined,1,1900,,,2,1,"SENTINEL_END_DATE|DISPLAY_NAME_UNRESOLVED",89,MEDIUM
311892,"","Bertuol",IDENTITY_FRAGMENT,Contracted,2466,828,301266,"SER Caxias do Sul",828,301266,"SER Caxias do Sul",False,75,2001,2008-01-31,Defined,30,2008,,,1,1,"DISPLAY_NAME_UNRESOLVED",89,MEDIUM
320630,"","Bruno Fernando",IDENTITY_FRAGMENT,Contracted,4354,828,301266,"SER Caxias do Sul",828,301266,"SER Caxias do Sul",False,261,2003,2005-12-31,Defined,364,2005,,,2,1,"DISPLAY_NAME_UNRESOLVED",89,MEDIUM
8833732,"","Carvalho Souza",IDENTITY_FRAGMENT,FormationContract,7567,828,301266,"SER Caxias do Sul",828,301266,"SER Caxias do Sul",False,30,2001,,NotDefined,1,1900,,,2,1,"SENTINEL_END_DATE|DISPLAY_NAME_UNRESOLVED",89,MEDIUM
311900,"","Cassiano",IDENTITY_FRAGMENT,Contracted,2472,828,301266,"SER Caxias do Sul",828,301266,"SER Caxias do Sul",False,114,2002,2004-12-31,Defined,365,2004,,,2,1,"DISPLAY_NAME_UNRESOLVED",89,MEDIUM
8825000,"","Cidimar",IDENTITY_FRAGMENT,OnLoan,6711,55,326,"SC Internacional",828,301266,"SER Caxias do Sul",True,332,2004,2007-01-01,Defined,0,2007,332,2004-12-31,2,2,"DISPLAY_NAME_UNRESOLVED",97,HIGH
3301160,"","Cleilton Eduardo",IDENTITY_FRAGMENT,Contracted,5634,828,301266,"SER Caxias do Sul",828,301266,"SER Caxias do Sul",False,377,2004,2006-01-31,Defined,30,2006,,,2,1,"DISPLAY_NAME_UNRESOLVED",89,MEDIUM
316195,"","Cleiton Fernando",IDENTITY_FRAGMENT,OnLoan,3133,55,326,"SC Internacional",828,301266,"SER Caxias do Sul",True,433,2001,2005-06-30,Defined,180,2005,433,2004-12-31,2,2,"DISPLAY_NAME_UNRESOLVED",97,HIGH
8832962,"","Cleyber Daniel",IDENTITY_FRAGMENT,OnLoan,7280,55,326,"SC Internacional",828,301266,"SER Caxias do Sul",True,309,2001,2004-12-31,Defined,365,2004,309,2004-11-30,2,2,"DISPLAY_NAME_UNRESOLVED",97,HIGH
320631,"","da Costa Britto",IDENTITY_FRAGMENT,Contracted,4355,828,301266,"SER Caxias do Sul",828,301266,"SER Caxias do Sul",False,75,2003,2006-10-31,Defined,303,2006,,,2,1,"DISPLAY_NAME_UNRESOLVED",89,MEDIUM
8833754,"","da Rosa Ribeiro",IDENTITY_FRAGMENT,FormationContract,7589,828,301266,"SER Caxias do Sul",828,301266,"SER Caxias do Sul",False,30,2001,,NotDefined,1,1900,,,2,1,"SENTINEL_END_DATE|DISPLAY_NAME_UNRESOLVED",89,MEDIUM
8833757,"","da Silva Casimiro",IDENTITY_FRAGMENT,Contracted,7592,828,301266,"SER Caxias do Sul",828,301266,"SER Caxias do Sul",False,75,2001,2005-01-31,Defined,30,2005,,,2,1,"DISPLAY_NAME_UNRESOLVED",89,MEDIUM
8833752,"","de Arruda Lima",IDENTITY_FRAGMENT,Contracted,7587,828,301266,"SER Caxias do Sul",828,301266,"SER Caxias do Sul",False,30,2001,2005-01-31,Defined,30,2005,,,2,1,"DISPLAY_NAME_UNRESOLVED",89,MEDIUM
8833744,"","de Baldi",IDENTITY_FRAGMENT,Contracted,7579,828,301266,"SER Caxias do Sul",828,301266,"SER Caxias do Sul",False,75,2001,2005-01-31,Defined,30,2005,,,2,1,"DISPLAY_NAME_UNRESOLVED",89,MEDIUM
8833727,"","de Jesús Velho",IDENTITY_FRAGMENT,Contracted,7562,828,301266,"SER Caxias do Sul",828,301266,"SER Caxias do Sul",False,75,2001,2005-01-31,Defined,30,2005,,,2,1,"DISPLAY_NAME_UNRESOLVED",89,MEDIUM
315271,"","de Oliveira Monteiro",IDENTITY_FRAGMENT,OnLoan,2730,524,104775,"Bangu AC",828,301266,"SER Caxias do Sul",True,410,2001,2006-01-31,Defined,30,2006,410,2004-12-31,2,2,"DISPLAY_NAME_UNRESOLVED",97,HIGH
3300329,"","Delvi da Costa",IDENTITY_FRAGMENT,OnLoan,5328,569,107208,"Avaí FC",828,301266,"SER Caxias do Sul",True,553,2003,2006-01-31,Defined,30,2006,553,2004-12-31,2,2,"DISPLAY_NAME_UNRESOLVED",97,HIGH
8833730,"","dos Santos de Freitas",IDENTITY_FRAGMENT,FormationContract,7565,828,301266,"SER Caxias do Sul",828,301266,"SER Caxias do Sul",False,30,2001,,NotDefined,1,1900,,,2,1,"SENTINEL_END_DATE|DISPLAY_NAME_UNRESOLVED",89,MEDIUM
8833736,"","dos Santos Nery",IDENTITY_FRAGMENT,Contracted,7571,828,301266,"SER Caxias do Sul",828,301266,"SER Caxias do Sul",False,30,2001,2005-01-31,Defined,30,2005,,,2,1,"DISPLAY_NAME_UNRESOLVED",89,MEDIUM
8833769,"","Dutra da Silva",IDENTITY_FRAGMENT,FormationContract,7604,828,301266,"SER Caxias do Sul",828,301266,"SER Caxias do Sul",False,30,2001,,NotDefined,1,1900,,,1,1,"SENTINEL_END_DATE|DISPLAY_NAME_UNRESOLVED",89,MEDIUM
320609,"","Esequiel",IDENTITY_FRAGMENT,Contracted,4347,828,301266,"SER Caxias do Sul",828,301266,"SER Caxias do Sul",False,172,2002,2005-12-31,Defined,364,2005,,,2,1,"DISPLAY_NAME_UNRESOLVED",89,MEDIUM
305716,"","Felipe Augusto",IDENTITY_FRAGMENT,Contracted,1424,828,301266,"SER Caxias do Sul",828,301266,"SER Caxias do Sul",False,75,2001,2009-01-31,Defined,30,2009,,,2,1,"DISPLAY_NAME_UNRESOLVED",89,MEDIUM
320608,"","Flores Gomes",IDENTITY_FRAGMENT,Contracted,4346,828,301266,"SER Caxias do Sul",828,301266,"SER Caxias do Sul",False,208,2003,2005-12-31,Defined,364,2005,,,2,1,"DISPLAY_NAME_UNRESOLVED",89,MEDIUM
320612,"","Fortunatti",IDENTITY_FRAGMENT,Contracted,4348,828,301266,"SER Caxias do Sul",828,301266,"SER Caxias do Sul",False,254,2003,2005-12-31,Defined,364,2005,,,2,1,"DISPLAY_NAME_UNRESOLVED",89,MEDIUM
320642,"","Frasson",IDENTITY_FRAGMENT,Contracted,4358,828,301266,"SER Caxias do Sul",828,301266,"SER Caxias do Sul",False,75,2001,2005-01-31,Defined,30,2005,,,1,1,"DISPLAY_NAME_UNRESOLVED",89,MEDIUM
8833759,"","Garcia Vieira",IDENTITY_FRAGMENT,Contracted,7594,828,301266,"SER Caxias do Sul",828,301266,"SER Caxias do Sul",False,30,2001,2005-01-31,Defined,30,2005,,,2,1,"DISPLAY_NAME_UNRESOLVED",89,MEDIUM
8833755,"","Gavìraghi",IDENTITY_FRAGMENT,Contracted,7590,828,301266,"SER Caxias do Sul",828,301266,"SER Caxias do Sul",False,75,2001,2006-10-17,Defined,289,2006,,,2,1,"DISPLAY_NAME_UNRESOLVED",89,MEDIUM
8833743,"","Gilian",IDENTITY_FRAGMENT,FormationContract,7578,828,301266,"SER Caxias do Sul",828,301266,"SER Caxias do Sul",False,30,2001,,NotDefined,1,1900,,,2,1,"SENTINEL_END_DATE|DISPLAY_NAME_UNRESOLVED",89,MEDIUM
8833745,"","Goin",IDENTITY_FRAGMENT,FormationContract,7580,828,301266,"SER Caxias do Sul",828,301266,"SER Caxias do Sul",False,30,2001,,NotDefined,1,1900,,,2,1,"SENTINEL_END_DATE|DISPLAY_NAME_UNRESOLVED",89,MEDIUM
8833735,"","Guedes Ribeiro",IDENTITY_FRAGMENT,Contracted,7570,828,301266,"SER Caxias do Sul",828,301266,"SER Caxias do Sul",False,30,2001,2005-01-31,Defined,30,2005,,,2,1,"DISPLAY_NAME_UNRESOLVED",89,MEDIUM
8833747,"","Héverton Luís",IDENTITY_FRAGMENT,FormationContract,7582,828,301266,"SER Caxias do Sul",828,301266,"SER Caxias do Sul",False,30,2001,,NotDefined,1,1900,,,2,1,"SENTINEL_END_DATE|DISPLAY_NAME_UNRESOLVED",89,MEDIUM
8833746,"","Holz Dillschneider",IDENTITY_FRAGMENT,Contracted,7581,828,301266,"SER Caxias do Sul",828,301266,"SER Caxias do Sul",False,30,2001,2005-01-31,Defined,30,2005,,,2,1,"DISPLAY_NAME_UNRESOLVED",89,MEDIUM
8833749,"","Jarbas Alex",IDENTITY_FRAGMENT,Contracted,7584,828,301266,"SER Caxias do Sul",828,301266,"SER Caxias do Sul",False,30,2001,2005-01-31,Defined,30,2005,,,2,1,"DISPLAY_NAME_UNRESOLVED",89,MEDIUM
307392,"","José Cristiano",IDENTITY_FRAGMENT,OnLoan,1847,54,325,"Guarani FC",828,301266,"SER Caxias do Sul",True,1530,2002,2006-01-31,Defined,30,2006,1530,2004-11-30,2,2,"DISPLAY_NAME_UNRESOLVED",97,HIGH
320638,"","Josino",IDENTITY_FRAGMENT,Contracted,4357,828,301266,"SER Caxias do Sul",828,301266,"SER Caxias do Sul",False,75,2003,2006-10-31,Defined,303,2006,,,2,1,"DISPLAY_NAME_UNRESOLVED",89,MEDIUM
8833750,"","Juliano Marcos",IDENTITY_FRAGMENT,Contracted,7585,828,301266,"SER Caxias do Sul",828,301266,"SER Caxias do Sul",False,97,2004,2006-01-31,Defined,30,2006,,,2,1,"DISPLAY_NAME_UNRESOLVED",89,MEDIUM
8833738,"","Júlio Cézar",IDENTITY_FRAGMENT,FormationContract,7573,828,301266,"SER Caxias do Sul",828,301266,"SER Caxias do Sul",False,30,2001,,NotDefined,1,1900,,,2,1,"SENTINEL_END_DATE|DISPLAY_NAME_UNRESOLVED",89,MEDIUM
8833760,"","Júnior César",IDENTITY_FRAGMENT,FormationContract,7595,828,301266,"SER Caxias do Sul",828,301266,"SER Caxias do Sul",False,30,2001,,NotDefined,1,1900,,,2,1,"SENTINEL_END_DATE|DISPLAY_NAME_UNRESOLVED",89,MEDIUM
8833758,"","Konzen",IDENTITY_FRAGMENT,Contracted,7593,828,301266,"SER Caxias do Sul",828,301266,"SER Caxias do Sul",False,30,2001,2005-01-31,Defined,30,2005,,,2,1,"DISPLAY_NAME_UNRESOLVED",89,MEDIUM
8833774,"","Kuse",IDENTITY_FRAGMENT,Contracted,7609,828,301266,"SER Caxias do Sul",828,301266,"SER Caxias do Sul",False,100,2001,2009-01-31,Defined,30,2009,,,1,1,"DISPLAY_NAME_UNRESOLVED",89,MEDIUM
8833753,"","Lucas Adriano",IDENTITY_FRAGMENT,Contracted,7588,828,301266,"SER Caxias do Sul",828,301266,"SER Caxias do Sul",False,30,2001,2005-01-31,Defined,30,2005,,,2,1,"DISPLAY_NAME_UNRESOLVED",89,MEDIUM
8833739,"","Luiz Fernandes",IDENTITY_FRAGMENT,Contracted,7574,828,301266,"SER Caxias do Sul",828,301266,"SER Caxias do Sul",False,195,2003,2006-10-31,Defined,303,2006,,,2,1,"DISPLAY_NAME_UNRESOLVED",89,MEDIUM
316006,"","Luiz Müller",IDENTITY_FRAGMENT,OnLoan,3047,55,326,"SC Internacional",828,301266,"SER Caxias do Sul",True,180,2003,2008-05-04,Defined,124,2008,180,2004-11-30,2,2,"DISPLAY_NAME_UNRESOLVED",97,HIGH
320618,"","Machado Jaenisch",IDENTITY_FRAGMENT,Contracted,4353,828,301266,"SER Caxias do Sul",828,301266,"SER Caxias do Sul",False,125,2001,2009-01-31,Defined,30,2009,,,2,1,"DISPLAY_NAME_UNRESOLVED",89,MEDIUM
8833756,"","Maicon Luís",IDENTITY_FRAGMENT,FormationContract,7591,828,301266,"SER Caxias do Sul",828,301266,"SER Caxias do Sul",False,30,2001,,NotDefined,1,1900,,,2,1,"SENTINEL_END_DATE|DISPLAY_NAME_UNRESOLVED",89,MEDIUM
8833748,"","Martins Silveira",IDENTITY_FRAGMENT,Contracted,7583,828,301266,"SER Caxias do Sul",828,301266,"SER Caxias do Sul",False,30,2001,2005-01-31,Defined,30,2005,,,2,1,"DISPLAY_NAME_UNRESOLVED",89,MEDIUM
311893,"","Muniz Gomes",IDENTITY_FRAGMENT,Contracted,2467,828,301266,"SER Caxias do Sul",828,301266,"SER Caxias do Sul",False,100,2001,2008-01-31,Defined,30,2008,,,1,1,"DISPLAY_NAME_UNRESOLVED",89,MEDIUM
8833733,"","Neitzke",IDENTITY_FRAGMENT,Contracted,7568,828,301266,"SER Caxias do Sul",828,301266,"SER Caxias do Sul",False,30,2001,2005-01-31,Defined,30,2005,,,2,1,"DISPLAY_NAME_UNRESOLVED",89,MEDIUM
320636,"","Parreira Lopes",IDENTITY_FRAGMENT,Contracted,4356,828,301266,"SER Caxias do Sul",828,301266,"SER Caxias do Sul",False,75,2003,2005-12-31,Defined,364,2005,,,2,1,"DISPLAY_NAME_UNRESOLVED",89,MEDIUM
8833740,"","Passamani Pinto",IDENTITY_FRAGMENT,Contracted,7575,828,301266,"SER Caxias do Sul",828,301266,"SER Caxias do Sul",False,30,2003,2006-10-31,Defined,303,2006,,,2,1,"DISPLAY_NAME_UNRESOLVED",89,MEDIUM
8833762,"","Perazzoli",IDENTITY_FRAGMENT,Contracted,7597,828,301266,"SER Caxias do Sul",828,301266,"SER Caxias do Sul",False,75,2001,2005-01-31,Defined,30,2005,,,2,1,"DISPLAY_NAME_UNRESOLVED",89,MEDIUM
8833776,"","Péricles",IDENTITY_FRAGMENT,Contracted,7611,828,301266,"SER Caxias do Sul",828,301266,"SER Caxias do Sul",False,100,2001,2007-01-31,Defined,30,2007,,,1,1,"DISPLAY_NAME_UNRESOLVED",89,MEDIUM
8833761,"","Plínio César",IDENTITY_FRAGMENT,Contracted,7596,828,301266,"SER Caxias do Sul",828,301266,"SER Caxias do Sul",False,30,2004,2007-02-28,Defined,58,2007,,,2,1,"DISPLAY_NAME_UNRESOLVED",89,MEDIUM
311901,"","Rafael Mussamba",IDENTITY_FRAGMENT,Contracted,2473,828,301266,"SER Caxias do Sul",828,301266,"SER Caxias do Sul",False,555,2002,2005-12-31,Defined,364,2005,,,2,1,"DISPLAY_NAME_UNRESOLVED",89,MEDIUM
311895,"","Rigatto Paese",IDENTITY_FRAGMENT,Contracted,2469,828,301266,"SER Caxias do Sul",828,301266,"SER Caxias do Sul",False,100,2001,2009-01-31,Defined,30,2009,,,1,1,"DISPLAY_NAME_UNRESOLVED",89,MEDIUM
311908,"","Rodrigues Cruz",IDENTITY_FRAGMENT,Contracted,2475,828,301266,"SER Caxias do Sul",828,301266,"SER Caxias do Sul",False,248,2002,2005-07-31,Defined,211,2005,,,2,1,"DISPLAY_NAME_UNRESOLVED",89,MEDIUM
8833764,"","Rogério Albert",IDENTITY_FRAGMENT,Contracted,7599,828,301266,"SER Caxias do Sul",828,301266,"SER Caxias do Sul",False,75,2003,2006-12-01,Defined,334,2006,,,2,1,"DISPLAY_NAME_UNRESOLVED",89,MEDIUM
8833777,"","Rúbio",IDENTITY_FRAGMENT,Contracted,7612,828,301266,"SER Caxias do Sul",828,301266,"SER Caxias do Sul",False,100,2001,2007-01-31,Defined,30,2007,,,2,1,"DISPLAY_NAME_UNRESOLVED",89,MEDIUM
3300833,"","Sadi",IDENTITY_FRAGMENT,Contracted,5492,828,301266,"SER Caxias do Sul",828,301266,"SER Caxias do Sul",False,100,2001,2008-01-31,Defined,30,2008,,,2,1,"DISPLAY_NAME_UNRESOLVED",89,MEDIUM
8833766,"","Santa Cruz",IDENTITY_FRAGMENT,Contracted,7601,828,301266,"SER Caxias do Sul",828,301266,"SER Caxias do Sul",False,75,2001,2005-01-31,Defined,30,2005,,,2,1,"DISPLAY_NAME_UNRESOLVED",89,MEDIUM
8833768,"","Schlinguein",IDENTITY_FRAGMENT,Contracted,7603,828,301266,"SER Caxias do Sul",828,301266,"SER Caxias do Sul",False,30,2001,2005-01-31,Defined,30,2005,,,2,1,"DISPLAY_NAME_UNRESOLVED",89,MEDIUM
302785,"","Segadas Viana Carvalho",IDENTITY_FRAGMENT,Contracted,855,828,301266,"SER Caxias do Sul",828,301266,"SER Caxias do Sul",False,633,2004,2004-12-31,Defined,365,2004,,,2,1,"DISPLAY_NAME_UNRESOLVED",89,MEDIUM
8833742,"","Silva Frois",IDENTITY_FRAGMENT,Contracted,7577,828,301266,"SER Caxias do Sul",828,301266,"SER Caxias do Sul",False,126,2004,2007-02-28,Defined,58,2007,,,2,1,"DISPLAY_NAME_UNRESOLVED",89,MEDIUM
320617,"","Sílvio",IDENTITY_FRAGMENT,Contracted,4352,828,301266,"SER Caxias do Sul",828,301266,"SER Caxias do Sul",False,250,2003,2006-02-01,Defined,31,2006,,,1,1,"DISPLAY_NAME_UNRESOLVED",89,MEDIUM
311906,"","Soares Lissarassa",IDENTITY_FRAGMENT,Contracted,2474,828,301266,"SER Caxias do Sul",828,301266,"SER Caxias do Sul",False,365,2002,2005-04-30,Defined,119,2005,,,2,1,"DISPLAY_NAME_UNRESOLVED",89,MEDIUM
320313,"","Souza Guimarães",IDENTITY_FRAGMENT,Contracted,4281,828,301266,"SER Caxias do Sul",828,301266,"SER Caxias do Sul",False,157,2002,2006-01-31,Defined,30,2006,,,2,1,"DISPLAY_NAME_UNRESOLVED",89,MEDIUM
8833765,"","Souza Orestes Caldeira",IDENTITY_FRAGMENT,FormationContract,7600,828,301266,"SER Caxias do Sul",828,301266,"SER Caxias do Sul",False,30,2001,,NotDefined,1,1900,,,2,1,"SENTINEL_END_DATE|DISPLAY_NAME_UNRESOLVED",89,MEDIUM
8833767,"","Tomazoni",IDENTITY_FRAGMENT,Contracted,7602,828,301266,"SER Caxias do Sul",828,301266,"SER Caxias do Sul",False,30,2001,2005-01-31,Defined,30,2005,,,2,1,"DISPLAY_NAME_UNRESOLVED",89,MEDIUM
308397,"","Valkmar",IDENTITY_FRAGMENT,Contracted,1925,828,301266,"SER Caxias do Sul",828,301266,"SER Caxias do Sul",False,92,2004,2004-11-30,Defined,334,2004,,,2,1,"DISPLAY_NAME_UNRESOLVED",89,MEDIUM
8832970,"","Venker Menezes",IDENTITY_FRAGMENT,Contracted,7286,828,301266,"SER Caxias do Sul",828,301266,"SER Caxias do Sul",False,595,2001,2008-01-31,Defined,30,2008,,,1,1,"DISPLAY_NAME_UNRESOLVED",89,MEDIUM
315391,"","Washington Luiz",IDENTITY_FRAGMENT,Contracted,2781,828,301266,"SER Caxias do Sul",828,301266,"SER Caxias do Sul",False,387,2003,2004-11-30,Defined,334,2004,,,2,1,"DISPLAY_NAME_UNRESOLVED",89,MEDIUM
317104,"","Alves Nogueira",IDENTITY_FRAGMENT,Contracted,3598,1265,313900,"SER Chapadão",1265,313900,"SER Chapadão",False,75,2001,2006-01-31,Defined,30,2006,,,2,1,"DISPLAY_NAME_UNRESOLVED",89,MEDIUM
317106,"","Castro Santos",IDENTITY_FRAGMENT,Contracted,3600,1265,313900,"SER Chapadão",1265,313900,"SER Chapadão",False,75,2001,2006-01-31,Defined,30,2006,,,2,1,"DISPLAY_NAME_UNRESOLVED",89,MEDIUM
317119,"","Gilmar Sílvio",IDENTITY_FRAGMENT,Contracted,3605,1265,313900,"SER Chapadão",1265,313900,"SER Chapadão",False,63,2001,2006-01-31,Defined,30,2006,,,2,1,"DISPLAY_NAME_UNRESOLVED",89,MEDIUM
317114,"","Leocádio",IDENTITY_FRAGMENT,Contracted,3604,1265,313900,"SER Chapadão",1265,313900,"SER Chapadão",False,75,2001,2005-01-31,Defined,30,2005,,,2,1,"DISPLAY_NAME_UNRESOLVED",89,MEDIUM
317107,"","Locatelli",IDENTITY_FRAGMENT,Contracted,3601,1265,313900,"SER Chapadão",1265,313900,"SER Chapadão",False,142,2001,2006-01-31,Defined,30,2006,,,2,1,"DISPLAY_NAME_UNRESOLVED",89,MEDIUM
317109,"","Messias Dutra",IDENTITY_FRAGMENT,Contracted,3602,1265,313900,"SER Chapadão",1265,313900,"SER Chapadão",False,75,2001,2006-01-31,Defined,30,2006,,,2,1,"DISPLAY_NAME_UNRESOLVED",89,MEDIUM
317105,"","Rodrigues de Jesús",IDENTITY_FRAGMENT,Contracted,3599,1265,313900,"SER Chapadão",1265,313900,"SER Chapadão",False,94,2001,2006-01-31,Defined,30,2006,,,2,1,"DISPLAY_NAME_UNRESOLVED",89,MEDIUM
308347,"","Pereira Baptista",IDENTITY_FRAGMENT,Contracted,1915,396,1759,"Sevilla",396,1759,"Sevilla",False,38602,2003,2008-06-30,Defined,181,2008,,,2,1,"DISPLAY_NAME_UNRESOLVED",89,MEDIUM
6900103,"","Renato Dirnei",IDENTITY_FRAGMENT,Contracted,6471,396,1759,"Sevilla",396,1759,"Sevilla",False,20967,2004,2006-07-31,Defined,211,2006,,,2,1,"DISPLAY_NAME_UNRESOLVED",89,MEDIUM
304512,"","Claudecir",IDENTITY_FRAGMENT,OnLoan,1173,58,329,"SE Palmeiras",268,1189,"Sfida Oshiwa F.C.",True,658,2001,2006-01-31,Defined,30,2006,658,2004-12-31,2,2,"DISPLAY_NAME_UNRESOLVED",97,HIGH
457861,"","Batista Casemir Marques",IDENTITY_FRAGMENT,Contracted,4508,430,1895,"Shakhtar Donetsk",430,1895,"Shakhtar Donetsk",False,2182,2004,2007-07-01,Defined,181,2007,,,2,1,"DISPLAY_NAME_UNRESOLVED",89,MEDIUM
121163,"","Matuzalém Francelino",IDENTITY_FRAGMENT,Contracted,616,430,1895,"Shakhtar Donetsk",430,1895,"Shakhtar Donetsk",False,19000,2004,2009-07-01,Defined,181,2009,,,2,1,"DISPLAY_NAME_UNRESOLVED",89,MEDIUM
7980777,"","Rodrigo Ferrante",IDENTITY_FRAGMENT,Contracted,6642,262,1170,"Siena",262,1170,"Siena",False,5253,2002,2005-06-30,Defined,180,2005,,,2,1,"DISPLAY_NAME_UNRESOLVED",89,MEDIUM
5646265,"","Evandro Adauto",IDENTITY_FRAGMENT,Contracted,6293,104,474,"Slavia de Praga",104,474,"Slavia de Praga",False,2100,2002,2006-06-30,Defined,180,2006,,,2,1,"DISPLAY_NAME_UNRESOLVED",89,MEDIUM
3300246,"","Ilan Araújo",IDENTITY_FRAGMENT,Contracted,5307,455,2009,"Sochaux",455,2009,"Sochaux",False,7030,2004,2007-06-30,Defined,180,2007,,,1,1,"DISPLAY_NAME_UNRESOLVED",89,MEDIUM
305439,"","Ademar José",IDENTITY_FRAGMENT,Contracted,1364,67,338,"Sport C Recife",67,338,"Sport C Recife",False,244,2002,2004-08-15,Defined,227,2004,,,1,1,"DISPLAY_NAME_UNRESOLVED",89,MEDIUM
305567,"","Adriano Luís",IDENTITY_FRAGMENT,Contracted,1389,67,338,"Sport C Recife",67,338,"Sport C Recife",False,283,2004,2004-12-31,Defined,365,2004,,,2,1,"DISPLAY_NAME_UNRESOLVED",89,MEDIUM
316506,"","Adurens",IDENTITY_FRAGMENT,OnLoan,3302,66,337,"São Paulo FC",67,338,"Sport C Recife",True,93,2001,2005-05-01,Defined,120,2005,93,2004-12-31,2,2,"DISPLAY_NAME_UNRESOLVED",97,HIGH
301702,"","Alecsandro",IDENTITY_FRAGMENT,OnLoan,725,69,340,"EC Vitória",67,338,"Sport C Recife",True,818,2004,2005-12-31,Defined,364,2005,818,2004-12-31,2,2,"DISPLAY_NAME_UNRESOLVED",97,HIGH
311217,"","Azevedo",IDENTITY_FRAGMENT,Contracted,2316,67,338,"Sport C Recife",67,338,"Sport C Recife",False,84,2001,2008-01-31,Defined,30,2008,,,2,1,"DISPLAY_NAME_UNRESOLVED",89,MEDIUM
316246,"","Azevedo da Silva",IDENTITY_FRAGMENT,OnLoan,3165,69,340,"EC Vitória",67,338,"Sport C Recife",True,279,2001,2006-07-31,Defined,211,2006,279,2004-12-31,2,2,"DISPLAY_NAME_UNRESOLVED",97,HIGH
315589,"","Barbosa da Hora",IDENTITY_FRAGMENT,Contracted,2865,67,338,"Sport C Recife",67,338,"Sport C Recife",False,183,2002,2005-12-31,Defined,364,2005,,,1,1,"DISPLAY_NAME_UNRESOLVED",89,MEDIUM
311923,"","Barbosa de Freitas",IDENTITY_FRAGMENT,Contracted,2484,67,338,"Sport C Recife",67,338,"Sport C Recife",False,291,2001,2006-01-31,Defined,30,2006,,,2,1,"DISPLAY_NAME_UNRESOLVED",89,MEDIUM
315587,"","Batista de França",IDENTITY_FRAGMENT,Contracted,2864,67,338,"Sport C Recife",67,338,"Sport C Recife",False,199,2001,2006-01-31,Defined,30,2006,,,2,1,"DISPLAY_NAME_UNRESOLVED",89,MEDIUM
8835243,"","Canela",IDENTITY_FRAGMENT,OnLoan,7800,1068,311034,"CA Taquaritinga",67,338,"Sport C Recife",True,428,2001,2005-01-31,Defined,30,2005,428,2004-12-31,2,2,"DISPLAY_NAME_UNRESOLVED",97,HIGH
319187,"","Carlos Wendell",IDENTITY_FRAGMENT,Contracted,3966,67,338,"Sport C Recife",67,338,"Sport C Recife",False,346,2004,2006-01-31,Defined,30,2006,,,2,1,"DISPLAY_NAME_UNRESOLVED",89,MEDIUM
319662,"","Clayson Rubens",IDENTITY_FRAGMENT,Contracted,4119,67,338,"Sport C Recife",67,338,"Sport C Recife",False,380,2003,2006-01-31,Defined,30,2006,,,2,1,"DISPLAY_NAME_UNRESOLVED",89,MEDIUM
315583,"","Clécio Henrique",IDENTITY_FRAGMENT,Contracted,2861,67,338,"Sport C Recife",67,338,"Sport C Recife",False,75,2001,2006-01-31,Defined,30,2006,,,2,1,"DISPLAY_NAME_UNRESOLVED",89,MEDIUM
301894,"","das Chagas",IDENTITY_FRAGMENT,Contracted,750,67,338,"Sport C Recife",67,338,"Sport C Recife",False,195,2001,2008-01-31,Defined,30,2008,,,1,1,"DISPLAY_NAME_UNRESOLVED",89,MEDIUM
8835244,"","dos Santos Ribeiro",IDENTITY_FRAGMENT,OnLoan,7801,571,107212,"Friburguense AC",67,338,"Sport C Recife",True,204,2001,2006-01-31,Defined,30,2006,204,2004-12-31,2,2,"DISPLAY_NAME_UNRESOLVED",97,HIGH
308411,"","Eduardo Teles",IDENTITY_FRAGMENT,Contracted,1932,67,338,"Sport C Recife",67,338,"Sport C Recife",False,260,2002,2006-07-31,Defined,211,2006,,,2,1,"DISPLAY_NAME_UNRESOLVED",89,MEDIUM
311214,"","Emmanuel Danilo",IDENTITY_FRAGMENT,Contracted,2313,67,338,"Sport C Recife",67,338,"Sport C Recife",False,146,2001,2006-01-31,Defined,30,2006,,,2,1,"DISPLAY_NAME_UNRESOLVED",89,MEDIUM
8833779,"","Flávio Augustus",IDENTITY_FRAGMENT,Contracted,7614,67,338,"Sport C Recife",67,338,"Sport C Recife",False,180,2001,2006-01-31,Defined,30,2006,,,2,1,"DISPLAY_NAME_UNRESOLVED",89,MEDIUM
6900060,"","Geraldo Carlos",IDENTITY_FRAGMENT,Contracted,6441,67,338,"Sport C Recife",67,338,"Sport C Recife",False,249,2004,2005-12-31,Defined,364,2005,,,2,1,"DISPLAY_NAME_UNRESOLVED",89,MEDIUM
311215,"","Gilberto Francisco",IDENTITY_FRAGMENT,Contracted,2314,67,338,"Sport C Recife",67,338,"Sport C Recife",False,186,2001,2006-01-31,Defined,30,2006,,,2,1,"DISPLAY_NAME_UNRESOLVED",89,MEDIUM
8833780,"","Guarilha de Faro Vieira",IDENTITY_FRAGMENT,Contracted,7615,67,338,"Sport C Recife",67,338,"Sport C Recife",False,191,2001,2006-01-31,Defined,30,2006,,,2,1,"DISPLAY_NAME_UNRESOLVED",89,MEDIUM
307007,"","Heriberto",IDENTITY_FRAGMENT,Contracted,1766,67,338,"Sport C Recife",67,338,"Sport C Recife",False,787,2001,2007-01-31,Defined,30,2007,,,1,1,"DISPLAY_NAME_UNRESOLVED",89,MEDIUM
301895,"","Inaldo",IDENTITY_FRAGMENT,Contracted,751,67,338,"Sport C Recife",67,338,"Sport C Recife",False,84,2001,2008-01-31,Defined,30,2008,,,1,1,"DISPLAY_NAME_UNRESOLVED",89,MEDIUM
3300733,"","Jéfferson Carlos",IDENTITY_FRAGMENT,Contracted,5462,67,338,"Sport C Recife",67,338,"Sport C Recife",False,339,2004,2006-01-31,Defined,30,2006,,,2,1,"DISPLAY_NAME_UNRESOLVED",89,MEDIUM
3301007,"","José Róbson",IDENTITY_FRAGMENT,Contracted,5571,67,338,"Sport C Recife",67,338,"Sport C Recife",False,1898,2004,2004-12-31,Defined,365,2004,,,2,1,"DISPLAY_NAME_UNRESOLVED",89,MEDIUM
310953,"","Léo Mineiro",IDENTITY_FRAGMENT,OnLoan,2173,69,340,"EC Vitória",67,338,"Sport C Recife",True,75,2000,2006-01-31,Defined,30,2006,75,2004-12-31,2,2,"DISPLAY_NAME_UNRESOLVED",97,HIGH
3300957,"","Luciano Baiano",IDENTITY_FRAGMENT,OnLoan,5547,573,107216,"Ituano SCF",67,338,"Sport C Recife",True,460,2001,2005-12-31,Defined,364,2005,460,2004-12-31,2,2,"DISPLAY_NAME_UNRESOLVED",97,HIGH
319686,"","Maírton Paulino",IDENTITY_FRAGMENT,Contracted,4129,67,338,"Sport C Recife",67,338,"Sport C Recife",False,283,2003,2004-07-15,Defined,196,2004,,,2,1,"DISPLAY_NAME_UNRESOLVED",89,MEDIUM
3300470,"","Pedro Neto",IDENTITY_FRAGMENT,Contracted,5373,67,338,"Sport C Recife",67,338,"Sport C Recife",False,213,2001,2005-12-31,Defined,364,2005,,,2,1,"DISPLAY_NAME_UNRESOLVED",89,MEDIUM
312481,"","Rogélio",IDENTITY_FRAGMENT,Contracted,2556,67,338,"Sport C Recife",67,338,"Sport C Recife",False,214,2001,2006-01-31,Defined,30,2006,,,2,1,"DISPLAY_NAME_UNRESOLVED",89,MEDIUM
319216,"","Sales da Santana",IDENTITY_FRAGMENT,Contracted,3983,67,338,"Sport C Recife",67,338,"Sport C Recife",False,30,2003,2005-01-31,Defined,30,2005,,,2,1,"DISPLAY_NAME_UNRESOLVED",89,MEDIUM
8835245,"","Sales de Santana",IDENTITY_FRAGMENT,Contracted,7802,67,338,"Sport C Recife",67,338,"Sport C Recife",False,350,2001,2005-01-31,Defined,30,2005,,,2,1,"DISPLAY_NAME_UNRESOLVED",89,MEDIUM
6900201,"","Sílvio Criciúma",IDENTITY_FRAGMENT,Contracted,6531,67,338,"Sport C Recife",67,338,"Sport C Recife",False,769,2004,2004-12-31,Defined,365,2004,,,2,1,"DISPLAY_NAME_UNRESOLVED",89,MEDIUM
315594,"","Takão",IDENTITY_FRAGMENT,Contracted,2868,67,338,"Sport C Recife",67,338,"Sport C Recife",False,169,2001,2008-01-31,Defined,30,2008,,,1,1,"DISPLAY_NAME_UNRESOLVED",89,MEDIUM
876646,"","Veveu",IDENTITY_FRAGMENT,Contracted,4844,67,338,"Sport C Recife",67,338,"Sport C Recife",False,297,2004,2006-01-31,Defined,30,2006,,,2,1,"DISPLAY_NAME_UNRESOLVED",89,MEDIUM
316244,"","Alcides Eduardo",IDENTITY_FRAGMENT,Contracted,3163,325,1487,"Sport Lisboa e Benfica",325,1487,"Sport Lisboa e Benfica",False,3000,2004,2010-06-30,Defined,180,2010,,,2,1,"DISPLAY_NAME_UNRESOLVED",89,MEDIUM
3300000,"","Argélico",IDENTITY_FRAGMENT,Contracted,5217,325,1487,"Sport Lisboa e Benfica",325,1487,"Sport Lisboa e Benfica",False,11000,2001,2006-06-30,Defined,180,2006,,,2,1,"DISPLAY_NAME_UNRESOLVED",89,MEDIUM
6900064,"","Debeirson",IDENTITY_FRAGMENT,Contracted,6444,325,1487,"Sport Lisboa e Benfica",325,1487,"Sport Lisboa e Benfica",False,20000,2003,2008-06-30,Defined,181,2008,,,2,1,"DISPLAY_NAME_UNRESOLVED",89,MEDIUM
304150,"","Luisão",IDENTITY_FRAGMENT,Contracted,1054,325,1487,"Sport Lisboa e Benfica",325,1487,"Sport Lisboa e Benfica",False,10000,2003,2008-06-30,Defined,181,2008,,,2,1,"DISPLAY_NAME_UNRESOLVED",89,MEDIUM
301650,"","Paulo Almeida",IDENTITY_FRAGMENT,Contracted,720,325,1487,"Sport Lisboa e Benfica",325,1487,"Sport Lisboa e Benfica",False,1314,2004,2008-06-30,Defined,181,2008,,,2,1,"DISPLAY_NAME_UNRESOLVED",89,MEDIUM
745652,"","Aquino",IDENTITY_FRAGMENT,Contracted,4725,326,1488,"Sporting Clube de Braga",326,1488,"Sporting Clube de Braga",False,2000,2004,2007-06-30,Defined,180,2007,,,2,1,"DISPLAY_NAME_UNRESOLVED",89,MEDIUM
115432,"","Rinaldo Francisco",IDENTITY_FRAGMENT,Contracted,549,326,1488,"Sporting Clube de Braga",326,1488,"Sporting Clube de Braga",False,1500,2003,2005-06-30,Defined,180,2005,,,2,1,"DISPLAY_NAME_UNRESOLVED",89,MEDIUM
743472,"","Vandinho",IDENTITY_FRAGMENT,Contracted,4719,326,1488,"Sporting Clube de Braga",326,1488,"Sporting Clube de Braga",False,1200,2004,2008-06-30,Defined,181,2008,,,2,1,"DISPLAY_NAME_UNRESOLVED",89,MEDIUM
303486,"","Corrêa Polga",IDENTITY_FRAGMENT,Contracted,941,327,1489,"Sporting Clube de Portugal",327,1489,"Sporting Clube de Portugal",False,15000,2003,2006-06-30,Defined,180,2006,,,2,1,"DISPLAY_NAME_UNRESOLVED",89,MEDIUM
4100635,"","Elpídio Silva",IDENTITY_FRAGMENT,Contracted,5991,327,1489,"Sporting Clube de Portugal",327,1489,"Sporting Clube de Portugal",False,5500,2003,2008-06-30,Defined,181,2008,,,1,1,"DISPLAY_NAME_UNRESOLVED",89,MEDIUM
3300182,"","Fidélis Régis",IDENTITY_FRAGMENT,Contracted,5274,327,1489,"Sporting Clube de Portugal",327,1489,"Sporting Clube de Portugal",False,4500,2004,2006-06-30,Defined,180,2006,,,2,1,"DISPLAY_NAME_UNRESOLVED",89,MEDIUM
303552,"","Fonseca do Nascimento",IDENTITY_FRAGMENT,Contracted,947,327,1489,"Sporting Clube de Portugal",327,1489,"Sporting Clube de Portugal",False,4000,2004,2007-06-30,Defined,180,2007,,,2,1,"DISPLAY_NAME_UNRESOLVED",89,MEDIUM
105987,"","Liédson",IDENTITY_FRAGMENT,Contracted,473,327,1489,"Sporting Clube de Portugal",327,1489,"Sporting Clube de Portugal",False,6000,2003,2008-06-30,Defined,181,2008,,,2,1,"DISPLAY_NAME_UNRESOLVED",89,MEDIUM
307983,"","Rochemback",IDENTITY_FRAGMENT,OnLoan,1859,379,1708,"F.C. Barcelona",327,1489,"Sporting Clube de Portugal",True,10000,2001,2006-06-30,Defined,180,2006,10000,2006-06-30,1,2,"DISPLAY_NAME_UNRESOLVED",97,HIGH
315203,"","Ademílson",IDENTITY_FRAGMENT,Contracted,2678,36,265,"Sporting Lokeren SNW",36,265,"Sporting Lokeren SNW",False,1939,2004,2004-12-31,Defined,365,2004,,,2,1,"DISPLAY_NAME_UNRESOLVED",89,MEDIUM
8162985,"","José Ilson",IDENTITY_FRAGMENT,Contracted,6668,36,265,"Sporting Lokeren SNW",36,265,"Sporting Lokeren SNW",False,2016,2004,2006-06-30,Defined,180,2006,,,1,1,"DISPLAY_NAME_UNRESOLVED",89,MEDIUM
3301283,"","Reinaldo",IDENTITY_FRAGMENT,Contracted,5707,166,868,"St. Germain",166,868,"St. Germain",False,3812,2002,2008-06-30,Defined,181,2008,,,2,1,"DISPLAY_NAME_UNRESOLVED",89,MEDIUM
301798,"","Marcel Augusto",IDENTITY_FRAGMENT,Contracted,740,561,106813,"Suwon Samsung Blue Wings",561,106813,"Suwon Samsung Blue Wings",False,1439,2004,2006-01-31,Defined,30,2006,,,1,1,"DISPLAY_NAME_UNRESOLVED",89,MEDIUM
311919,"","Nadson",IDENTITY_FRAGMENT,Contracted,2482,561,106813,"Suwon Samsung Blue Wings",561,106813,"Suwon Samsung Blue Wings",False,2875,2003,2008-06-30,Defined,181,2008,,,2,1,"DISPLAY_NAME_UNRESOLVED",89,MEDIUM
301654,"","Nery de Sá da Silva",IDENTITY_FRAGMENT,Contracted,722,195,948,"SV Werder Bremen",195,948,"SV Werder Bremen",False,15000,2004,2008-06-30,Defined,181,2008,,,2,1,"DISPLAY_NAME_UNRESOLVED",89,MEDIUM
8830546,"","Gilliard Pereira",IDENTITY_FRAGMENT,Contracted,7086,884,301380,"Tiradentes (SC)",884,301380,"Tiradentes (SC)",False,75,2001,2006-01-31,Defined,30,2006,,,2,1,"DISPLAY_NAME_UNRESOLVED",89,MEDIUM
317575,"","Schüller",IDENTITY_FRAGMENT,Contracted,3744,884,301380,"Tiradentes (SC)",884,301380,"Tiradentes (SC)",False,250,2001,2007-01-31,Defined,30,2007,,,1,1,"DISPLAY_NAME_UNRESOLVED",89,MEDIUM
307242,"","Antônio Régis",IDENTITY_FRAGMENT,Contracted,1828,861,301331,"Tocantinópolis EC",861,301331,"Tocantinópolis EC",False,188,2001,2006-01-31,Defined,30,2006,,,2,1,"DISPLAY_NAME_UNRESOLVED",89,MEDIUM
307254,"","José Rufino",IDENTITY_FRAGMENT,Contracted,1830,861,301331,"Tocantinópolis EC",861,301331,"Tocantinópolis EC",False,75,2001,2006-01-31,Defined,30,2006,,,1,1,"DISPLAY_NAME_UNRESOLVED",89,MEDIUM
307246,"","Rubão",IDENTITY_FRAGMENT,Contracted,1829,861,301331,"Tocantinópolis EC",861,301331,"Tocantinópolis EC",False,261,2001,2005-01-31,Defined,30,2005,,,2,1,"DISPLAY_NAME_UNRESOLVED",89,MEDIUM
305857,"","Adílson",IDENTITY_FRAGMENT,Contracted,1458,799,301212,"Treze FC",799,301212,"Treze FC",False,400,2004,2005-01-31,Defined,30,2005,,,2,1,"DISPLAY_NAME_UNRESOLVED",89,MEDIUM
309581,"","Ben Hur",IDENTITY_FRAGMENT,Contracted,2015,799,301212,"Treze FC",799,301212,"Treze FC",False,152,2004,2004-12-31,Defined,365,2004,,,1,1,"DISPLAY_NAME_UNRESOLVED",89,MEDIUM
306851,"","Edcarlos",IDENTITY_FRAGMENT,OnLoan,1716,740,301102,"CR Brasil",799,301212,"Treze FC",True,150,2003,2005-04-29,Defined,118,2005,150,2004-12-31,1,2,"DISPLAY_NAME_UNRESOLVED",97,HIGH
310802,"","Fernandes Francisco",IDENTITY_FRAGMENT,Contracted,2116,799,301212,"Treze FC",799,301212,"Treze FC",False,100,2001,2008-01-31,Defined,30,2008,,,1,1,"DISPLAY_NAME_UNRESOLVED",89,MEDIUM
459109,"","Gérson Ricardo",IDENTITY_FRAGMENT,Contracted,4512,799,301212,"Treze FC",799,301212,"Treze FC",False,446,2001,2006-01-31,Defined,30,2006,,,2,1,"DISPLAY_NAME_UNRESOLVED",89,MEDIUM
307123,"","Helinho",IDENTITY_FRAGMENT,Contracted,1814,799,301212,"Treze FC",799,301212,"Treze FC",False,268,2001,2006-01-31,Defined,30,2006,,,2,1,"DISPLAY_NAME_UNRESOLVED",89,MEDIUM
307119,"","João Ronaldo",IDENTITY_FRAGMENT,Contracted,1811,799,301212,"Treze FC",799,301212,"Treze FC",False,254,2001,2005-01-31,Defined,30,2005,,,2,1,"DISPLAY_NAME_UNRESOLVED",89,MEDIUM
307118,"","Josivaldo",IDENTITY_FRAGMENT,Contracted,1810,799,301212,"Treze FC",799,301212,"Treze FC",False,357,2001,2005-01-31,Defined,30,2005,,,2,1,"DISPLAY_NAME_UNRESOLVED",89,MEDIUM
310974,"","Luís Arlindo",IDENTITY_FRAGMENT,OnLoan,2185,580,107230,"Sampaio Corrêa FC",799,301212,"Treze FC",True,265,2001,2006-01-31,Defined,30,2006,265,2004-12-31,1,2,"DISPLAY_NAME_UNRESOLVED",97,HIGH
307126,"","Marcos Piauí",IDENTITY_FRAGMENT,Contracted,1815,799,301212,"Treze FC",799,301212,"Treze FC",False,138,2001,2005-01-31,Defined,30,2005,,,1,1,"DISPLAY_NAME_UNRESOLVED",89,MEDIUM
307122,"","Paulinho Paraíba",IDENTITY_FRAGMENT,Contracted,1813,799,301212,"Treze FC",799,301212,"Treze FC",False,231,2001,2006-01-31,Defined,30,2006,,,2,1,"DISPLAY_NAME_UNRESOLVED",89,MEDIUM
308231,"","Sérgio Vinícius",IDENTITY_FRAGMENT,Contracted,1885,799,301212,"Treze FC",799,301212,"Treze FC",False,75,2001,2009-01-31,Defined,30,2009,,,1,1,"DISPLAY_NAME_UNRESOLVED",89,MEDIUM
308233,"","Válter",IDENTITY_FRAGMENT,Contracted,1887,799,301212,"Treze FC",799,301212,"Treze FC",False,100,2001,2008-01-31,Defined,30,2008,,,1,1,"DISPLAY_NAME_UNRESOLVED",89,MEDIUM
320085,"","Aranha da Conceição",IDENTITY_FRAGMENT,Contracted,4229,582,107234,"Tuna Luso Brasileira",582,107234,"Tuna Luso Brasileira",False,182,2004,2004-12-31,Defined,365,2004,,,2,1,"DISPLAY_NAME_UNRESOLVED",89,MEDIUM
318728,"","Ciro Rogério",IDENTITY_FRAGMENT,Contracted,3935,582,107234,"Tuna Luso Brasileira",582,107234,"Tuna Luso Brasileira",False,413,2001,2004-11-15,Defined,319,2004,,,2,1,"DISPLAY_NAME_UNRESOLVED",89,MEDIUM
311061,"","de Souza Barbosa",IDENTITY_FRAGMENT,Contracted,2219,582,107234,"Tuna Luso Brasileira",582,107234,"Tuna Luso Brasileira",False,273,2004,2005-01-20,Defined,19,2005,,,2,1,"DISPLAY_NAME_UNRESOLVED",89,MEDIUM
304038,"","Joacy Domingos",IDENTITY_FRAGMENT,Contracted,1028,582,107234,"Tuna Luso Brasileira",582,107234,"Tuna Luso Brasileira",False,338,2004,2004-12-31,Defined,365,2004,,,1,1,"DISPLAY_NAME_UNRESOLVED",89,MEDIUM
311711,"","José Everson",IDENTITY_FRAGMENT,Contracted,2421,582,107234,"Tuna Luso Brasileira",582,107234,"Tuna Luso Brasileira",False,226,2003,2006-01-31,Defined,30,2006,,,2,1,"DISPLAY_NAME_UNRESOLVED",89,MEDIUM
318615,"","Kléberton",IDENTITY_FRAGMENT,Contracted,3930,582,107234,"Tuna Luso Brasileira",582,107234,"Tuna Luso Brasileira",False,197,2004,2005-01-31,Defined,30,2005,,,1,1,"DISPLAY_NAME_UNRESOLVED",89,MEDIUM
311167,"","Soares Oliveira",IDENTITY_FRAGMENT,Contracted,2274,582,107234,"Tuna Luso Brasileira",582,107234,"Tuna Luso Brasileira",False,480,2001,2009-01-31,Defined,30,2009,,,1,1,"DISPLAY_NAME_UNRESOLVED",89,MEDIUM
304034,"","Trinidade",IDENTITY_FRAGMENT,Contracted,1026,582,107234,"Tuna Luso Brasileira",582,107234,"Tuna Luso Brasileira",False,399,2004,2006-01-31,Defined,30,2006,,,2,1,"DISPLAY_NAME_UNRESOLVED",89,MEDIUM
3300946,"","Álvaro Alexandre",IDENTITY_FRAGMENT,Contracted,5540,792,301198,"Tupi FC",792,301198,"Tupi FC",False,196,2002,2005-01-31,Defined,30,2005,,,2,1,"DISPLAY_NAME_UNRESOLVED",89,MEDIUM
317146,"","Anderson Márcio",IDENTITY_FRAGMENT,Contracted,3616,792,301198,"Tupi FC",792,301198,"Tupi FC",False,101,2001,2006-01-31,Defined,30,2006,,,2,1,"DISPLAY_NAME_UNRESOLVED",89,MEDIUM
302782,"","Camilo",IDENTITY_FRAGMENT,Contracted,854,792,301198,"Tupi FC",792,301198,"Tupi FC",False,502,2004,2006-01-31,Defined,30,2006,,,2,1,"DISPLAY_NAME_UNRESOLVED",89,MEDIUM
319490,"","Cerceau",IDENTITY_FRAGMENT,Contracted,4048,792,301198,"Tupi FC",792,301198,"Tupi FC",False,100,2001,2009-01-31,Defined,30,2009,,,1,1,"DISPLAY_NAME_UNRESOLVED",89,MEDIUM
319489,"","Edvaldo Carolino",IDENTITY_FRAGMENT,Contracted,4047,792,301198,"Tupi FC",792,301198,"Tupi FC",False,125,2001,2008-01-31,Defined,30,2008,,,1,1,"DISPLAY_NAME_UNRESOLVED",89,MEDIUM
317156,"","Fabiano Alberto",IDENTITY_FRAGMENT,Contracted,3620,792,301198,"Tupi FC",792,301198,"Tupi FC",False,308,2001,2006-01-31,Defined,30,2006,,,2,1,"DISPLAY_NAME_UNRESOLVED",89,MEDIUM
317152,"","José Marcelino",IDENTITY_FRAGMENT,Contracted,3619,792,301198,"Tupi FC",792,301198,"Tupi FC",False,75,2001,2006-01-31,Defined,30,2006,,,2,1,"DISPLAY_NAME_UNRESOLVED",89,MEDIUM
319498,"","Roni Sebastião",IDENTITY_FRAGMENT,Contracted,4055,792,301198,"Tupi FC",792,301198,"Tupi FC",False,197,2001,2006-01-31,Defined,30,2006,,,2,1,"DISPLAY_NAME_UNRESOLVED",89,MEDIUM
311498,"","Roniê Charles",IDENTITY_FRAGMENT,Contracted,2395,792,301198,"Tupi FC",792,301198,"Tupi FC",False,397,2003,2006-01-31,Defined,30,2006,,,2,1,"DISPLAY_NAME_UNRESOLVED",89,MEDIUM
319492,"","Saggiori del Papa",IDENTITY_FRAGMENT,Contracted,4050,792,301198,"Tupi FC",792,301198,"Tupi FC",False,75,2001,2008-01-31,Defined,30,2008,,,1,1,"DISPLAY_NAME_UNRESOLVED",89,MEDIUM
317145,"","Samuel",IDENTITY_FRAGMENT,Contracted,3615,792,301198,"Tupi FC",792,301198,"Tupi FC",False,75,2001,2005-01-31,Defined,30,2005,,,2,1,"DISPLAY_NAME_UNRESOLVED",89,MEDIUM
317160,"","Teixeira Magalhães",IDENTITY_FRAGMENT,Contracted,3621,792,301198,"Tupi FC",792,301198,"Tupi FC",False,369,2001,2006-01-31,Defined,30,2006,,,1,1,"DISPLAY_NAME_UNRESOLVED",89,MEDIUM
825458,"","André Luciano",IDENTITY_FRAGMENT,Contracted,4774,263,1174,"Turim",263,1174,"Turim",False,3553,2001,2005-06-30,Defined,180,2005,,,2,1,"DISPLAY_NAME_UNRESOLVED",89,MEDIUM
305424,"","Josvaldo",IDENTITY_FRAGMENT,Contracted,1363,813,301239,"U Pernambuco FC",813,301239,"U Pernambuco FC",False,110,2001,2006-01-31,Defined,30,2006,,,2,1,"DISPLAY_NAME_UNRESOLVED",89,MEDIUM
4202264,"","Jamelli",IDENTITY_FRAGMENT,Contracted,6057,368,1661,"U.D. Almería S.A.D.",368,1661,"U.D. Almería S.A.D.",False,8160,2004,2006-07-31,Defined,211,2006,,,2,1,"DISPLAY_NAME_UNRESOLVED",89,MEDIUM
3301291,"","Palhinha",IDENTITY_FRAGMENT,Contracted,5711,1049,310898,"Uberaba SC",1049,310898,"Uberaba SC",False,498,2003,2005-01-31,Defined,30,2005,,,2,1,"DISPLAY_NAME_UNRESOLVED",89,MEDIUM
8830601,"","Pascoal",IDENTITY_FRAGMENT,Contracted,7097,793,301200,"Uberlândia EC",793,301200,"Uberlândia EC",False,250,2001,2007-01-31,Defined,30,2007,,,2,1,"DISPLAY_NAME_UNRESOLVED",89,MEDIUM
305073,"","Rodrigues da Cunha",IDENTITY_FRAGMENT,Contracted,1295,793,301200,"Uberlândia EC",793,301200,"Uberlândia EC",False,76,2001,2006-01-31,Defined,30,2006,,,2,1,"DISPLAY_NAME_UNRESOLVED",89,MEDIUM
3300263,"","Alberto Valentim",IDENTITY_FRAGMENT,Contracted,5312,264,1178,"Udinese",264,1178,"Udinese",False,2500,1999,2007-06-30,Defined,180,2007,,,1,1,"DISPLAY_NAME_UNRESOLVED",89,MEDIUM
3804588,"","Emílson Sanchez",IDENTITY_FRAGMENT,Contracted,5947,264,1178,"Udinese",264,1178,"Udinese",False,2200,2004,2006-07-31,Defined,211,2006,,,2,1,"DISPLAY_NAME_UNRESOLVED",89,MEDIUM
837211,"","Felipe da Silva",IDENTITY_FRAGMENT,Contracted,4803,264,1178,"Udinese",264,1178,"Udinese",False,1699,2002,2005-06-30,Defined,180,2005,,,2,1,"DISPLAY_NAME_UNRESOLVED",89,MEDIUM
7980912,"","Robson",IDENTITY_FRAGMENT,Contracted,6643,264,1178,"Udinese",264,1178,"Udinese",False,2506,2004,2008-06-30,Defined,181,2008,,,2,1,"DISPLAY_NAME_UNRESOLVED",89,MEDIUM
8830356,"","Amarante Santana",IDENTITY_FRAGMENT,Contracted,7043,559,106808,"Ulsan Hyundai",559,106808,"Ulsan Hyundai",False,858,2004,2006-01-31,Defined,30,2006,,,2,1,"DISPLAY_NAME_UNRESOLVED",89,MEDIUM
304505,"","Alves Nogueira Carvalho",IDENTITY_FRAGMENT,Contracted,1167,875,301359,"União A Barbarense FC",875,301359,"União A Barbarense FC",False,275,2000,2006-01-31,Defined,30,2006,,,2,1,"DISPLAY_NAME_UNRESOLVED",89,MEDIUM
311794,"","Cláudio Luiz",IDENTITY_FRAGMENT,Contracted,2458,875,301359,"União A Barbarense FC",875,301359,"União A Barbarense FC",False,156,2001,2006-01-31,Defined,30,2006,,,2,1,"DISPLAY_NAME_UNRESOLVED",89,MEDIUM
304247,"","Coutinho da Silva",IDENTITY_FRAGMENT,Contracted,1081,875,301359,"União A Barbarense FC",875,301359,"União A Barbarense FC",False,295,2001,2006-01-31,Defined,30,2006,,,2,1,"DISPLAY_NAME_UNRESOLVED",89,MEDIUM
315382,"","da Silva Zaltron",IDENTITY_FRAGMENT,Contracted,2777,875,301359,"União A Barbarense FC",875,301359,"União A Barbarense FC",False,258,2004,2005-04-30,Defined,119,2005,,,2,1,"DISPLAY_NAME_UNRESOLVED",89,MEDIUM
302812,"","Emerson Monteiro",IDENTITY_FRAGMENT,Contracted,861,875,301359,"União A Barbarense FC",875,301359,"União A Barbarense FC",False,163,2004,2005-06-30,Defined,180,2005,,,2,1,"DISPLAY_NAME_UNRESOLVED",89,MEDIUM
5651654,"","Erivelto Alixandrino",IDENTITY_FRAGMENT,Contracted,6295,875,301359,"União A Barbarense FC",875,301359,"União A Barbarense FC",False,306,2004,2006-01-31,Defined,30,2006,,,2,1,"DISPLAY_NAME_UNRESOLVED",89,MEDIUM
478391,"","Fernandes da Rosa",IDENTITY_FRAGMENT,Contracted,4534,875,301359,"União A Barbarense FC",875,301359,"União A Barbarense FC",False,463,2003,2005-01-31,Defined,30,2005,,,2,1,"DISPLAY_NAME_UNRESOLVED",89,MEDIUM
304116,"","Jorcey Anísio",IDENTITY_FRAGMENT,Contracted,1044,875,301359,"União A Barbarense FC",875,301359,"União A Barbarense FC",False,200,2001,2006-01-31,Defined,30,2006,,,2,1,"DISPLAY_NAME_UNRESOLVED",89,MEDIUM
316421,"","Júnior Izepon",IDENTITY_FRAGMENT,Contracted,3279,875,301359,"União A Barbarense FC",875,301359,"União A Barbarense FC",False,237,2001,2006-01-31,Defined,30,2006,,,1,1,"DISPLAY_NAME_UNRESOLVED",89,MEDIUM
305178,"","Luiz Gustavo",IDENTITY_FRAGMENT,Contracted,1353,875,301359,"União A Barbarense FC",875,301359,"União A Barbarense FC",False,363,2001,2006-01-31,Defined,30,2006,,,2,1,"DISPLAY_NAME_UNRESOLVED",89,MEDIUM
3301245,"","Marcelo Luís",IDENTITY_FRAGMENT,Contracted,5686,875,301359,"União A Barbarense FC",875,301359,"União A Barbarense FC",False,521,2003,2005-01-31,Defined,30,2005,,,2,1,"DISPLAY_NAME_UNRESOLVED",89,MEDIUM
304561,"","Marcus Vinícius Pedro",IDENTITY_FRAGMENT,Contracted,1200,875,301359,"União A Barbarense FC",875,301359,"União A Barbarense FC",False,430,2001,2005-01-31,Defined,30,2005,,,2,1,"DISPLAY_NAME_UNRESOLVED",89,MEDIUM
304372,"","Murilo Luís",IDENTITY_FRAGMENT,Contracted,1119,875,301359,"União A Barbarense FC",875,301359,"União A Barbarense FC",False,265,2001,2006-01-31,Defined,30,2006,,,2,1,"DISPLAY_NAME_UNRESOLVED",89,MEDIUM
6900015,"","Nunes Coelho",IDENTITY_FRAGMENT,Contracted,6414,875,301359,"União A Barbarense FC",875,301359,"União A Barbarense FC",False,414,2001,2005-01-31,Defined,30,2005,,,1,1,"DISPLAY_NAME_UNRESOLVED",89,MEDIUM
311789,"","Paulo Santos",IDENTITY_FRAGMENT,Contracted,2454,875,301359,"União A Barbarense FC",875,301359,"União A Barbarense FC",False,102,2001,2006-01-31,Defined,30,2006,,,2,1,"DISPLAY_NAME_UNRESOLVED",89,MEDIUM
311788,"","Rodrigo Manuel",IDENTITY_FRAGMENT,Contracted,2453,875,301359,"União A Barbarense FC",875,301359,"União A Barbarense FC",False,153,2001,2006-01-31,Defined,30,2006,,,2,1,"DISPLAY_NAME_UNRESOLVED",89,MEDIUM
311793,"","Roque",IDENTITY_FRAGMENT,Contracted,2457,875,301359,"União A Barbarense FC",875,301359,"União A Barbarense FC",False,274,2001,2006-01-31,Defined,30,2006,,,2,1,"DISPLAY_NAME_UNRESOLVED",89,MEDIUM
303748,"","Tagliati Rodrigues",IDENTITY_FRAGMENT,Contracted,968,875,301359,"União A Barbarense FC",875,301359,"União A Barbarense FC",False,375,2001,2006-01-31,Defined,30,2006,,,2,1,"DISPLAY_NAME_UNRESOLVED",89,MEDIUM
3300481,"","Válder Eugênio",IDENTITY_FRAGMENT,Contracted,5378,875,301359,"União A Barbarense FC",875,301359,"União A Barbarense FC",False,224,2001,2006-01-31,Defined,30,2006,,,2,1,"DISPLAY_NAME_UNRESOLVED",89,MEDIUM
302078,"","Waldeir Alberto",IDENTITY_FRAGMENT,Contracted,765,875,301359,"União A Barbarense FC",875,301359,"União A Barbarense FC",False,67,2004,2006-01-31,Defined,30,2006,,,2,1,"DISPLAY_NAME_UNRESOLVED",89,MEDIUM
305639,"","Aparecido Munerato",IDENTITY_FRAGMENT,Contracted,1402,807,301228,"União Bandeirante FC",807,301228,"União Bandeirante FC",False,224,2001,2006-01-31,Defined,30,2006,,,2,1,"DISPLAY_NAME_UNRESOLVED",89,MEDIUM
305644,"","Aurélio Marcelo",IDENTITY_FRAGMENT,Contracted,1406,807,301228,"União Bandeirante FC",807,301228,"União Bandeirante FC",False,146,2001,2006-01-31,Defined,30,2006,,,2,1,"DISPLAY_NAME_UNRESOLVED",89,MEDIUM
305650,"","Cerino",IDENTITY_FRAGMENT,Contracted,1410,807,301228,"União Bandeirante FC",807,301228,"União Bandeirante FC",False,232,2001,2006-01-31,Defined,30,2006,,,2,1,"DISPLAY_NAME_UNRESOLVED",89,MEDIUM
305640,"","Claudenir",IDENTITY_FRAGMENT,Contracted,1403,807,301228,"União Bandeirante FC",807,301228,"União Bandeirante FC",False,75,2001,2006-01-31,Defined,30,2006,,,2,1,"DISPLAY_NAME_UNRESOLVED",89,MEDIUM
320260,"","Claudiano",IDENTITY_FRAGMENT,Contracted,4252,807,301228,"União Bandeirante FC",807,301228,"União Bandeirante FC",False,75,2001,2006-01-31,Defined,30,2006,,,2,1,"DISPLAY_NAME_UNRESOLVED",89,MEDIUM
305646,"","Cleomar",IDENTITY_FRAGMENT,Contracted,1407,807,301228,"União Bandeirante FC",807,301228,"União Bandeirante FC",False,75,2001,2006-01-31,Defined,30,2006,,,2,1,"DISPLAY_NAME_UNRESOLVED",89,MEDIUM
305648,"","Daniel Donizetti",IDENTITY_FRAGMENT,Contracted,1409,807,301228,"União Bandeirante FC",807,301228,"União Bandeirante FC",False,369,2001,2006-01-31,Defined,30,2006,,,2,1,"DISPLAY_NAME_UNRESOLVED",89,MEDIUM
305635,"","Eduardo Anselmo",IDENTITY_FRAGMENT,Contracted,1398,807,301228,"União Bandeirante FC",807,301228,"União Bandeirante FC",False,75,2001,2006-01-31,Defined,30,2006,,,2,1,"DISPLAY_NAME_UNRESOLVED",89,MEDIUM
305638,"","João Cêsco",IDENTITY_FRAGMENT,Contracted,1401,807,301228,"União Bandeirante FC",807,301228,"União Bandeirante FC",False,75,2001,2006-01-31,Defined,30,2006,,,2,1,"DISPLAY_NAME_UNRESOLVED",89,MEDIUM
320261,"","Jossias Jozino",IDENTITY_FRAGMENT,Contracted,4253,807,301228,"União Bandeirante FC",807,301228,"União Bandeirante FC",False,75,2001,2006-01-31,Defined,30,2006,,,2,1,"DISPLAY_NAME_UNRESOLVED",89,MEDIUM
305651,"","Lima de Jesús",IDENTITY_FRAGMENT,Contracted,1411,807,301228,"União Bandeirante FC",807,301228,"União Bandeirante FC",False,75,2001,2006-01-31,Defined,30,2006,,,2,1,"DISPLAY_NAME_UNRESOLVED",89,MEDIUM
305642,"","Márcio Éberton",IDENTITY_FRAGMENT,Contracted,1404,807,301228,"União Bandeirante FC",807,301228,"União Bandeirante FC",False,165,2001,2006-01-31,Defined,30,2006,,,2,1,"DISPLAY_NAME_UNRESOLVED",89,MEDIUM
301713,"","Martins Manso",IDENTITY_FRAGMENT,Contracted,730,807,301228,"União Bandeirante FC",807,301228,"União Bandeirante FC",False,351,2001,2007-01-31,Defined,30,2007,,,1,1,"DISPLAY_NAME_UNRESOLVED",89,MEDIUM
305654,"","Nilmar Luiz",IDENTITY_FRAGMENT,Contracted,1414,807,301228,"União Bandeirante FC",807,301228,"União Bandeirante FC",False,75,2001,2005-01-31,Defined,30,2005,,,2,1,"DISPLAY_NAME_UNRESOLVED",89,MEDIUM
305637,"","Odair José",IDENTITY_FRAGMENT,Contracted,1400,807,301228,"União Bandeirante FC",807,301228,"União Bandeirante FC",False,75,2001,2006-01-31,Defined,30,2006,,,2,1,"DISPLAY_NAME_UNRESOLVED",89,MEDIUM
305653,"","Pinho Oliveira",IDENTITY_FRAGMENT,Contracted,1413,807,301228,"União Bandeirante FC",807,301228,"União Bandeirante FC",False,75,2001,2006-01-31,Defined,30,2006,,,2,1,"DISPLAY_NAME_UNRESOLVED",89,MEDIUM
305634,"","Ricardo",IDENTITY_FRAGMENT,Contracted,1397,807,301228,"União Bandeirante FC",807,301228,"União Bandeirante FC",False,171,2001,2006-01-31,Defined,30,2006,,,2,1,"DISPLAY_NAME_UNRESOLVED",89,MEDIUM
305655,"","Romiro Leandro",IDENTITY_FRAGMENT,Contracted,1415,807,301228,"União Bandeirante FC",807,301228,"União Bandeirante FC",False,159,2001,2006-01-31,Defined,30,2006,,,2,1,"DISPLAY_NAME_UNRESOLVED",89,MEDIUM
305652,"","Souza Diniz",IDENTITY_FRAGMENT,Contracted,1412,807,301228,"União Bandeirante FC",807,301228,"União Bandeirante FC",False,242,2001,2006-01-31,Defined,30,2006,,,2,1,"DISPLAY_NAME_UNRESOLVED",89,MEDIUM
745635,"","Luiz da Silva",IDENTITY_FRAGMENT,Contracted,4724,328,1493,"União Desportiva de Leiria",328,1493,"União Desportiva de Leiria",False,1500,2002,2006-06-30,Defined,180,2006,,,2,1,"DISPLAY_NAME_UNRESOLVED",89,MEDIUM
305014,"","Ivando",IDENTITY_FRAGMENT,Contracted,1292,1067,311032,"União Mogi das Cruzes FC",1067,311032,"União Mogi das Cruzes FC",False,250,2001,2008-01-31,Defined,30,2008,,,2,1,"DISPLAY_NAME_UNRESOLVED",89,MEDIUM
305662,"","Cenci",IDENTITY_FRAGMENT,Contracted,1420,782,301179,"União Rondonópolis",782,301179,"União Rondonópolis",False,526,2001,2009-01-31,Defined,30,2009,,,1,1,"DISPLAY_NAME_UNRESOLVED",89,MEDIUM
304880,"","Cléo Renato",IDENTITY_FRAGMENT,Contracted,1277,782,301179,"União Rondonópolis",782,301179,"União Rondonópolis",False,75,2001,2007-01-31,Defined,30,2007,,,1,1,"DISPLAY_NAME_UNRESOLVED",89,MEDIUM
307236,"","Gonçalves da Silva",IDENTITY_FRAGMENT,Contracted,1826,782,301179,"União Rondonópolis",782,301179,"União Rondonópolis",False,75,2001,2006-01-31,Defined,30,2006,,,2,1,"DISPLAY_NAME_UNRESOLVED",89,MEDIUM
307240,"","Mimi",IDENTITY_FRAGMENT,Contracted,1827,782,301179,"União Rondonópolis",782,301179,"União Rondonópolis",False,75,2001,2006-01-31,Defined,30,2006,,,2,1,"DISPLAY_NAME_UNRESOLVED",89,MEDIUM
316130,"","Alexandre Renato",IDENTITY_FRAGMENT,Contracted,3114,65,336,"União São João EC",65,336,"União São João EC",False,190,2001,2006-01-31,Defined,30,2006,,,2,1,"DISPLAY_NAME_UNRESOLVED",89,MEDIUM
3301519,"","Amílton",IDENTITY_FRAGMENT,Contracted,5793,65,336,"União São João EC",65,336,"União São João EC",False,406,2002,2006-01-31,Defined,30,2006,,,1,1,"DISPLAY_NAME_UNRESOLVED",89,MEDIUM
316372,"","Anderson Fabiano",IDENTITY_FRAGMENT,Contracted,3235,65,336,"União São João EC",65,336,"União São João EC",False,75,2001,2005-01-31,Defined,30,2005,,,2,1,"DISPLAY_NAME_UNRESOLVED",89,MEDIUM
311918,"","Andrade Almeida",IDENTITY_FRAGMENT,Contracted,2481,65,336,"União São João EC",65,336,"União São João EC",False,175,2004,2006-01-31,Defined,30,2006,,,2,1,"DISPLAY_NAME_UNRESOLVED",89,MEDIUM
316129,"","Antônio Félix",IDENTITY_FRAGMENT,Contracted,3113,65,336,"União São João EC",65,336,"União São João EC",False,229,2001,2006-01-31,Defined,30,2006,,,2,1,"DISPLAY_NAME_UNRESOLVED",89,MEDIUM
316188,"","Antunes Souza",IDENTITY_FRAGMENT,Contracted,3128,65,336,"União São João EC",65,336,"União São João EC",False,262,2001,2006-01-31,Defined,30,2006,,,2,1,"DISPLAY_NAME_UNRESOLVED",89,MEDIUM
316386,"","Aparecido Moreira",IDENTITY_FRAGMENT,Contracted,3249,65,336,"União São João EC",65,336,"União São João EC",False,75,2001,2006-01-31,Defined,30,2006,,,2,1,"DISPLAY_NAME_UNRESOLVED",89,MEDIUM
316139,"","Arivaldo",IDENTITY_FRAGMENT,Contracted,3120,65,336,"União São João EC",65,336,"União São João EC",False,346,2001,2006-01-31,Defined,30,2006,,,2,1,"DISPLAY_NAME_UNRESOLVED",89,MEDIUM
308962,"","Azevedo Barbosa",IDENTITY_FRAGMENT,Contracted,1964,65,336,"União São João EC",65,336,"União São João EC",False,153,2001,2006-01-31,Defined,30,2006,,,2,1,"DISPLAY_NAME_UNRESOLVED",89,MEDIUM
320589,"","Barbosa Ramalho",IDENTITY_FRAGMENT,Contracted,4342,65,336,"União São João EC",65,336,"União São João EC",False,100,2001,2007-01-31,Defined,30,2007,,,1,1,"DISPLAY_NAME_UNRESOLVED",89,MEDIUM
316383,"","Bordini",IDENTITY_FRAGMENT,Contracted,3246,65,336,"União São João EC",65,336,"União São João EC",False,262,2001,2006-01-31,Defined,30,2006,,,2,1,"DISPLAY_NAME_UNRESOLVED",89,MEDIUM
316381,"","Carvalho Garcia",IDENTITY_FRAGMENT,Contracted,3244,65,336,"União São João EC",65,336,"União São João EC",False,75,2001,2005-01-31,Defined,30,2005,,,1,1,"DISPLAY_NAME_UNRESOLVED",89,MEDIUM
316374,"","Cavalcante Manucci",IDENTITY_FRAGMENT,Contracted,3237,65,336,"União São João EC",65,336,"União São João EC",False,75,2001,2005-01-31,Defined,30,2005,,,2,1,"DISPLAY_NAME_UNRESOLVED",89,MEDIUM
302071,"","de Lima Pinto",IDENTITY_FRAGMENT,Contracted,760,65,336,"União São João EC",65,336,"União São João EC",False,363,2001,2006-01-31,Defined,30,2006,,,2,1,"DISPLAY_NAME_UNRESOLVED",89,MEDIUM
316102,"","de Oliveira Franco",IDENTITY_FRAGMENT,Contracted,3096,65,336,"União São João EC",65,336,"União São João EC",False,30,2001,2005-01-31,Defined,30,2005,,,2,1,"DISPLAY_NAME_UNRESOLVED",89,MEDIUM
3301010,"","de Paula Sabino",IDENTITY_FRAGMENT,Contracted,5574,65,336,"União São João EC",65,336,"União São João EC",False,131,2001,2006-01-31,Defined,30,2006,,,2,1,"DISPLAY_NAME_UNRESOLVED",89,MEDIUM
3301005,"","Donizete Luís",IDENTITY_FRAGMENT,Contracted,5570,65,336,"União São João EC",65,336,"União São João EC",False,423,2001,2005-01-31,Defined,30,2005,,,2,1,"DISPLAY_NAME_UNRESOLVED",89,MEDIUM
316377,"","Élio",IDENTITY_FRAGMENT,Contracted,3240,65,336,"União São João EC",65,336,"União São João EC",False,75,2001,2006-01-31,Defined,30,2006,,,2,1,"DISPLAY_NAME_UNRESOLVED",89,MEDIUM
319687,"","Francisco Alexandre Jorge",IDENTITY_FRAGMENT,Contracted,4130,65,336,"União São João EC",65,336,"União São João EC",False,396,2004,2006-01-31,Defined,30,2006,,,2,1,"DISPLAY_NAME_UNRESOLVED",89,MEDIUM
316375,"","Germinari Santamarina",IDENTITY_FRAGMENT,Contracted,3238,65,336,"União São João EC",65,336,"União São João EC",False,75,2001,2005-01-31,Defined,30,2005,,,2,1,"DISPLAY_NAME_UNRESOLVED",89,MEDIUM
308963,"","Gílson Rodrigo",IDENTITY_FRAGMENT,Contracted,1965,65,336,"União São João EC",65,336,"União São João EC",False,264,2001,2006-01-31,Defined,30,2006,,,2,1,"DISPLAY_NAME_UNRESOLVED",89,MEDIUM
316373,"","Gomes Rezende",IDENTITY_FRAGMENT,Contracted,3236,65,336,"União São João EC",65,336,"União São João EC",False,75,2001,2006-01-31,Defined,30,2006,,,2,1,"DISPLAY_NAME_UNRESOLVED",89,MEDIUM
316136,"","Gonçalves Spadacio",IDENTITY_FRAGMENT,Contracted,3118,65,336,"União São João EC",65,336,"União São João EC",False,296,2002,2007-04-01,Defined,90,2007,,,2,1,"DISPLAY_NAME_UNRESOLVED",89,MEDIUM
316181,"","Guimarães Santos",IDENTITY_FRAGMENT,Contracted,3125,65,336,"União São João EC",65,336,"União São João EC",False,90,2001,2006-01-31,Defined,30,2006,,,2,1,"DISPLAY_NAME_UNRESOLVED",89,MEDIUM
308974,"","Itamar Fernando",IDENTITY_FRAGMENT,Contracted,1972,65,336,"União São João EC",65,336,"União São João EC",False,118,2001,2006-01-31,Defined,30,2006,,,2,1,"DISPLAY_NAME_UNRESOLVED",89,MEDIUM
3300590,"","Jefferton",IDENTITY_FRAGMENT,Contracted,5392,65,336,"União São João EC",65,336,"União São João EC",False,113,2001,2006-01-31,Defined,30,2006,,,2,1,"DISPLAY_NAME_UNRESOLVED",89,MEDIUM
316379,"","John Willy",IDENTITY_FRAGMENT,Contracted,3242,65,336,"União São João EC",65,336,"União São João EC",False,75,2001,2006-01-31,Defined,30,2006,,,2,1,"DISPLAY_NAME_UNRESOLVED",89,MEDIUM
304231,"","José Arnaldo",IDENTITY_FRAGMENT,Contracted,1073,65,336,"União São João EC",65,336,"União São João EC",False,565,2001,2009-01-31,Defined,30,2009,,,1,1,"DISPLAY_NAME_UNRESOLVED",89,MEDIUM
3301011,"","Leandro Tomás",IDENTITY_FRAGMENT,Contracted,5575,65,336,"União São João EC",65,336,"União São João EC",False,239,2001,2006-01-31,Defined,30,2006,,,2,1,"DISPLAY_NAME_UNRESOLVED",89,MEDIUM
316380,"","Lédson José",IDENTITY_FRAGMENT,Contracted,3243,65,336,"União São João EC",65,336,"União São João EC",False,75,2001,2006-01-31,Defined,30,2006,,,2,1,"DISPLAY_NAME_UNRESOLVED",89,MEDIUM
308978,"","Modesto Pereira Júnior",IDENTITY_FRAGMENT,Contracted,1976,65,336,"União São João EC",65,336,"União São João EC",False,142,2001,2006-01-31,Defined,30,2006,,,2,1,"DISPLAY_NAME_UNRESOLVED",89,MEDIUM
320590,"","Nélio João",IDENTITY_FRAGMENT,Contracted,4343,65,336,"União São João EC",65,336,"União São João EC",False,100,2001,2009-01-31,Defined,30,2009,,,2,1,"DISPLAY_NAME_UNRESOLVED",89,MEDIUM
308961,"","Newton",IDENTITY_FRAGMENT,Contracted,1963,65,336,"União São João EC",65,336,"União São João EC",False,75,2001,2009-01-31,Defined,30,2009,,,2,1,"DISPLAY_NAME_UNRESOLVED",89,MEDIUM
316378,"","Paschoaletto Júnior",IDENTITY_FRAGMENT,Contracted,3241,65,336,"União São João EC",65,336,"União São João EC",False,75,2001,2006-01-31,Defined,30,2006,,,2,1,"DISPLAY_NAME_UNRESOLVED",89,MEDIUM
316093,"","Piolho",IDENTITY_FRAGMENT,Contracted,3088,65,336,"União São João EC",65,336,"União São João EC",False,88,2001,2005-01-31,Defined,30,2005,,,2,1,"DISPLAY_NAME_UNRESOLVED",89,MEDIUM
316384,"","Rafael Marcos",IDENTITY_FRAGMENT,Contracted,3247,65,336,"União São João EC",65,336,"União São João EC",False,75,2001,2006-01-31,Defined,30,2006,,,2,1,"DISPLAY_NAME_UNRESOLVED",89,MEDIUM
316385,"","Róbson Augusto",IDENTITY_FRAGMENT,Contracted,3248,65,336,"União São João EC",65,336,"União São João EC",False,75,2001,2006-01-31,Defined,30,2006,,,2,1,"DISPLAY_NAME_UNRESOLVED",89,MEDIUM
316387,"","Ronivaldo",IDENTITY_FRAGMENT,Contracted,3250,65,336,"União São João EC",65,336,"União São João EC",False,75,2001,2005-01-31,Defined,30,2005,,,2,1,"DISPLAY_NAME_UNRESOLVED",89,MEDIUM
316131,"","Santo Rosa",IDENTITY_FRAGMENT,Contracted,3115,65,336,"União São João EC",65,336,"União São João EC",False,203,2001,2005-01-31,Defined,30,2005,,,2,1,"DISPLAY_NAME_UNRESOLVED",89,MEDIUM
301835,"","Souza Rodrigues",IDENTITY_FRAGMENT,Contracted,743,65,336,"União São João EC",65,336,"União São João EC",False,376,2002,2005-01-31,Defined,30,2005,,,1,1,"DISPLAY_NAME_UNRESOLVED",89,MEDIUM
316388,"","Tales",IDENTITY_FRAGMENT,Contracted,3251,65,336,"União São João EC",65,336,"União São João EC",False,176,2003,2007-12-31,Defined,364,2007,,,2,1,"DISPLAY_NAME_UNRESOLVED",89,MEDIUM
308966,"","Tárcio Luiz",IDENTITY_FRAGMENT,Contracted,1968,65,336,"União São João EC",65,336,"União São João EC",False,308,2002,2006-01-31,Defined,30,2006,,,2,1,"DISPLAY_NAME_UNRESOLVED",89,MEDIUM
3301000,"","Thiago Henrique",IDENTITY_FRAGMENT,Contracted,5568,65,336,"União São João EC",65,336,"União São João EC",False,474,2001,2006-01-31,Defined,30,2006,,,2,1,"DISPLAY_NAME_UNRESOLVED",89,MEDIUM
3300618,"","Vitalino da Silva",IDENTITY_FRAGMENT,Contracted,5404,65,336,"União São João EC",65,336,"União São João EC",False,75,2001,2006-01-31,Defined,30,2006,,,1,1,"DISPLAY_NAME_UNRESOLVED",89,MEDIUM
316376,"","Zanon Pagotti",IDENTITY_FRAGMENT,Contracted,3239,65,336,"União São João EC",65,336,"União São João EC",False,75,2001,2005-01-31,Defined,30,2005,,,2,1,"DISPLAY_NAME_UNRESOLVED",89,MEDIUM
8629607,"","Pedro Cílio",IDENTITY_FRAGMENT,Contracted,6705,1782,7600156,"Union Sportive Madinet Bel Abbès",1782,7600156,"Union Sportive Madinet Bel Abbès",False,125,2004,2008-08-31,Defined,243,2008,,,1,1,"DISPLAY_NAME_UNRESOLVED",89,MEDIUM
310584,"","Andrade Antunes",IDENTITY_FRAGMENT,Contracted,2039,794,301202,"URT",794,301202,"URT",False,75,2001,2006-01-31,Defined,30,2006,,,1,1,"DISPLAY_NAME_UNRESOLVED",89,MEDIUM
306972,"","Gildásio",IDENTITY_FRAGMENT,Contracted,1749,794,301202,"URT",794,301202,"URT",False,250,2001,2007-01-31,Defined,30,2007,,,1,1,"DISPLAY_NAME_UNRESOLVED",89,MEDIUM
3300985,"","Fábio Aurélio",IDENTITY_FRAGMENT,Contracted,5559,400,1775,"Valencia",400,1775,"Valencia",False,16946,2000,2006-06-30,Defined,180,2006,,,2,1,"DISPLAY_NAME_UNRESOLVED",89,MEDIUM
319497,"","Arílson",IDENTITY_FRAGMENT,Contracted,4054,795,301204,"Valeriodoce EC",795,301204,"Valeriodoce EC",False,119,2001,2006-01-31,Defined,30,2006,,,2,1,"DISPLAY_NAME_UNRESOLVED",89,MEDIUM
885445,"","Jeronimo Claudemir",IDENTITY_FRAGMENT,Contracted,4856,198,960,"VFB Estugarda",198,960,"VFB Estugarda",False,15000,2003,2006-06-30,Defined,180,2006,,,2,1,"DISPLAY_NAME_UNRESOLVED",89,MEDIUM
305957,"","Aderbal Domingos",IDENTITY_FRAGMENT,Contracted,1482,583,107236,"Vila Nova (GO)",583,107236,"Vila Nova (GO)",False,668,2001,2008-01-31,Defined,30,2008,,,1,1,"DISPLAY_NAME_UNRESOLVED",89,MEDIUM
8833781,"","Agnelo",IDENTITY_FRAGMENT,Contracted,7616,583,107236,"Vila Nova (GO)",583,107236,"Vila Nova (GO)",False,103,2001,2006-01-31,Defined,30,2006,,,2,1,"DISPLAY_NAME_UNRESOLVED",89,MEDIUM
321206,"","Ala do Carmo",IDENTITY_FRAGMENT,Contracted,4448,583,107236,"Vila Nova (GO)",583,107236,"Vila Nova (GO)",False,284,2002,2005-04-12,Defined,101,2005,,,2,1,"DISPLAY_NAME_UNRESOLVED",89,MEDIUM
321207,"","Almir Carlos",IDENTITY_FRAGMENT,Contracted,4449,583,107236,"Vila Nova (GO)",583,107236,"Vila Nova (GO)",False,176,2000,2005-08-23,Defined,234,2005,,,2,1,"DISPLAY_NAME_UNRESOLVED",89,MEDIUM
303993,"","Alves Teixeira",IDENTITY_FRAGMENT,Contracted,1016,583,107236,"Vila Nova (GO)",583,107236,"Vila Nova (GO)",False,75,2001,2009-01-31,Defined,30,2009,,,2,1,"DISPLAY_NAME_UNRESOLVED",89,MEDIUM
316768,"","Andrielli Vieira",IDENTITY_FRAGMENT,Contracted,3501,583,107236,"Vila Nova (GO)",583,107236,"Vila Nova (GO)",False,411,2001,2004-12-31,Defined,365,2004,,,2,1,"DISPLAY_NAME_UNRESOLVED",89,MEDIUM
3300832,"","Auecione",IDENTITY_FRAGMENT,Contracted,5491,583,107236,"Vila Nova (GO)",583,107236,"Vila Nova (GO)",False,627,2004,2006-01-31,Defined,30,2006,,,1,1,"DISPLAY_NAME_UNRESOLVED",89,MEDIUM
321210,"","Bento Valeriano de Souza",IDENTITY_FRAGMENT,Contracted,4451,583,107236,"Vila Nova (GO)",583,107236,"Vila Nova (GO)",False,467,2001,2006-01-31,Defined,30,2006,,,2,1,"DISPLAY_NAME_UNRESOLVED",89,MEDIUM
3300281,"","Blum",IDENTITY_FRAGMENT,Contracted,5315,583,107236,"Vila Nova (GO)",583,107236,"Vila Nova (GO)",False,711,2003,2004-05-31,Defined,151,2004,,,2,1,"DISPLAY_NAME_UNRESOLVED",89,MEDIUM
307163,"","Carvalho Lemes",IDENTITY_FRAGMENT,Contracted,1821,583,107236,"Vila Nova (GO)",583,107236,"Vila Nova (GO)",False,156,2004,2006-01-31,Defined,30,2006,,,2,1,"DISPLAY_NAME_UNRESOLVED",89,MEDIUM
3301455,"","da Silva Ordálio",IDENTITY_FRAGMENT,Contracted,5769,583,107236,"Vila Nova (GO)",583,107236,"Vila Nova (GO)",False,205,2003,2005-01-31,Defined,30,2005,,,2,1,"DISPLAY_NAME_UNRESOLVED",89,MEDIUM
321212,"","da Silva Quixaba",IDENTITY_FRAGMENT,Contracted,4453,583,107236,"Vila Nova (GO)",583,107236,"Vila Nova (GO)",False,75,2001,2006-01-31,Defined,30,2006,,,2,1,"DISPLAY_NAME_UNRESOLVED",89,MEDIUM
321194,"","de Deus dos Santos",IDENTITY_FRAGMENT,Contracted,4438,583,107236,"Vila Nova (GO)",583,107236,"Vila Nova (GO)",False,85,2001,2004-12-20,Defined,354,2004,,,2,1,"DISPLAY_NAME_UNRESOLVED",89,MEDIUM
6900095,"","de Souza Adolfo Júnior",IDENTITY_FRAGMENT,Contracted,6465,583,107236,"Vila Nova (GO)",583,107236,"Vila Nova (GO)",False,543,2003,2006-01-31,Defined,30,2006,,,2,1,"DISPLAY_NAME_UNRESOLVED",89,MEDIUM
320978,"","Dhiego Roberto",IDENTITY_FRAGMENT,Contracted,4395,583,107236,"Vila Nova (GO)",583,107236,"Vila Nova (GO)",False,75,2001,2005-01-31,Defined,30,2005,,,2,1,"DISPLAY_NAME_UNRESOLVED",89,MEDIUM
321201,"","dos Reis Souza",IDENTITY_FRAGMENT,Contracted,4444,583,107236,"Vila Nova (GO)",583,107236,"Vila Nova (GO)",False,330,2001,2006-01-31,Defined,30,2006,,,2,1,"DISPLAY_NAME_UNRESOLVED",89,MEDIUM
311782,"","dos Santos Alves",IDENTITY_FRAGMENT,Contracted,2451,583,107236,"Vila Nova (GO)",583,107236,"Vila Nova (GO)",False,283,2004,2004-12-31,Defined,365,2004,,,2,1,"DISPLAY_NAME_UNRESOLVED",89,MEDIUM
304009,"","Duarte Pedroso",IDENTITY_FRAGMENT,Contracted,1024,583,107236,"Vila Nova (GO)",583,107236,"Vila Nova (GO)",False,241,2003,2006-01-31,Defined,30,2006,,,2,1,"DISPLAY_NAME_UNRESOLVED",89,MEDIUM
303988,"","Edézio",IDENTITY_FRAGMENT,Contracted,1012,583,107236,"Vila Nova (GO)",583,107236,"Vila Nova (GO)",False,100,2001,2007-01-31,Defined,30,2007,,,1,1,"DISPLAY_NAME_UNRESOLVED",89,MEDIUM
3301156,"","Édson Manoel",IDENTITY_FRAGMENT,Contracted,5632,583,107236,"Vila Nova (GO)",583,107236,"Vila Nova (GO)",False,339,2004,2005-01-31,Defined,30,2005,,,2,1,"DISPLAY_NAME_UNRESOLVED",89,MEDIUM
321204,"","Fábio Júnior",IDENTITY_FRAGMENT,Contracted,4446,583,107236,"Vila Nova (GO)",583,107236,"Vila Nova (GO)",False,213,2002,2005-12-31,Defined,364,2005,,,2,1,"DISPLAY_NAME_UNRESOLVED",89,MEDIUM
3300257,"","Ferreira Lopes",IDENTITY_FRAGMENT,Contracted,5311,583,107236,"Vila Nova (GO)",583,107236,"Vila Nova (GO)",False,420,2003,2006-01-31,Defined,30,2006,,,2,1,"DISPLAY_NAME_UNRESOLVED",89,MEDIUM
3300754,"","Gonçalves de Siqueira",IDENTITY_FRAGMENT,Contracted,5468,583,107236,"Vila Nova (GO)",583,107236,"Vila Nova (GO)",False,442,2004,2006-01-31,Defined,30,2006,,,2,1,"DISPLAY_NAME_UNRESOLVED",89,MEDIUM
3503315,"","Henrique Araújo",IDENTITY_FRAGMENT,Contracted,5852,583,107236,"Vila Nova (GO)",583,107236,"Vila Nova (GO)",False,431,2004,2004-12-31,Defined,365,2004,,,2,1,"DISPLAY_NAME_UNRESOLVED",89,MEDIUM
321196,"","Higo",IDENTITY_FRAGMENT,Contracted,4440,583,107236,"Vila Nova (GO)",583,107236,"Vila Nova (GO)",False,445,2000,2005-09-01,Defined,243,2005,,,2,1,"DISPLAY_NAME_UNRESOLVED",89,MEDIUM
7499,"","Jaques",IDENTITY_FRAGMENT,Contracted,163,583,107236,"Vila Nova (GO)",583,107236,"Vila Nova (GO)",False,551,2004,2006-01-31,Defined,30,2006,,,2,1,"DISPLAY_NAME_UNRESOLVED",89,MEDIUM
315660,"","Juliano",IDENTITY_FRAGMENT,Contracted,2890,583,107236,"Vila Nova (GO)",583,107236,"Vila Nova (GO)",False,351,2003,2006-01-31,Defined,30,2006,,,2,1,"DISPLAY_NAME_UNRESOLVED",89,MEDIUM
321208,"","Lemes da Silva",IDENTITY_FRAGMENT,Contracted,4450,583,107236,"Vila Nova (GO)",583,107236,"Vila Nova (GO)",False,163,2002,2005-04-11,Defined,100,2005,,,2,1,"DISPLAY_NAME_UNRESOLVED",89,MEDIUM
321195,"","Leonardy",IDENTITY_FRAGMENT,Contracted,4439,583,107236,"Vila Nova (GO)",583,107236,"Vila Nova (GO)",False,189,2002,2007-08-15,Defined,226,2007,,,2,1,"DISPLAY_NAME_UNRESOLVED",89,MEDIUM
3300129,"","Lopes do Nascimento",IDENTITY_FRAGMENT,Contracted,5237,583,107236,"Vila Nova (GO)",583,107236,"Vila Nova (GO)",False,317,2003,2006-01-31,Defined,30,2006,,,2,1,"DISPLAY_NAME_UNRESOLVED",89,MEDIUM
320979,"","Luiz Ricardo",IDENTITY_FRAGMENT,Contracted,4396,583,107236,"Vila Nova (GO)",583,107236,"Vila Nova (GO)",False,75,2002,2005-03-24,Defined,82,2005,,,2,1,"DISPLAY_NAME_UNRESOLVED",89,MEDIUM
321213,"","Marco Ricardo",IDENTITY_FRAGMENT,Contracted,4454,583,107236,"Vila Nova (GO)",583,107236,"Vila Nova (GO)",False,282,2001,2006-01-31,Defined,30,2006,,,2,1,"DISPLAY_NAME_UNRESOLVED",89,MEDIUM
321198,"","Marques Costa",IDENTITY_FRAGMENT,Contracted,4442,583,107236,"Vila Nova (GO)",583,107236,"Vila Nova (GO)",False,231,2000,2005-07-27,Defined,207,2005,,,2,1,"DISPLAY_NAME_UNRESOLVED",89,MEDIUM
8833782,"","Martins Soares",IDENTITY_FRAGMENT,Contracted,7617,583,107236,"Vila Nova (GO)",583,107236,"Vila Nova (GO)",False,210,2002,2007-12-18,Defined,351,2007,,,1,1,"DISPLAY_NAME_UNRESOLVED",89,MEDIUM
302284,"","Mendes da Paixão Júnior",IDENTITY_FRAGMENT,Contracted,788,583,107236,"Vila Nova (GO)",583,107236,"Vila Nova (GO)",False,840,2004,2004-12-31,Defined,365,2004,,,2,1,"DISPLAY_NAME_UNRESOLVED",89,MEDIUM
303253,"","Michael Adrian",IDENTITY_FRAGMENT,OnLoan,916,565,107201,"América FC (MG)",583,107236,"Vila Nova (GO)",True,283,2001,2006-01-31,Defined,30,2006,283,2004-12-31,2,2,"DISPLAY_NAME_UNRESOLVED",97,HIGH
321197,"","Nei Baiano",IDENTITY_FRAGMENT,Contracted,4441,583,107236,"Vila Nova (GO)",583,107236,"Vila Nova (GO)",False,199,2001,2006-01-31,Defined,30,2006,,,2,1,"DISPLAY_NAME_UNRESOLVED",89,MEDIUM
319234,"","Paulo Rafael",IDENTITY_FRAGMENT,Contracted,3994,583,107236,"Vila Nova (GO)",583,107236,"Vila Nova (GO)",False,309,2003,2008-01-05,Defined,4,2008,,,2,1,"DISPLAY_NAME_UNRESOLVED",89,MEDIUM
302405,"","Paulo Sérgio",IDENTITY_FRAGMENT,Contracted,800,583,107236,"Vila Nova (GO)",583,107236,"Vila Nova (GO)",False,175,2002,2006-01-31,Defined,30,2006,,,2,1,"DISPLAY_NAME_UNRESOLVED",89,MEDIUM
321200,"","Robert Fernando",IDENTITY_FRAGMENT,Contracted,4443,583,107236,"Vila Nova (GO)",583,107236,"Vila Nova (GO)",False,94,2001,2006-01-31,Defined,30,2006,,,2,1,"DISPLAY_NAME_UNRESOLVED",89,MEDIUM
8833784,"","Ronan Francisco",IDENTITY_FRAGMENT,Contracted,7619,583,107236,"Vila Nova (GO)",583,107236,"Vila Nova (GO)",False,171,2001,2005-01-31,Defined,30,2005,,,2,1,"DISPLAY_NAME_UNRESOLVED",89,MEDIUM
305104,"","Sales Alves dos Santos",IDENTITY_FRAGMENT,OnLoan,1307,44,314,"C Atlético Mineiro",583,107236,"Vila Nova (GO)",True,301,2000,2005-12-01,Defined,334,2005,301,2004-11-30,2,2,"DISPLAY_NAME_UNRESOLVED",97,HIGH
321211,"","Santos de Carvalho",IDENTITY_FRAGMENT,Contracted,4452,583,107236,"Vila Nova (GO)",583,107236,"Vila Nova (GO)",False,409,2001,2006-01-31,Defined,30,2006,,,2,1,"DISPLAY_NAME_UNRESOLVED",89,MEDIUM
3301048,"","Tim",IDENTITY_FRAGMENT,Contracted,5587,583,107236,"Vila Nova (GO)",583,107236,"Vila Nova (GO)",False,311,2004,2004-04-25,Defined,115,2004,,,2,1,"DISPLAY_NAME_UNRESOLVED",89,MEDIUM
321202,"","Vanderlei Roberto",IDENTITY_FRAGMENT,Contracted,4445,583,107236,"Vila Nova (GO)",583,107236,"Vila Nova (GO)",False,411,2001,2006-01-31,Defined,30,2006,,,2,1,"DISPLAY_NAME_UNRESOLVED",89,MEDIUM
321193,"","Vaz da Silva",IDENTITY_FRAGMENT,Contracted,4437,583,107236,"Vila Nova (GO)",583,107236,"Vila Nova (GO)",False,410,2000,2005-08-25,Defined,236,2005,,,2,1,"DISPLAY_NAME_UNRESOLVED",89,MEDIUM
302848,"","Wando",IDENTITY_FRAGMENT,Contracted,867,583,107236,"Vila Nova (GO)",583,107236,"Vila Nova (GO)",False,440,2001,2005-01-01,Defined,0,2005,,,2,1,"DISPLAY_NAME_UNRESOLVED",89,MEDIUM
306934,"","Faria da Silva",IDENTITY_FRAGMENT,Contracted,1733,1214,313357,"Vilavelhense FC",1214,313357,"Vilavelhense FC",False,276,2002,2005-01-31,Defined,30,2005,,,2,1,"DISPLAY_NAME_UNRESOLVED",89,MEDIUM
319292,"","Alves de Sena",IDENTITY_FRAGMENT,Contracted,4017,584,107238,"Villa Nova (MG)",584,107238,"Villa Nova (MG)",False,290,2001,2006-01-31,Defined,30,2006,,,2,1,"DISPLAY_NAME_UNRESOLVED",89,MEDIUM
319285,"","Barreto de Almeida",IDENTITY_FRAGMENT,Contracted,4011,584,107238,"Villa Nova (MG)",584,107238,"Villa Nova (MG)",False,197,2001,2006-01-31,Defined,30,2006,,,2,1,"DISPLAY_NAME_UNRESOLVED",89,MEDIUM
319291,"","Braz Marçal",IDENTITY_FRAGMENT,Contracted,4016,584,107238,"Villa Nova (MG)",584,107238,"Villa Nova (MG)",False,195,2001,2006-01-31,Defined,30,2006,,,2,1,"DISPLAY_NAME_UNRESOLVED",89,MEDIUM
3300853,"","Cláudio Célio",IDENTITY_FRAGMENT,Contracted,5501,584,107238,"Villa Nova (MG)",584,107238,"Villa Nova (MG)",False,395,2003,2006-01-31,Defined,30,2006,,,1,1,"DISPLAY_NAME_UNRESOLVED",89,MEDIUM
319286,"","Conegundes de Freitas Júnior",IDENTITY_FRAGMENT,Contracted,4012,584,107238,"Villa Nova (MG)",584,107238,"Villa Nova (MG)",False,216,2001,2006-01-31,Defined,30,2006,,,2,1,"DISPLAY_NAME_UNRESOLVED",89,MEDIUM
316505,"","Costa Saraiva",IDENTITY_FRAGMENT,Contracted,3301,584,107238,"Villa Nova (MG)",584,107238,"Villa Nova (MG)",False,390,2004,2006-01-31,Defined,30,2006,,,2,1,"DISPLAY_NAME_UNRESOLVED",89,MEDIUM
319283,"","da Mata Lopes Júnior",IDENTITY_FRAGMENT,Contracted,4009,584,107238,"Villa Nova (MG)",584,107238,"Villa Nova (MG)",False,75,2001,2008-01-31,Defined,30,2008,,,1,1,"DISPLAY_NAME_UNRESOLVED",89,MEDIUM
319280,"","de Aguiar",IDENTITY_FRAGMENT,Contracted,4007,584,107238,"Villa Nova (MG)",584,107238,"Villa Nova (MG)",False,125,2001,2008-01-31,Defined,30,2008,,,1,1,"DISPLAY_NAME_UNRESOLVED",89,MEDIUM
317659,"","de Jesús Silva",IDENTITY_FRAGMENT,Contracted,3755,584,107238,"Villa Nova (MG)",584,107238,"Villa Nova (MG)",False,497,2004,2006-01-31,Defined,30,2006,,,1,1,"DISPLAY_NAME_UNRESOLVED",89,MEDIUM
776399,"","José Maurício",IDENTITY_FRAGMENT,Contracted,4738,584,107238,"Villa Nova (MG)",584,107238,"Villa Nova (MG)",False,100,2001,2007-01-31,Defined,30,2007,,,1,1,"DISPLAY_NAME_UNRESOLVED",89,MEDIUM
675133,"","Kobayashi",IDENTITY_FRAGMENT,Contracted,4625,584,107238,"Villa Nova (MG)",584,107238,"Villa Nova (MG)",False,565,2004,2006-01-31,Defined,30,2006,,,2,1,"DISPLAY_NAME_UNRESOLVED",89,MEDIUM
3300703,"","Marcelo Bezerra",IDENTITY_FRAGMENT,Contracted,5445,584,107238,"Villa Nova (MG)",584,107238,"Villa Nova (MG)",False,281,2003,2006-01-31,Defined,30,2006,,,2,1,"DISPLAY_NAME_UNRESOLVED",89,MEDIUM
303948,"","Moreira de Freitas",IDENTITY_FRAGMENT,Contracted,1005,584,107238,"Villa Nova (MG)",584,107238,"Villa Nova (MG)",False,161,2001,2006-01-31,Defined,30,2006,,,2,1,"DISPLAY_NAME_UNRESOLVED",89,MEDIUM
306979,"","Nóbrega da Silva",IDENTITY_FRAGMENT,Contracted,1754,584,107238,"Villa Nova (MG)",584,107238,"Villa Nova (MG)",False,562,2001,2008-01-31,Defined,30,2008,,,1,1,"DISPLAY_NAME_UNRESOLVED",89,MEDIUM
3301031,"","Ozéia",IDENTITY_FRAGMENT,Contracted,5583,584,107238,"Villa Nova (MG)",584,107238,"Villa Nova (MG)",False,167,2001,2006-01-31,Defined,30,2006,,,2,1,"DISPLAY_NAME_UNRESOLVED",89,MEDIUM
319281,"","Pinheiro Neves",IDENTITY_FRAGMENT,Contracted,4008,584,107238,"Villa Nova (MG)",584,107238,"Villa Nova (MG)",False,100,2001,2008-01-31,Defined,30,2008,,,1,1,"DISPLAY_NAME_UNRESOLVED",89,MEDIUM
3300858,"","Rainê",IDENTITY_FRAGMENT,Contracted,5506,584,107238,"Villa Nova (MG)",584,107238,"Villa Nova (MG)",False,100,2001,2009-01-31,Defined,30,2009,,,1,1,"DISPLAY_NAME_UNRESOLVED",89,MEDIUM
3300124,"","Ramos Chagas",IDENTITY_FRAGMENT,Contracted,5233,584,107238,"Villa Nova (MG)",584,107238,"Villa Nova (MG)",False,386,2001,2005-01-31,Defined,30,2005,,,2,1,"DISPLAY_NAME_UNRESOLVED",89,MEDIUM
319499,"","Raniery",IDENTITY_FRAGMENT,Contracted,4056,584,107238,"Villa Nova (MG)",584,107238,"Villa Nova (MG)",False,332,2001,2006-01-31,Defined,30,2006,,,2,1,"DISPLAY_NAME_UNRESOLVED",89,MEDIUM
15189,"","Riveílson",IDENTITY_FRAGMENT,Contracted,388,584,107238,"Villa Nova (MG)",584,107238,"Villa Nova (MG)",False,808,2003,2005-01-31,Defined,30,2005,,,2,1,"DISPLAY_NAME_UNRESOLVED",89,MEDIUM
3801661,"","Vítor Carlos",IDENTITY_FRAGMENT,Contracted,5927,584,107238,"Villa Nova (MG)",584,107238,"Villa Nova (MG)",False,556,2003,2005-01-31,Defined,30,2005,,,2,1,"DISPLAY_NAME_UNRESOLVED",89,MEDIUM
304388,"","Weysler",IDENTITY_FRAGMENT,Contracted,1125,584,107238,"Villa Nova (MG)",584,107238,"Villa Nova (MG)",False,174,2003,2006-01-31,Defined,30,2006,,,1,1,"DISPLAY_NAME_UNRESOLVED",89,MEDIUM
302558,"","Senna",IDENTITY_FRAGMENT,Contracted,824,401,1777,"Villarreal",401,1777,"Villarreal",False,12819,2002,2007-06-30,Defined,180,2007,,,1,1,"DISPLAY_NAME_UNRESOLVED",89,MEDIUM
9872,"","Sonny Anderson",IDENTITY_FRAGMENT,Contracted,231,401,1777,"Villarreal",401,1777,"Villarreal",False,15000,2003,2005-06-30,Defined,180,2005,,,2,1,"DISPLAY_NAME_UNRESOLVED",89,MEDIUM
302579,"","Luiz Mário",IDENTITY_FRAGMENT,Contracted,827,329,1494,"Vitória Sport Club",329,1494,"Vitória Sport Club",False,2000,2004,2006-06-30,Defined,180,2006,,,2,1,"DISPLAY_NAME_UNRESOLVED",89,MEDIUM
303285,"","Turra",IDENTITY_FRAGMENT,Contracted,922,329,1494,"Vitória Sport Club",329,1494,"Vitória Sport Club",False,2100,2004,2006-06-30,Defined,180,2006,,,2,1,"DISPLAY_NAME_UNRESOLVED",89,MEDIUM
315498,"","Adílio",IDENTITY_FRAGMENT,Contracted,2813,585,107240,"Volta Redonda FC",585,107240,"Volta Redonda FC",False,154,2001,2006-01-31,Defined,30,2006,,,2,1,"DISPLAY_NAME_UNRESOLVED",89,MEDIUM
3300639,"","Anderson Luiz",IDENTITY_FRAGMENT,Contracted,5412,585,107240,"Volta Redonda FC",585,107240,"Volta Redonda FC",False,256,2001,2006-01-31,Defined,30,2006,,,1,1,"DISPLAY_NAME_UNRESOLVED",89,MEDIUM
315475,"","Antunes da Silva",IDENTITY_FRAGMENT,Contracted,2803,585,107240,"Volta Redonda FC",585,107240,"Volta Redonda FC",False,310,2001,2006-01-31,Defined,30,2006,,,2,1,"DISPLAY_NAME_UNRESOLVED",89,MEDIUM
315513,"","Calegari Mazella",IDENTITY_FRAGMENT,Contracted,2818,585,107240,"Volta Redonda FC",585,107240,"Volta Redonda FC",False,30,2001,2005-01-31,Defined,30,2005,,,2,1,"DISPLAY_NAME_UNRESOLVED",89,MEDIUM
315481,"","Carlos Augusto",IDENTITY_FRAGMENT,Contracted,2806,585,107240,"Volta Redonda FC",585,107240,"Volta Redonda FC",False,75,2001,2005-01-31,Defined,30,2005,,,2,1,"DISPLAY_NAME_UNRESOLVED",89,MEDIUM
315540,"","Coury Nogueira",IDENTITY_FRAGMENT,Contracted,2832,585,107240,"Volta Redonda FC",585,107240,"Volta Redonda FC",False,75,2001,2009-01-31,Defined,30,2009,,,2,1,"DISPLAY_NAME_UNRESOLVED",89,MEDIUM
315527,"","da Silva Diniz",IDENTITY_FRAGMENT,Contracted,2824,585,107240,"Volta Redonda FC",585,107240,"Volta Redonda FC",False,30,2001,2005-01-31,Defined,30,2005,,,2,1,"DISPLAY_NAME_UNRESOLVED",89,MEDIUM
315484,"","David Luiz",IDENTITY_FRAGMENT,Contracted,2808,585,107240,"Volta Redonda FC",585,107240,"Volta Redonda FC",False,75,2001,2005-01-31,Defined,30,2005,,,2,1,"DISPLAY_NAME_UNRESOLVED",89,MEDIUM
315536,"","de Almeida da Silva",IDENTITY_FRAGMENT,Contracted,2829,585,107240,"Volta Redonda FC",585,107240,"Volta Redonda FC",False,100,2001,2007-01-31,Defined,30,2007,,,1,1,"DISPLAY_NAME_UNRESOLVED",89,MEDIUM
315467,"","Diogo Orlando",IDENTITY_FRAGMENT,Contracted,2800,585,107240,"Volta Redonda FC",585,107240,"Volta Redonda FC",False,75,2001,2005-01-31,Defined,30,2005,,,2,1,"DISPLAY_NAME_UNRESOLVED",89,MEDIUM
315520,"","dos Santos Freire",IDENTITY_FRAGMENT,FormationContract,2821,585,107240,"Volta Redonda FC",585,107240,"Volta Redonda FC",False,30,2001,,NotDefined,1,1900,,,2,1,"SENTINEL_END_DATE|DISPLAY_NAME_UNRESOLVED",89,MEDIUM
315530,"","Duarte Silva",IDENTITY_FRAGMENT,Contracted,2825,585,107240,"Volta Redonda FC",585,107240,"Volta Redonda FC",False,30,2001,2005-01-31,Defined,30,2005,,,2,1,"DISPLAY_NAME_UNRESOLVED",89,MEDIUM
3300150,"","Élson Roberto",IDENTITY_FRAGMENT,OnLoan,5250,62,333,"A Portuguesa D",585,107240,"Volta Redonda FC",True,363,2000,2005-01-31,Defined,30,2005,363,2004-12-31,2,2,"DISPLAY_NAME_UNRESOLVED",97,HIGH
315464,"","Giles",IDENTITY_FRAGMENT,OnLoan,2798,1291,314291,"Confiança (PB)",585,107240,"Volta Redonda FC",True,75,2001,2006-01-31,Defined,30,2006,75,2004-12-31,2,2,"DISPLAY_NAME_UNRESOLVED",97,HIGH
8835246,"","Guerreiro",IDENTITY_FRAGMENT,OnLoan,7803,1079,311107,"Nova Iguaçu FC",585,107240,"Volta Redonda FC",True,141,2001,2006-01-31,Defined,30,2006,141,2004-12-31,2,2,"DISPLAY_NAME_UNRESOLVED",97,HIGH
315533,"","Hamílton",IDENTITY_FRAGMENT,OnLoan,2826,1498,319620,"Angra dos Reis EC",585,107240,"Volta Redonda FC",True,75,2001,2006-01-31,Defined,30,2006,75,2004-12-31,1,2,"DISPLAY_NAME_UNRESOLVED",97,HIGH
3300877,"","Humberto Mauro",IDENTITY_FRAGMENT,Contracted,5519,585,107240,"Volta Redonda FC",585,107240,"Volta Redonda FC",False,332,2003,2005-01-31,Defined,30,2005,,,1,1,"DISPLAY_NAME_UNRESOLVED",89,MEDIUM
315502,"","Jones Leandro",IDENTITY_FRAGMENT,Contracted,2816,585,107240,"Volta Redonda FC",585,107240,"Volta Redonda FC",False,75,2001,2005-01-31,Defined,30,2005,,,2,1,"DISPLAY_NAME_UNRESOLVED",89,MEDIUM
3300637,"","Jonílson Clóvis",IDENTITY_FRAGMENT,Contracted,5411,585,107240,"Volta Redonda FC",585,107240,"Volta Redonda FC",False,367,2001,2006-01-31,Defined,30,2006,,,2,1,"DISPLAY_NAME_UNRESOLVED",89,MEDIUM
315483,"","Lioncio da Silva",IDENTITY_FRAGMENT,Contracted,2807,585,107240,"Volta Redonda FC",585,107240,"Volta Redonda FC",False,75,2001,2005-01-31,Defined,30,2005,,,2,1,"DISPLAY_NAME_UNRESOLVED",89,MEDIUM
8830363,"","Lopes Domingos",IDENTITY_FRAGMENT,OnLoan,7050,533,104887,"Americano FC (RJ)",585,107240,"Volta Redonda FC",True,75,2003,2006-01-31,Defined,30,2006,75,2004-12-31,2,2,"DISPLAY_NAME_UNRESOLVED",97,HIGH
315514,"","Lopes Nobre",IDENTITY_FRAGMENT,Contracted,2819,585,107240,"Volta Redonda FC",585,107240,"Volta Redonda FC",False,30,2001,2005-01-31,Defined,30,2005,,,2,1,"DISPLAY_NAME_UNRESOLVED",89,MEDIUM
315535,"","Luís Cláudio",IDENTITY_FRAGMENT,Contracted,2828,585,107240,"Volta Redonda FC",585,107240,"Volta Redonda FC",False,125,2001,2009-01-31,Defined,30,2009,,,1,1,"DISPLAY_NAME_UNRESOLVED",89,MEDIUM
315455,"","Luiz Magno",IDENTITY_FRAGMENT,Contracted,2794,585,107240,"Volta Redonda FC",585,107240,"Volta Redonda FC",False,212,2001,2006-01-31,Defined,30,2006,,,2,1,"DISPLAY_NAME_UNRESOLVED",89,MEDIUM
315488,"","Martins Cardoso",IDENTITY_FRAGMENT,Contracted,2810,585,107240,"Volta Redonda FC",585,107240,"Volta Redonda FC",False,75,2001,2005-01-31,Defined,30,2005,,,2,1,"DISPLAY_NAME_UNRESOLVED",89,MEDIUM
8826634,"","Michel Alex",IDENTITY_FRAGMENT,Contracted,6851,585,107240,"Volta Redonda FC",585,107240,"Volta Redonda FC",False,237,2001,2006-01-31,Defined,30,2006,,,1,1,"DISPLAY_NAME_UNRESOLVED",89,MEDIUM
315478,"","Paulo Márcio",IDENTITY_FRAGMENT,Contracted,2804,585,107240,"Volta Redonda FC",585,107240,"Volta Redonda FC",False,92,2001,2006-01-31,Defined,30,2006,,,2,1,"DISPLAY_NAME_UNRESOLVED",89,MEDIUM
315474,"","Pereira Moreira",IDENTITY_FRAGMENT,Contracted,2802,585,107240,"Volta Redonda FC",585,107240,"Volta Redonda FC",False,364,2001,2006-01-31,Defined,30,2006,,,2,1,"DISPLAY_NAME_UNRESOLVED",89,MEDIUM
315525,"","Rodrigo Batista",IDENTITY_FRAGMENT,Contracted,2823,585,107240,"Volta Redonda FC",585,107240,"Volta Redonda FC",False,30,2001,2005-01-31,Defined,30,2005,,,2,1,"DISPLAY_NAME_UNRESOLVED",89,MEDIUM
315492,"","Rodrigo Franco",IDENTITY_FRAGMENT,Contracted,2811,585,107240,"Volta Redonda FC",585,107240,"Volta Redonda FC",False,75,2001,2005-01-31,Defined,30,2005,,,2,1,"DISPLAY_NAME_UNRESOLVED",89,MEDIUM
315501,"","Rodrigo Silva",IDENTITY_FRAGMENT,Contracted,2815,585,107240,"Volta Redonda FC",585,107240,"Volta Redonda FC",False,75,2001,2006-01-31,Defined,30,2006,,,2,1,"DISPLAY_NAME_UNRESOLVED",89,MEDIUM
315522,"","Romaneli Silva",IDENTITY_FRAGMENT,Contracted,2822,585,107240,"Volta Redonda FC",585,107240,"Volta Redonda FC",False,30,2001,2005-01-31,Defined,30,2005,,,2,1,"DISPLAY_NAME_UNRESOLVED",89,MEDIUM
315503,"","Rufino da Silva",IDENTITY_FRAGMENT,OnLoan,2817,1078,311105,"Mesquita FC",585,107240,"Volta Redonda FC",True,424,2001,2006-01-31,Defined,30,2006,424,2004-12-31,2,2,"DISPLAY_NAME_UNRESOLVED",97,HIGH
315518,"","Silva da Conceição",IDENTITY_FRAGMENT,Contracted,2820,585,107240,"Volta Redonda FC",585,107240,"Volta Redonda FC",False,33,2001,2005-01-31,Defined,30,2005,,,2,1,"DISPLAY_NAME_UNRESOLVED",89,MEDIUM
3301183,"","Túlio Humberto",IDENTITY_FRAGMENT,Contracted,5649,585,107240,"Volta Redonda FC",585,107240,"Volta Redonda FC",False,844,2004,2006-01-31,Defined,30,2006,,,2,1,"DISPLAY_NAME_UNRESOLVED",89,MEDIUM
8833472,"","Valério da Silva",IDENTITY_FRAGMENT,Contracted,7326,585,107240,"Volta Redonda FC",585,107240,"Volta Redonda FC",False,30,2004,2005-01-31,Defined,30,2005,,,2,1,"DISPLAY_NAME_UNRESOLVED",89,MEDIUM
315460,"","Wallace Luiz",IDENTITY_FRAGMENT,Contracted,2797,585,107240,"Volta Redonda FC",585,107240,"Volta Redonda FC",False,126,2001,2006-01-31,Defined,30,2006,,,2,1,"DISPLAY_NAME_UNRESOLVED",89,MEDIUM
3300646,"","Wilson Antônio",IDENTITY_FRAGMENT,Contracted,5413,585,107240,"Volta Redonda FC",585,107240,"Volta Redonda FC",False,378,2001,2007-01-31,Defined,30,2007,,,1,1,"DISPLAY_NAME_UNRESOLVED",89,MEDIUM
107142,"","Thome",IDENTITY_FRAGMENT,Contracted,500,144,737,"Wigan Athletic",144,737,"Wigan Athletic",False,12000,2004,2006-06-30,Defined,180,2006,,,2,1,"DISPLAY_NAME_UNRESOLVED",89,MEDIUM
3901154,"","Will Róbson Emílio",IDENTITY_FRAGMENT,Contracted,5971,606,115945,"Wuhan Huanghelou",606,115945,"Wuhan Huanghelou",False,2216,2004,2006-12-31,Defined,364,2006,,,2,1,"DISPLAY_NAME_UNRESOLVED",89,MEDIUM
306371,"","Alex Luiz",IDENTITY_FRAGMENT,Contracted,1565,538,104988,"Ypiranga (AP)",538,104988,"Ypiranga (AP)",False,75,2001,2006-01-31,Defined,30,2006,,,1,1,"DISPLAY_NAME_UNRESOLVED",89,MEDIUM
306365,"","Cairo Alexandre",IDENTITY_FRAGMENT,Contracted,1561,538,104988,"Ypiranga (AP)",538,104988,"Ypiranga (AP)",False,75,2001,2005-01-31,Defined,30,2005,,,2,1,"DISPLAY_NAME_UNRESOLVED",89,MEDIUM
306353,"","dos Santos Júnior",IDENTITY_FRAGMENT,Contracted,1555,538,104988,"Ypiranga (AP)",538,104988,"Ypiranga (AP)",False,171,2001,2006-01-31,Defined,30,2006,,,2,1,"DISPLAY_NAME_UNRESOLVED",89,MEDIUM
306352,"","Jasson",IDENTITY_FRAGMENT,Contracted,1554,538,104988,"Ypiranga (AP)",538,104988,"Ypiranga (AP)",False,250,2001,2007-01-31,Defined,30,2007,,,2,1,"DISPLAY_NAME_UNRESOLVED",89,MEDIUM
306363,"","Leonardo Joaquim",IDENTITY_FRAGMENT,Contracted,1559,538,104988,"Ypiranga (AP)",538,104988,"Ypiranga (AP)",False,141,2001,2006-01-31,Defined,30,2006,,,2,1,"DISPLAY_NAME_UNRESOLVED",89,MEDIUM
306358,"","Marclécio",IDENTITY_FRAGMENT,Contracted,1557,538,104988,"Ypiranga (AP)",538,104988,"Ypiranga (AP)",False,338,2001,2006-01-31,Defined,30,2006,,,2,1,"DISPLAY_NAME_UNRESOLVED",89,MEDIUM
306366,"","Marcos Everton",IDENTITY_FRAGMENT,Contracted,1562,538,104988,"Ypiranga (AP)",538,104988,"Ypiranga (AP)",False,249,2001,2006-01-31,Defined,30,2006,,,2,1,"DISPLAY_NAME_UNRESOLVED",89,MEDIUM
311778,"","Valdemir",IDENTITY_FRAGMENT,Contracted,2448,538,104988,"Ypiranga (AP)",538,104988,"Ypiranga (AP)",False,735,2001,2006-01-31,Defined,30,2006,,,2,1,"DISPLAY_NAME_UNRESOLVED",89,MEDIUM
